nama produk,brand produk,harga produk,link gambar,diskon
Puma Speedcat Ballet Lace Frosted Ivory Ruby Shimmer (Women’s),Puma," IDR 1,770,000",https://cdn-old.kickavenue.com/eyJidWNrZXQiOiJraWNrYXZlbnVlLWFzc2V0cyIsImtleSI6InByb2R1Y3RzLzE1MjI0NC9hNDY5Yjc0MmE2NTI4YjExZTdkNTMwYjE2OWFmMTZmMC5wbmciLCJlZGl0cyI6eyJyZXNpemUiOnsid2lkdGgiOjQwMH19fQ==,
Nike P-6000 White Elemental Pink Metallic Silver (Women's),Nike," IDR 1,300,000",https://cdn-old.kickavenue.com/eyJidWNrZXQiOiJraWNrYXZlbnVlLWFzc2V0cyIsImtleSI6InByb2R1Y3RzLzEzNTcxNy8zZWQ5ZTViMGY3NjRhODVmOGY0NDVhNmJhYTQ4Njk5Yy5wbmciLCJlZGl0cyI6eyJyZXNpemUiOnsid2lkdGgiOjQwMH19fQ==," IDR 1,729,000"
Puma Speedcat Ballet Lace Ruby Shimmer Frosted Ivory (Women's),Puma," IDR 1,800,000",https://cdn-old.kickavenue.com/eyJidWNrZXQiOiJraWNrYXZlbnVlLWFzc2V0cyIsImtleSI6InByb2R1Y3RzLzE1MjI0My85ZWM2ODBhYmVkMzdmNDAwZTA5M2FjMGQ2MjQ1ZGVmZC5wbmciLCJlZGl0cyI6eyJyZXNpemUiOnsid2lkdGgiOjQwMH19fQ==,
Puma Speedcat Ballet Black Mauve Mist (Women's),Puma," IDR 1,250,000",https://cdn-old.kickavenue.com/eyJidWNrZXQiOiJraWNrYXZlbnVlLWFzc2V0cyIsImtleSI6InByb2R1Y3RzLzEyMzc0NS85MjViMDUyNWRlYzE2MjcxNGViN2Y0ZTBlMTE3NDhkNi5wbmciLCJlZGl0cyI6eyJyZXNpemUiOnsid2lkdGgiOjQwMH19fQ==," IDR 1,320,000"
Puma Speedcat Ballet Lace Silver (Women's),Puma," IDR 1,640,000",https://cdn-old.kickavenue.com/eyJidWNrZXQiOiJraWNrYXZlbnVlLWFzc2V0cyIsImtleSI6InByb2R1Y3RzLzE1MTY1MS9lOGQ0Y2FmMDViMjhjYjk3OTNlMGNhN2RiMjU0ZjJkMS5wbmciLCJlZGl0cyI6eyJyZXNpemUiOnsid2lkdGgiOjQwMH19fQ==,
Puma Speedcat Ballet Silver (Women's),Puma," IDR 1,100,000",https://cdn-old.kickavenue.com/eyJidWNrZXQiOiJraWNrYXZlbnVlLWFzc2V0cyIsImtleSI6InByb2R1Y3RzLzEyMzc0Ny9lNmM0OThmNDEzZGZmMzFiMTE0MWEwZWM0NTRiZjAwYS5wbmciLCJlZGl0cyI6eyJyZXNpemUiOnsid2lkdGgiOjQwMH19fQ==," IDR 1,299,000"
Puma Speedcat Ballet Dark Chocolate (Women's),Puma," IDR 1,260,000",https://cdn-old.kickavenue.com/eyJidWNrZXQiOiJraWNrYXZlbnVlLWFzc2V0cyIsImtleSI6InByb2R1Y3RzLzE0Mjk3My9jZjYxMGE4NWRjN2RiNTA5ZGI1YjU1YmMzOGNmOWJlZS5wbmciLCJlZGl0cyI6eyJyZXNpemUiOnsid2lkdGgiOjQwMH19fQ==,
Puma Speedcat Ballet Lace Black (Women's),Puma," IDR 1,530,000",https://cdn-old.kickavenue.com/eyJidWNrZXQiOiJraWNrYXZlbnVlLWFzc2V0cyIsImtleSI6InByb2R1Y3RzLzE1MTY5Mi83NWRiM2RiOTA5MTg0NDA2ZmEzYWEzNGViMmJjNTEyNi5wbmciLCJlZGl0cyI6eyJyZXNpemUiOnsid2lkdGgiOjQwMH19fQ==,
Adidas Samba Jane Preloved Brown (Women's),Adidas," IDR 1,810,000",https://cdn-old.kickavenue.com/eyJidWNrZXQiOiJraWNrYXZlbnVlLWFzc2V0cyIsImtleSI6InByb2R1Y3RzLzE1NTkwOS80MzZkMzY5YWU2ZjRkMjEwOWRhYWNkMmFhNjZlMzM4Mi5wbmciLCJlZGl0cyI6eyJyZXNpemUiOnsid2lkdGgiOjQwMH19fQ==,
Nike Dunk Low Cacao Wow (Women's),Nike," IDR 1,100,000",https://cdn-old.kickavenue.com/eyJidWNrZXQiOiJraWNrYXZlbnVlLWFzc2V0cyIsImtleSI6InByb2R1Y3RzLzYzMjgzL2MzYjZhODdkMzJjYzhlMzNlZWQ3NTMwMTI5ZjRmYWZiLnBuZyIsImVkaXRzIjp7InJlc2l6ZSI6eyJ3aWR0aCI6NDAwfX19," IDR 1,650,000"
Air Jordan 1 Low Wolf Grey (Women's),Air Jordan," IDR 860,000",https://cdn-old.kickavenue.com/eyJidWNrZXQiOiJraWNrYXZlbnVlLWFzc2V0cyIsImtleSI6InByb2R1Y3RzLzI0MDAwL2ZmZGM2ODhiNWE1ZTU2ZTAyYTkxZjdmYmVjZWIwYzg3LnBuZyIsImVkaXRzIjp7InJlc2l6ZSI6eyJ3aWR0aCI6NDAwfX19," IDR 2,970,000"
Adidas Samba Jane Cloud White Pink (Women's),Adidas," IDR 1,960,000",https://cdn-old.kickavenue.com/eyJidWNrZXQiOiJraWNrYXZlbnVlLWFzc2V0cyIsImtleSI6InByb2R1Y3RzLzEzMjkzOS83ZWU2YmZhNzE0MDQwYjc5MzA1MTQzZGM2YzgxZmIyOS5wbmciLCJlZGl0cyI6eyJyZXNpemUiOnsid2lkdGgiOjQwMH19fQ==,
Nike P-6000 White Metallic Silver Tattoo (Women's),Nike," IDR 1,530,000",https://cdn-old.kickavenue.com/eyJidWNrZXQiOiJraWNrYXZlbnVlLWFzc2V0cyIsImtleSI6InByb2R1Y3RzLzE1MTk5NS9jN2M1NWExZjg1MWNjM2RhMTIzNmNmMDIwZmMwNzIwMS5wbmciLCJlZGl0cyI6eyJyZXNpemUiOnsid2lkdGgiOjQwMH19fQ==," IDR 1,897,500"
Puma Speedcat Ballet Venus Jasmine Flower Warm White (Women's),Puma," IDR 1,540,000",https://cdn-old.kickavenue.com/eyJidWNrZXQiOiJraWNrYXZlbnVlLWFzc2V0cyIsImtleSI6InByb2R1Y3RzLzE1NTMxMS8zMjg4OGFmYjkzMTMwY2IwNzY4NTc2NzI2OTAxYWUyZS5wbmciLCJlZGl0cyI6eyJyZXNpemUiOnsid2lkdGgiOjQwMH19fQ==,
Nike P-6000 Silver Burgundy Plum Chalk (Women's),Nike," IDR 1,700,000",https://cdn-old.kickavenue.com/eyJidWNrZXQiOiJraWNrYXZlbnVlLWFzc2V0cyIsImtleSI6InByb2R1Y3RzLzE1MzQyMy85OGQ4MjEyZTQ4YjNjMzkyNTQ0M2VkMmVjMmI5YmE2ZC5wbmciLCJlZGl0cyI6eyJyZXNpemUiOnsid2lkdGgiOjQwMH19fQ==," IDR 1,815,000"
Puma Speedcat Ballet Lux Chocolate Gum (Women's),Puma," IDR 2,200,000",https://cdn-old.kickavenue.com/eyJidWNrZXQiOiJraWNrYXZlbnVlLWFzc2V0cyIsImtleSI6InByb2R1Y3RzLzE0Njk0NC9kMjhjZGVkZGU5Y2ViNzExYzZhNmZhMGVjNGZmMWU3MS5wbmciLCJlZGl0cyI6eyJyZXNpemUiOnsid2lkdGgiOjQwMH19fQ==,
Nike P-6000 Sail Light Bone Cream (Women's),Nike," IDR 1,750,000",https://cdn-old.kickavenue.com/eyJidWNrZXQiOiJraWNrYXZlbnVlLWFzc2V0cyIsImtleSI6InByb2R1Y3RzLzE0Mjk5MC84Y2M4MDJkMTRiMmYzZGI0MWU2YTlhZDljZTY2MzZjYi5wbmciLCJlZGl0cyI6eyJyZXNpemUiOnsid2lkdGgiOjQwMH19fQ==," IDR 2,062,500"
Puma Speedcat Ballet The Powerpuff Girls Silver Blue Wash (Women's),Puma," IDR 2,130,000",https://cdn-old.kickavenue.com/eyJidWNrZXQiOiJraWNrYXZlbnVlLWFzc2V0cyIsImtleSI6InByb2R1Y3RzLzE1NjUxNS9mZGFjYzk1MmEwZWM3NDQ4M2JiOTU3ZTA5MGZiMzFkOC5wbmciLCJlZGl0cyI6eyJyZXNpemUiOnsid2lkdGgiOjQwMH19fQ==,
Nike Moon Shoe SP Jacquemus Aluminum Pink (Women's),Nike," IDR 6,260,000",https://cdn-old.kickavenue.com/eyJidWNrZXQiOiJraWNrYXZlbnVlLWFzc2V0cyIsImtleSI6InByb2R1Y3RzLzE1NDY1Ny9mMGU1OGIyZDlkZWRkOWI3YzBjNjQ2ODY4M2RkYmI1MC5wbmciLCJlZGl0cyI6eyJyZXNpemUiOnsid2lkdGgiOjQwMH19fQ==,
Puma Speedcat Ballet Rosé White (Women's),Puma," IDR 1,150,000",https://cdn-old.kickavenue.com/eyJidWNrZXQiOiJraWNrYXZlbnVlLWFzc2V0cyIsImtleSI6InByb2R1Y3RzLzE0MDcwMS9lNDVmMTgxNjQ1ZDkzMTVjNDg3ZjMwOTMxMTYwNTY2NC5wbmciLCJlZGl0cyI6eyJyZXNpemUiOnsid2lkdGgiOjQwMH19fQ==," IDR 1,485,000"
Nike P-6000 Grey Fog Metallic Cool Grey (Women's),Nike," IDR 2,990,000",https://cdn-old.kickavenue.com/eyJidWNrZXQiOiJraWNrYXZlbnVlLWFzc2V0cyIsImtleSI6InByb2R1Y3RzLzE1NjI1MS85NTg4NmFiNGM1NzRmMTRmODA0MjU3MzM5YjAwYTVkNy5wbmciLCJlZGl0cyI6eyJyZXNpemUiOnsid2lkdGgiOjQwMH19fQ==,
Adidas Samba OG Cream White Sand Strata (Women's),Adidas," IDR 1,000,000",https://cdn-old.kickavenue.com/eyJidWNrZXQiOiJraWNrYXZlbnVlLWFzc2V0cyIsImtleSI6InByb2R1Y3RzLzk2Nzk2LzE4MmIyMzdhNjk5ODQyZmU0NTFmYjFmNjhlZWRmZmQzLnBuZyIsImVkaXRzIjp7InJlc2l6ZSI6eyJ3aWR0aCI6NDAwfX19,
Nike P-6000 White Silt Red Peony (Women's),Nike," IDR 1,500,000",https://cdn-old.kickavenue.com/eyJidWNrZXQiOiJraWNrYXZlbnVlLWFzc2V0cyIsImtleSI6InByb2R1Y3RzLzE1NDY1MC8wODQ4NmU5NjAzNjA3MTgxOGE1MGZiOGNlZWI4NDBjNS5wbmciLCJlZGl0cyI6eyJyZXNpemUiOnsid2lkdGgiOjQwMH19fQ==,
Nike P-6000 Silt Red Burgundy Crush (Women's),Nike," IDR 1,740,000",https://cdn-old.kickavenue.com/eyJidWNrZXQiOiJraWNrYXZlbnVlLWFzc2V0cyIsImtleSI6InByb2R1Y3RzLzE1MjkwOC9kYmFmMzY3NGMyMjNjODA2MTk0MDVmOWNmNTNmMDg0ZS5wbmciLCJlZGl0cyI6eyJyZXNpemUiOnsid2lkdGgiOjQwMH19fQ==," IDR 2,062,500"
Nike P-6000 White Blue Tint Sail Metallic Silver (Women's),Nike," IDR 1,650,000",https://cdn-old.kickavenue.com/eyJidWNrZXQiOiJraWNrYXZlbnVlLWFzc2V0cyIsImtleSI6InByb2R1Y3RzLzE0NTIxNy8wMzQzNjZmMjA3NDgwM2Y0OTA0NTgzYTlkZjhhOWVjNy5wbmciLCJlZGl0cyI6eyJyZXNpemUiOnsid2lkdGgiOjQwMH19fQ==,
Adidas Samba Jane Core Black Crystal Sand (Women's),Adidas," IDR 1,780,000",https://cdn-old.kickavenue.com/eyJidWNrZXQiOiJraWNrYXZlbnVlLWFzc2V0cyIsImtleSI6InByb2R1Y3RzLzE1NTkxMC9jOTQwMzUyYzQ4ZTFlNzM5NzE5MTJmOWUyOTdlNTQxZC5wbmciLCJlZGl0cyI6eyJyZXNpemUiOnsid2lkdGgiOjQwMH19fQ==,
Adidas Handball Spezial Wonder Mauve Alumina (Women's),Adidas," IDR 1,440,000",https://cdn-old.kickavenue.com/eyJidWNrZXQiOiJraWNrYXZlbnVlLWFzc2V0cyIsImtleSI6InByb2R1Y3RzLzE0NDI3Ny8wMjlhOWIxMTZhNDA4ZjBkMDczZDEzM2NkZjE2YmQxMi5wbmciLCJlZGl0cyI6eyJyZXNpemUiOnsid2lkdGgiOjQwMH19fQ==," IDR 1,650,000"
ASICS Gel-Kayano 14 White Midnight (Women's),ASICS," IDR 2,750,000",https://cdn-old.kickavenue.com/eyJidWNrZXQiOiJraWNrYXZlbnVlLWFzc2V0cyIsImtleSI6InByb2R1Y3RzLzYxMDUyL2FjOGRkYWRkN2Y4N2NjZTI3M2MyMTNmNDQ3YjBmNzQ3LmpwZWciLCJlZGl0cyI6eyJyZXNpemUiOnsid2lkdGgiOjQwMH19fQ==," IDR 2,970,000"
Puma Speedcat Ballet Venus Gray Sky (Women's),Puma," IDR 1,630,000",https://cdn-old.kickavenue.com/eyJidWNrZXQiOiJraWNrYXZlbnVlLWFzc2V0cyIsImtleSI6InByb2R1Y3RzLzE1NDA2Mi8wNzE3NjZjMDJjYmI0YjA3Mjc5OTFjZDAyZmNjNDliNC5wbmciLCJlZGl0cyI6eyJyZXNpemUiOnsid2lkdGgiOjQwMH19fQ==," IDR 1,650,000"
Adidas Samba Jane Maroon Cream White Gold Metallic (Women's),Adidas," IDR 1,950,000",https://cdn-old.kickavenue.com/eyJidWNrZXQiOiJraWNrYXZlbnVlLWFzc2V0cyIsImtleSI6InByb2R1Y3RzLzE1NDM0Ni8xNmQzNDc3ZTM0MzA3ZTFjYTJhNjM1Nzk5MDlkYWMyNy5wbmciLCJlZGl0cyI6eyJyZXNpemUiOnsid2lkdGgiOjQwMH19fQ==,
Nike Air Force 1 '07 White (Women's),Nike," IDR 650,000",https://cdn-old.kickavenue.com/eyJidWNrZXQiOiJraWNrYXZlbnVlLWFzc2V0cyIsImtleSI6InByb2R1Y3RzLzE2ODgyLzQ1ODlhZjkwZDg4YzgzOTUzNWVhYWE3NTQ2Y2U5NmI2LnBuZyIsImVkaXRzIjp7InJlc2l6ZSI6eyJ3aWR0aCI6NDAwfX19," IDR 1,485,000"
Puma Speedcat Ballet For All Time Red (Women's),Puma," IDR 1,060,000",https://cdn-old.kickavenue.com/eyJidWNrZXQiOiJraWNrYXZlbnVlLWFzc2V0cyIsImtleSI6InByb2R1Y3RzLzEzMTU0OS8zMWNlY2E0MzVhZmI1ZjRiMWIzNTk0MGUyNTAyYzdhNi5wbmciLCJlZGl0cyI6eyJyZXNpemUiOnsid2lkdGgiOjQwMH19fQ==,
Nike Dunk Low Next Nature White Mint (Women's),Nike," IDR 940,000",https://cdn-old.kickavenue.com/eyJidWNrZXQiOiJraWNrYXZlbnVlLWFzc2V0cyIsImtleSI6InByb2R1Y3RzLzMyNjI1LzIzNTM1ZWU0MzNkMDcwNGJkOWE2MGIzYmQ0YzgwMDRjLnBuZyIsImVkaXRzIjp7InJlc2l6ZSI6eyJ3aWR0aCI6NDAwfX19," IDR 1,549,000"
Nike P-6000 Platinum Violet Vast Grey (Women's),Nike," IDR 1,490,000",https://cdn-old.kickavenue.com/eyJidWNrZXQiOiJraWNrYXZlbnVlLWFzc2V0cyIsImtleSI6InByb2R1Y3RzLzEyNjEyNS8yYTU2NGJjODU1N2ZkZTFkYTU0NDM5OTNmMWI1OWIxYS5wbmciLCJlZGl0cyI6eyJyZXNpemUiOnsid2lkdGgiOjQwMH19fQ==,
Vans Premium Mary Jane Lowpro Jet Set Black (Women's),Vans," IDR 730,000",https://cdn-old.kickavenue.com/eyJidWNrZXQiOiJraWNrYXZlbnVlLWFzc2V0cyIsImtleSI6InByb2R1Y3RzLzE1MjY3MS81NjhjMmQyYjk3NzNjZWRiOTgwYzJhNjE2YmEzMGViNC5wbmciLCJlZGl0cyI6eyJyZXNpemUiOnsid2lkdGgiOjQwMH19fQ==,
Adidas Handball Spezial Green Pink Velvet (Women's),Adidas," IDR 1,460,000",https://cdn-old.kickavenue.com/eyJidWNrZXQiOiJraWNrYXZlbnVlLWFzc2V0cyIsImtleSI6InByb2R1Y3RzLzExODUzOS9jMTM1MGY4MjgxNDk5ZDk5OGU0ZDFhN2U5NTI1NTBiOS5wbmciLCJlZGl0cyI6eyJyZXNpemUiOnsid2lkdGgiOjQwMH19fQ==,
Puma Speedcat Premium Rosé Black (Women's),Puma," IDR 3,630,000",https://cdn-old.kickavenue.com/eyJidWNrZXQiOiJraWNrYXZlbnVlLWFzc2V0cyIsImtleSI6InByb2R1Y3RzLzE0MDczMC9mOWJiOTgyOGVlMWZjOWU4MmVlODM2MDIwNTQ3YjQ3NS5wbmciLCJlZGl0cyI6eyJyZXNpemUiOnsid2lkdGgiOjQwMH19fQ==,
Adidas Samba OG White Wonder Mauve (Women's),Adidas," IDR 1,020,000",https://cdn-old.kickavenue.com/eyJidWNrZXQiOiJraWNrYXZlbnVlLWFzc2V0cyIsImtleSI6InByb2R1Y3RzLzEzMjQzMi8xODk3OWJjYThmNmZiNWI1OWQ0ZWJmZjIxZjkxODRjMC5wbmciLCJlZGl0cyI6eyJyZXNpemUiOnsid2lkdGgiOjQwMH19fQ==,
Adidas Samba OG Leopard Preloved Red (Women's),Adidas," IDR 1,650,000",https://cdn-old.kickavenue.com/eyJidWNrZXQiOiJraWNrYXZlbnVlLWFzc2V0cyIsImtleSI6InByb2R1Y3RzLzEyMTcxMC8zZTJiNzgwOGUyY2UwNDcxMTU5OTlkYWQ2YmViMDIwYi5wbmciLCJlZGl0cyI6eyJyZXNpemUiOnsid2lkdGgiOjQwMH19fQ==,
Adidas Samba OG Maroon Off White Gum (Women's),Adidas," IDR 1,730,000",https://cdn-old.kickavenue.com/eyJidWNrZXQiOiJraWNrYXZlbnVlLWFzc2V0cyIsImtleSI6InByb2R1Y3RzLzE1MDQ3NS9mZWYzNGM2YTE5ZGYxZjVkODg4MjI1ZTBjNTQzZTY2Yy5wbmciLCJlZGl0cyI6eyJyZXNpemUiOnsid2lkdGgiOjQwMH19fQ==,
Adidas Samba Jane White Black Gum (Women's),Adidas," IDR 1,350,000",https://cdn-old.kickavenue.com/eyJidWNrZXQiOiJraWNrYXZlbnVlLWFzc2V0cyIsImtleSI6InByb2R1Y3RzLzEzMjkzNi9lYmU4MzQ0Yjk5YmRhMWQ3ZDEwMWRmNzM0YzlhMjdiZC5wbmciLCJlZGl0cyI6eyJyZXNpemUiOnsid2lkdGgiOjQwMH19fQ==,
Puma Speedcat Lovelace Ballet Rosy Outlook (Women's),Puma," IDR 1,550,000",https://cdn-old.kickavenue.com/eyJidWNrZXQiOiJraWNrYXZlbnVlLWFzc2V0cyIsImtleSI6InByb2R1Y3RzLzE1NTkxNC9hNTgzY2I5ZmVkMjcyODk1ZDU5ZTcyMjA1Zjc5MzUwOC5wbmciLCJlZGl0cyI6eyJyZXNpemUiOnsid2lkdGgiOjQwMH19fQ==,
Nike Vomero Premium Barely Green (Women's),Nike," IDR 5,900,000",https://cdn-old.kickavenue.com/eyJidWNrZXQiOiJraWNrYXZlbnVlLWFzc2V0cyIsImtleSI6InByb2R1Y3RzLzE1NjM4Ni83YmE0M2M2NWRjYjU2OTgwYmM1MTAzZmJhZjgxOTNhMy5wbmciLCJlZGl0cyI6eyJyZXNpemUiOnsid2lkdGgiOjQwMH19fQ==,
Adidas Adizero Evo SL White Black (Women's),Adidas," IDR 1,680,000",https://cdn-old.kickavenue.com/eyJidWNrZXQiOiJraWNrYXZlbnVlLWFzc2V0cyIsImtleSI6InByb2R1Y3RzLzEzMjU0NS9lY2FkNzk2YjAyZWE3YzQxMTIyMzg0ZjZiOGQwMzkyZi5wbmciLCJlZGl0cyI6eyJyZXNpemUiOnsid2lkdGgiOjQwMH19fQ==," IDR 2,500,000"
Nike Moon Shoe SP Jacquemus Fauna Brown (Women's),Nike," IDR 6,210,000",https://cdn-old.kickavenue.com/eyJidWNrZXQiOiJraWNrYXZlbnVlLWFzc2V0cyIsImtleSI6InByb2R1Y3RzLzE1NDY1OC80YzAxZjc2MDBhYTM0ZjRmMWJlODg5OTVlM2I5Nzc2Ny5wbmciLCJlZGl0cyI6eyJyZXNpemUiOnsid2lkdGgiOjQwMH19fQ==,
Adidas Samba LT Black White Gum (Women's),Adidas," IDR 1,330,000",https://cdn-old.kickavenue.com/eyJidWNrZXQiOiJraWNrYXZlbnVlLWFzc2V0cyIsImtleSI6InByb2R1Y3RzLzExMjM3NS9kNDg2MTk1ODc5OWIxZDNlZDJiMmE4YTcyYjYzNzcyMC5wbmciLCJlZGl0cyI6eyJyZXNpemUiOnsid2lkdGgiOjQwMH19fQ==,
Puma Speedcat Ballet Whisp of Pink (Women's),Puma," IDR 1,210,000",https://cdn-old.kickavenue.com/eyJidWNrZXQiOiJraWNrYXZlbnVlLWFzc2V0cyIsImtleSI6InByb2R1Y3RzLzEyODAwOC8zZGM4OTk2Njg0YmE0ODA1MzE4ZDhjNWJjMDU3MjJiNC5wbmciLCJlZGl0cyI6eyJyZXNpemUiOnsid2lkdGgiOjQwMH19fQ==," IDR 1,299,000"
Adidas Samba Jane Sandy Pink Cream White Gum (Women's),Adidas," IDR 1,600,000",https://cdn-old.kickavenue.com/eyJidWNrZXQiOiJraWNrYXZlbnVlLWFzc2V0cyIsImtleSI6InByb2R1Y3RzLzE1NTkxMS84OGY5YzkzYmZlNjA1ZWYyZjczYjU1M2FkZDZhNGYyNy5wbmciLCJlZGl0cyI6eyJyZXNpemUiOnsid2lkdGgiOjQwMH19fQ==,
Nike Vomero Plus White Dark Hazel Sanddrift Gold (Women's),Nike," IDR 1,300,000",https://cdn-old.kickavenue.com/eyJidWNrZXQiOiJraWNrYXZlbnVlLWFzc2V0cyIsImtleSI6InByb2R1Y3RzLzE1MjAxOC9hNjE4MmJiMDFhY2NjNDhmY2ZmZTQ3NDM1NzFjNjg1MC5wbmciLCJlZGl0cyI6eyJyZXNpemUiOnsid2lkdGgiOjQwMH19fQ==," IDR 3,135,000"
Adidas Samba Jane Crystal Sky Cream White (Women's),Adidas," IDR 1,700,000",https://cdn-old.kickavenue.com/eyJidWNrZXQiOiJraWNrYXZlbnVlLWFzc2V0cyIsImtleSI6InByb2R1Y3RzLzE1NjcyOC8xMzZhZWE2MzBhMjZmMWVkYzJjMTI4MDUxOWFjOTkyOC5wbmciLCJlZGl0cyI6eyJyZXNpemUiOnsid2lkdGgiOjQwMH19fQ==," IDR 1,815,000"
Air Jordan 1 Low Panda (2023) (Women's),Air Jordan," IDR 1,320,000",https://cdn-old.kickavenue.com/eyJidWNrZXQiOiJraWNrYXZlbnVlLWFzc2V0cyIsImtleSI6InByb2R1Y3RzLzU4NDI0LzEyMTgyYzU1NzNiZDY1YjA0OTYzYTllMTkyNGQ2ZWI3LnBuZyIsImVkaXRzIjp7InJlc2l6ZSI6eyJ3aWR0aCI6NDAwfX19," IDR 1,815,000"
Nike Dunk Low Gorge Green Navy (Women's),Nike," IDR 1,180,000",https://cdn-old.kickavenue.com/eyJidWNrZXQiOiJraWNrYXZlbnVlLWFzc2V0cyIsImtleSI6InByb2R1Y3RzLzQxMTQ4L2Q5N2M0YzgyM2Q4ODQ1ZDE3NzkyOGU2NzBiNThmMjUxLnBuZyIsImVkaXRzIjp7InJlc2l6ZSI6eyJ3aWR0aCI6NDAwfX19," IDR 1,549,000"
Nike Moon Shoe SP Jacquemus Soft Pearl (Women's),Nike," IDR 6,480,000",https://cdn-old.kickavenue.com/eyJidWNrZXQiOiJraWNrYXZlbnVlLWFzc2V0cyIsImtleSI6InByb2R1Y3RzLzE1NDY1Ni8xMWNhZjA3OWQxMDFmYzAwZjIwZWI4OWQ2NzNhM2Y2Yi5wbmciLCJlZGl0cyI6eyJyZXNpemUiOnsid2lkdGgiOjQwMH19fQ==,
Puma Speedcat Ballet Glossy Black (Women's),Puma," IDR 1,820,000",https://cdn-old.kickavenue.com/eyJidWNrZXQiOiJraWNrYXZlbnVlLWFzc2V0cyIsImtleSI6InByb2R1Y3RzLzEzNDA0MC9jNDcxYWZjYmY4ZGY0OGJjMTg4Y2M0MWRiNDc3ZWQ2OS5wbmciLCJlZGl0cyI6eyJyZXNpemUiOnsid2lkdGgiOjQwMH19fQ==,
Nike Shox TL Off Noir Phantom (Women's),Nike," IDR 1,550,000",https://cdn-old.kickavenue.com/eyJidWNrZXQiOiJraWNrYXZlbnVlLWFzc2V0cyIsImtleSI6InByb2R1Y3RzLzE0MDE5OC85ZTA5NTdiZmNlNTc1M2U2OGIyN2VlYTQyMzAyZjFlMS5wbmciLCJlZGl0cyI6eyJyZXNpemUiOnsid2lkdGgiOjQwMH19fQ==,
New Balance 574 Rose Sugar (Women's),New Balance," IDR 700,000",https://cdn-old.kickavenue.com/eyJidWNrZXQiOiJraWNrYXZlbnVlLWFzc2V0cyIsImtleSI6InByb2R1Y3RzLzE0MDE2OC84M2QzNjllMDkwNTFjYWEyZTRhMzhhOWY4ODlmYTliYi5wbmciLCJlZGl0cyI6eyJyZXNpemUiOnsid2lkdGgiOjQwMH19fQ==,
Onitsuka Tiger Mexico 66 TGRS Black Cream (Women's),Onitsuka Tiger," IDR 3,120,000",https://cdn-old.kickavenue.com/eyJidWNrZXQiOiJraWNrYXZlbnVlLWFzc2V0cyIsImtleSI6InByb2R1Y3RzLzEyOTE4MS9mMTE3YzgxNjk0ODg5MzI3NDU0ODk2YzFkNzAzNzExZC5wbmciLCJlZGl0cyI6eyJyZXNpemUiOnsid2lkdGgiOjQwMH19fQ==,
Adidas Samba Patent Snakeskin Black Off White (Women's),Adidas," IDR 2,360,000",https://cdn-old.kickavenue.com/eyJidWNrZXQiOiJraWNrYXZlbnVlLWFzc2V0cyIsImtleSI6InByb2R1Y3RzLzE1MzYxNy9hOWZmZGI4MWU4NjlmMjBhMGE2Njc3OTBlZGU1MGI1Yi5wbmciLCJlZGl0cyI6eyJyZXNpemUiOnsid2lkdGgiOjQwMH19fQ==,
Nike Dunk Low Blue Paisley (Women's),Nike," IDR 1,200,000",https://cdn-old.kickavenue.com/eyJidWNrZXQiOiJraWNrYXZlbnVlLWFzc2V0cyIsImtleSI6InByb2R1Y3RzLzI4NjQxLzNlN2QwNTI3MjAzMzNmOTdlODgxMzAxMDhhZWFkNmJkLnBuZyIsImVkaXRzIjp7InJlc2l6ZSI6eyJ3aWR0aCI6NDAwfX19," IDR 1,549,000"
Adidas Handball Spezial Clear Pink Arctic Night (Women's),Adidas," IDR 1,250,000",https://cdn-old.kickavenue.com/eyJidWNrZXQiOiJraWNrYXZlbnVlLWFzc2V0cyIsImtleSI6InByb2R1Y3RzLzczNjc4LzYzMjA0NWUxOGVkZGVkZjkzZWU5ZjY5NjIyZGYyNjc3LnBuZyIsImVkaXRzIjp7InJlc2l6ZSI6eyJ3aWR0aCI6NDAwfX19," IDR 1,815,000"
Puma Speedcat Ballet Black Pink (Women's),Puma," IDR 2,000,000",https://cdn-old.kickavenue.com/eyJidWNrZXQiOiJraWNrYXZlbnVlLWFzc2V0cyIsImtleSI6InByb2R1Y3RzLzE1NjI1NC81MzMwYWQxNzQ4OWFkYzI3Y2M4MDgwOWVjY2RmYjJhNC5wbmciLCJlZGl0cyI6eyJyZXNpemUiOnsid2lkdGgiOjQwMH19fQ==,
Air Jordan 1 Retro Low OG SP Travis Scott Olive (Women's),Air Jordan," IDR 9,000,000",https://cdn-old.kickavenue.com/eyJidWNrZXQiOiJraWNrYXZlbnVlLWFzc2V0cyIsImtleSI6InByb2R1Y3RzLzU3MzQxLzg2NDk4YzQ4ZGViNmM0NmI5NzFlOWUzYmJmOTc0ZjYyLnBuZyIsImVkaXRzIjp7InJlc2l6ZSI6eyJ3aWR0aCI6NDAwfX19,
New Balance Fuel Cell Rebel V5 Angora Earth Shadow (Women's),New Balance," IDR 1,520,000",https://cdn-old.kickavenue.com/eyJidWNrZXQiOiJraWNrYXZlbnVlLWFzc2V0cyIsImtleSI6InByb2R1Y3RzLzEzNTkzOS9kMjQwZWQ1ODM0NzEyZGU1Yjg5MjE1NDdkYzIxMWEzMC5wbmciLCJlZGl0cyI6eyJyZXNpemUiOnsid2lkdGgiOjQwMH19fQ==," IDR 2,310,000"
Puma Speedcat Ballet Black White (Women's),Puma," IDR 1,410,000",https://cdn-old.kickavenue.com/eyJidWNrZXQiOiJraWNrYXZlbnVlLWFzc2V0cyIsImtleSI6InByb2R1Y3RzLzEyOTE4NS81N2YyMzUxZTAyODNmZDkzNGM1NzMzMDJmNzYwNTNkMy5wbmciLCJlZGl0cyI6eyJyZXNpemUiOnsid2lkdGgiOjQwMH19fQ==,
Nike Air Force 1 Low '07 Essential White Black Paisley (Women's),Nike," IDR 1,090,000",https://cdn-old.kickavenue.com/eyJidWNrZXQiOiJraWNrYXZlbnVlLWFzc2V0cyIsImtleSI6InByb2R1Y3RzLzI5MzQ1LzQzNmZkY2MxNTYxYjBmNmI3MGUyMjRlNjY2YjQ2ODQ0LnBuZyIsImVkaXRzIjp7InJlc2l6ZSI6eyJ3aWR0aCI6NDAwfX19," IDR 1,650,000"
Puma Speedcat Ballet Black (Women's),Puma," IDR 1,500,000",https://cdn-old.kickavenue.com/eyJidWNrZXQiOiJraWNrYXZlbnVlLWFzc2V0cyIsImtleSI6InByb2R1Y3RzLzE1NTkxMi9jNmMxNmIxYjg3ZWU2YjJhMWViZjlmZmM3MWNiMGJjOC5wbmciLCJlZGl0cyI6eyJyZXNpemUiOnsid2lkdGgiOjQwMH19fQ==,
Nike P-6000 Sail Picante Red (Women's),Nike," IDR 800,000",https://cdn-old.kickavenue.com/eyJidWNrZXQiOiJraWNrYXZlbnVlLWFzc2V0cyIsImtleSI6InByb2R1Y3RzLzEyNTc3MC81YjE0MjU4NzM1ZDU1ODZmYzljYTIwOGU3NzgwOWNjYi5wbmciLCJlZGl0cyI6eyJyZXNpemUiOnsid2lkdGgiOjQwMH19fQ==,
Nike Dunk Low SE Noble Green (Women's),Nike," IDR 1,170,000",https://cdn-old.kickavenue.com/eyJidWNrZXQiOiJraWNrYXZlbnVlLWFzc2V0cyIsImtleSI6InByb2R1Y3RzLzQxODA0LzRhZTc5YTRjMjY0YWM4NTk3Zjk0ZmM3N2ZhNDJmZjFlLmpwZWciLCJlZGl0cyI6eyJyZXNpemUiOnsid2lkdGgiOjQwMH19fQ==," IDR 1,549,000"
Nike Air Zoom Vomero 5 Platinum Light Orewood Brown (Women's),Nike," IDR 1,450,000",https://cdn-old.kickavenue.com/eyJidWNrZXQiOiJraWNrYXZlbnVlLWFzc2V0cyIsImtleSI6InByb2R1Y3RzLzEwNzc5Ny81NzA4OTAxNmYwYzIxYTBjMWUzNWJlMDQyZjI0OTJmMi5wbmciLCJlZGl0cyI6eyJyZXNpemUiOnsid2lkdGgiOjQwMH19fQ==,
Nike Cortez Sail Cacao Wow (Women's),Nike," IDR 1,200,000",https://cdn-old.kickavenue.com/eyJidWNrZXQiOiJraWNrYXZlbnVlLWFzc2V0cyIsImtleSI6InByb2R1Y3RzLzc1NDMyL2RkMzc1NDFlZDY2Yjg1N2I0ZDI1NTA4YmUzNGM0OGVhLnBuZyIsImVkaXRzIjp7InJlc2l6ZSI6eyJ3aWR0aCI6NDAwfX19," IDR 1,485,000"
Puma Speedcat Ballet Cow Print Chocolate Brown (Women's),Puma," IDR 1,500,000",https://cdn-old.kickavenue.com/eyJidWNrZXQiOiJraWNrYXZlbnVlLWFzc2V0cyIsImtleSI6InByb2R1Y3RzLzE0NjU5NC81MTBkZTlmYjJiYmMyNGIyMDM4MTU2NGY2MjI4YjZlZC5wbmciLCJlZGl0cyI6eyJyZXNpemUiOnsid2lkdGgiOjQwMH19fQ==,
ASICS Gel-Kayano 14 Cloud Grey (Women's),ASICS," IDR 1,950,000",https://cdn-old.kickavenue.com/eyJidWNrZXQiOiJraWNrYXZlbnVlLWFzc2V0cyIsImtleSI6InByb2R1Y3RzLzc5MjIyLzg5OWM1ZGNiZDIyMDA3OWI1OWQxMmUyYTBhYTZkYTA1LnBuZyIsImVkaXRzIjp7InJlc2l6ZSI6eyJ3aWR0aCI6NDAwfX19," IDR 2,475,000"
Nike Air Max 95 OG Big Bubble Pink Foam (Women's),Nike," IDR 3,070,000",https://cdn-old.kickavenue.com/eyJidWNrZXQiOiJraWNrYXZlbnVlLWFzc2V0cyIsImtleSI6InByb2R1Y3RzLzEyODkyMS9jOTY1YzIxMjk5YTM2MDVhNThlMTRhZDZlMzI3MWUxMy5wbmciLCJlZGl0cyI6eyJyZXNpemUiOnsid2lkdGgiOjQwMH19fQ==,
Adidas Handball Spezial Loafer Aurora Coffee (Women's),Adidas," IDR 3,100,000",https://cdn-old.kickavenue.com/eyJidWNrZXQiOiJraWNrYXZlbnVlLWFzc2V0cyIsImtleSI6InByb2R1Y3RzLzE1NDQ0My9iMTY0N2FhZjkyZWZkNzMxY2UzZjY5YWM5NWFlZGE0OS5wbmciLCJlZGl0cyI6eyJyZXNpemUiOnsid2lkdGgiOjQwMH19fQ==,
Nike Dunk Low SE Australia (Women's),Nike," IDR 800,000",https://cdn-old.kickavenue.com/eyJidWNrZXQiOiJraWNrYXZlbnVlLWFzc2V0cyIsImtleSI6InByb2R1Y3RzLzY0MTE2LzgxNDNlNGE2NDA5ZjFkOTdhNjhiNTJkNDU3Y2UxNjkxLmpwZWciLCJlZGl0cyI6eyJyZXNpemUiOnsid2lkdGgiOjQwMH19fQ==," IDR 1,549,000"
Converse Chuck Taylor All-Star 70's Black Gold Egret (Women's),Converse," IDR 600,000",https://cdn-old.kickavenue.com/eyJidWNrZXQiOiJraWNrYXZlbnVlLWFzc2V0cyIsImtleSI6InByb2R1Y3RzLzQwNTczL2MwYWNhZjJlNTczYmQ5Nzc1ZGIyY2NkNDUzYTIwOGRkLmpwZWciLCJlZGl0cyI6eyJyZXNpemUiOnsid2lkdGgiOjQwMH19fQ==,
Puma Speedcat Ballet Red White (Women's),Puma," IDR 2,060,000",https://cdn-old.kickavenue.com/eyJidWNrZXQiOiJraWNrYXZlbnVlLWFzc2V0cyIsImtleSI6InByb2R1Y3RzLzE1NjI1NS85MGM3YTVkYzE1ZDU5OWExMmM2MzNmNWVmMTc5YjdjNS5wbmciLCJlZGl0cyI6eyJyZXNpemUiOnsid2lkdGgiOjQwMH19fQ==,
Adidas Samba Jane White Blue Gum (Women's),Adidas," IDR 1,300,000",https://cdn-old.kickavenue.com/eyJidWNrZXQiOiJraWNrYXZlbnVlLWFzc2V0cyIsImtleSI6InByb2R1Y3RzLzE0MzM4NC82ZjMwMmFiMjBiYzE3YTcwMzBkZTE3MDU5N2ZlZDhiMC5wbmciLCJlZGl0cyI6eyJyZXNpemUiOnsid2lkdGgiOjQwMH19fQ==," IDR 1,980,000"
Nike Dunk Low White Black Panda (Women's),Nike," IDR 950,000",https://cdn-old.kickavenue.com/eyJidWNrZXQiOiJraWNrYXZlbnVlLWFzc2V0cyIsImtleSI6InByb2R1Y3RzLzE3MDI4LzcwMmQyZjNkMzlmYmM2YzNiYTc3YmFiYjZlMjZhNzdkLnBuZyIsImVkaXRzIjp7InJlc2l6ZSI6eyJ3aWR0aCI6NDAwfX19," IDR 1,815,000"
Air Jordan 1 Low SE Homage White Black (Women's),Air Jordan," IDR 850,000",https://cdn-old.kickavenue.com/eyJidWNrZXQiOiJraWNrYXZlbnVlLWFzc2V0cyIsImtleSI6InByb2R1Y3RzLzM1NzMwL2ExZWIxODk3OWEwODk1ZmRhNDFmODc2NDY4NmVjMmM2LnBuZyIsImVkaXRzIjp7InJlc2l6ZSI6eyJ3aWR0aCI6NDAwfX19," IDR 2,145,000"
Adidas Samba OG Black Wonder White (Women's),Adidas," IDR 1,200,000",https://cdn-old.kickavenue.com/eyJidWNrZXQiOiJraWNrYXZlbnVlLWFzc2V0cyIsImtleSI6InByb2R1Y3RzLzk2MTcxL2Q2YjI3ZjZlZDE1Mzk5Nzc0ODkzMzc1ZDg2NGVkMGJkLnBuZyIsImVkaXRzIjp7InJlc2l6ZSI6eyJ3aWR0aCI6NDAwfX19," IDR 1,650,000"
Adidas Gazelle Indoor Sandy Pink Gum (Women's),Adidas," IDR 1,670,000",https://cdn-old.kickavenue.com/eyJidWNrZXQiOiJraWNrYXZlbnVlLWFzc2V0cyIsImtleSI6InByb2R1Y3RzLzEwNDEwMy8xMGM2YmQxZmM2YjdmMmM2YjI1N2U4ZjQ2YzMzZTdkZS5wbmciLCJlZGl0cyI6eyJyZXNpemUiOnsid2lkdGgiOjQwMH19fQ==,
Puma Speedcat Ballet Wild Chocolate Warm White (Women's),Puma," IDR 1,580,000",https://cdn-old.kickavenue.com/eyJidWNrZXQiOiJraWNrYXZlbnVlLWFzc2V0cyIsImtleSI6InByb2R1Y3RzLzE0NjU5My9jNGM2MmYxMjgwYmIyNDk5M2FlOGQyOTliMWE4OGY4Ni5wbmciLCJlZGl0cyI6eyJyZXNpemUiOnsid2lkdGgiOjQwMH19fQ==,
Nike V2K Run Summit White Metallic Silver (Women's),Nike," IDR 1,380,000",https://cdn-old.kickavenue.com/eyJidWNrZXQiOiJraWNrYXZlbnVlLWFzc2V0cyIsImtleSI6InByb2R1Y3RzLzc0MzE5L2U2NjdjZmE1MzE3YTM2YmRmMTRhMjkxMzE3OGRmOTMzLnBuZyIsImVkaXRzIjp7InJlc2l6ZSI6eyJ3aWR0aCI6NDAwfX19," IDR 1,815,000"
Nike Dunk High Aluminum (Women's),Nike," IDR 500,000",https://cdn-old.kickavenue.com/eyJidWNrZXQiOiJraWNrYXZlbnVlLWFzc2V0cyIsImtleSI6InByb2R1Y3RzLzI1NjQ5LzU2ODRjYjc4ODNjYTU1MDY3MjhiMWFiNjA3ZDk5YzQzLnBuZyIsImVkaXRzIjp7InJlc2l6ZSI6eyJ3aWR0aCI6NDAwfX19," IDR 1,815,000"
Nike Air Zoom Vomero 5 Photon Dust Black (Women's),Nike," IDR 1,050,000",https://cdn-old.kickavenue.com/eyJidWNrZXQiOiJraWNrYXZlbnVlLWFzc2V0cyIsImtleSI6InByb2R1Y3RzLzEwOTkxMC85N2UyMTgwZmY4NjliNTVlZmFjZjRiZmIzZTlhYTAwOC5wbmciLCJlZGl0cyI6eyJyZXNpemUiOnsid2lkdGgiOjQwMH19fQ==,
Adidas Samba OG Cloud White Wonder Quartz (Women's),Adidas," IDR 2,460,000",https://cdn-old.kickavenue.com/eyJidWNrZXQiOiJraWNrYXZlbnVlLWFzc2V0cyIsImtleSI6InByb2R1Y3RzLzEwODY0OS85ZGI4NGU4ZjU3ZGM4YjU4YWFhZjcwMTNjZDU2OWQ4Yy5wbmciLCJlZGl0cyI6eyJyZXNpemUiOnsid2lkdGgiOjQwMH19fQ==,
Onitsuka Tiger Mexico 66 TGRS Crystal Pink Graphite Grey (Women's),Onitsuka Tiger," IDR 3,500,000",https://cdn-old.kickavenue.com/eyJidWNrZXQiOiJraWNrYXZlbnVlLWFzc2V0cyIsImtleSI6InByb2R1Y3RzLzEyOTE4Mi8zNGFmZjllNjcyYmI4ZmU4OWM5MmFmZWUxZDRhZDY3Yy5wbmciLCJlZGl0cyI6eyJyZXNpemUiOnsid2lkdGgiOjQwMH19fQ==,
Adidas Samba Jane Cream (Women's),Adidas," IDR 1,680,000",https://cdn-old.kickavenue.com/eyJidWNrZXQiOiJraWNrYXZlbnVlLWFzc2V0cyIsImtleSI6InByb2R1Y3RzLzEzNzIxNC9mOTVhYmRiMzNiYmUyYjA2ZGUzNjgyMDA0Njc1NWY1Ni5wbmciLCJlZGl0cyI6eyJyZXNpemUiOnsid2lkdGgiOjQwMH19fQ==,
Adidas Gazelle Indoor Bliss Pink Purple (Women's),Adidas," IDR 1,050,000",https://cdn-old.kickavenue.com/eyJidWNrZXQiOiJraWNrYXZlbnVlLWFzc2V0cyIsImtleSI6InByb2R1Y3RzLzczNjUzLzJlZjljZTdmNDc5NDc5YTYxYTRiY2EwYTUxY2M3NzFhLnBuZyIsImVkaXRzIjp7InJlc2l6ZSI6eyJ3aWR0aCI6NDAwfX19," IDR 1,980,000"
Onitsuka Tiger Mexico 66 TGRS Silver Cream (Women's),Onitsuka Tiger," IDR 2,990,000",https://cdn-old.kickavenue.com/eyJidWNrZXQiOiJraWNrYXZlbnVlLWFzc2V0cyIsImtleSI6InByb2R1Y3RzLzEyOTE4NC80NWJmODljNTU0NDAyODE2ODQxODZiNjVmYzJlOGRkMS5wbmciLCJlZGl0cyI6eyJyZXNpemUiOnsid2lkdGgiOjQwMH19fQ==,
Puma Speedcat Ballet Leather White Black (Women's),Puma," IDR 1,200,000",https://cdn-old.kickavenue.com/eyJidWNrZXQiOiJraWNrYXZlbnVlLWFzc2V0cyIsImtleSI6InByb2R1Y3RzLzEyNzI4MC80OTJlNmEyMjQ2MTRmNDhjYzQzM2RmODM4NDZhMmQxNS5wbmciLCJlZGl0cyI6eyJyZXNpemUiOnsid2lkdGgiOjQwMH19fQ==," IDR 1,299,000"
Puma Speedcat Leather Rosé White (Women's),Puma," IDR 4,590,000",https://cdn-old.kickavenue.com/eyJidWNrZXQiOiJraWNrYXZlbnVlLWFzc2V0cyIsImtleSI6InByb2R1Y3RzLzE0MjAyNy85Y2EzOTRkNDFmMTVlYTRiYzVjYzE5ZDliY2Q1M2VlZC5wbmciLCJlZGl0cyI6eyJyZXNpemUiOnsid2lkdGgiOjQwMH19fQ==,
Nike Court Lite 2 Light Bone Lobster (Women's),Nike," IDR 360,000",https://cdn-old.kickavenue.com/eyJidWNrZXQiOiJraWNrYXZlbnVlLWFzc2V0cyIsImtleSI6InByb2R1Y3RzLzg3MzgwLzE1YjAwZDc2NjBkYjk2NDliYjlkY2NiMmRjYmNmYWNjLnBuZyIsImVkaXRzIjp7InJlc2l6ZSI6eyJ3aWR0aCI6NDAwfX19,
Air Jordan 1 Retro High Tie Dye (Women's),Air Jordan," IDR 750,000",https://cdn-old.kickavenue.com/eyJidWNrZXQiOiJraWNrYXZlbnVlLWFzc2V0cyIsImtleSI6InByb2R1Y3RzLzg3ODMvZWRlYmE4ZjY4YmFlZjZlZTg3YmVhMzUxNjI1YzA5N2IucG5nIiwiZWRpdHMiOnsicmVzaXplIjp7IndpZHRoIjo0MDB9fX0=," IDR 4,207,500"
Puma Speedcat Lovelace Ballet Dark Crimson (Women's),Puma," IDR 1,700,000",https://cdn-old.kickavenue.com/eyJidWNrZXQiOiJraWNrYXZlbnVlLWFzc2V0cyIsImtleSI6InByb2R1Y3RzLzE1NTkxMy9lMzY4OTVmNzI1ODc0Y2Q0ZTk0NGVhODVlMmZiN2JlMy5wbmciLCJlZGl0cyI6eyJyZXNpemUiOnsid2lkdGgiOjQwMH19fQ==,
ON Running Cloud 6 All White (Women's),ON Running," IDR 2,250,000",https://cdn-old.kickavenue.com/eyJidWNrZXQiOiJraWNrYXZlbnVlLWFzc2V0cyIsImtleSI6InByb2R1Y3RzLzEyMzUxNi9mZGQwOTE5YmQzZTgwNGM1OGNjOTU4YTVmNmVjODA1YS5wbmciLCJlZGl0cyI6eyJyZXNpemUiOnsid2lkdGgiOjQwMH19fQ==," IDR 2,475,000"
Loewe x ON Running Cloudtilt Sneaker Pale Pink (Women's),ON Running," IDR 11,000,000",https://cdn-old.kickavenue.com/eyJidWNrZXQiOiJraWNrYXZlbnVlLWFzc2V0cyIsImtleSI6InByb2R1Y3RzLzEzMTI5Ni8zNWYwYzc0MWJlMmVhMzJkYjAwOTE3NDI2ODFmZmVjMy5wbmciLCJlZGl0cyI6eyJyZXNpemUiOnsid2lkdGgiOjQwMH19fQ==,
Adidas Adizero EVO SL EXO White Black Silver (Women's),Adidas," IDR 3,800,000",https://cdn-old.kickavenue.com/eyJidWNrZXQiOiJraWNrYXZlbnVlLWFzc2V0cyIsImtleSI6InByb2R1Y3RzLzE1NDYyNC9jOGRjNjk0ZmZlNDRlNWFjMWY0NWNjYTI4MzgzOWI2Ni5wbmciLCJlZGl0cyI6eyJyZXNpemUiOnsid2lkdGgiOjQwMH19fQ==,
Puma Speedcat Ballet Suede Tan Warm White (Women's),Puma," IDR 1,380,000",https://cdn-old.kickavenue.com/eyJidWNrZXQiOiJraWNrYXZlbnVlLWFzc2V0cyIsImtleSI6InByb2R1Y3RzLzE0Mjk3Mi8zODc3NzMzOTExMjQ0MzNmNmRmMDgxMjk2YjgwOWE0YS5wbmciLCJlZGl0cyI6eyJyZXNpemUiOnsid2lkdGgiOjQwMH19fQ==,
Adidas Ultra Boost 20 Triple Black (Women's),Adidas," IDR 750,000",https://cdn-old.kickavenue.com/eyJidWNrZXQiOiJraWNrYXZlbnVlLWFzc2V0cyIsImtleSI6InByb2R1Y3RzLzI1OTU3LzZjMGFmYzBhMzAwOTlkM2M1N2MyYzkwNWEzNDcwZGRjLnBuZyIsImVkaXRzIjp7InJlc2l6ZSI6eyJ3aWR0aCI6NDAwfX19," IDR 2,970,000"
Puma Speedcat Go Black White (Women's),Puma," IDR 1,240,000",https://cdn-old.kickavenue.com/eyJidWNrZXQiOiJraWNrYXZlbnVlLWFzc2V0cyIsImtleSI6InByb2R1Y3RzLzEyNjk3MC9mYzAzMmVhMDY2YTEwODVmMmUyZjkzZDEwMzA5YmFhYi5wbmciLCJlZGl0cyI6eyJyZXNpemUiOnsid2lkdGgiOjQwMH19fQ==," IDR 1,485,000"
Nike Dunk Low Next Nature Phantom (Women's),Nike," IDR 500,000",https://cdn-old.kickavenue.com/eyJidWNrZXQiOiJraWNrYXZlbnVlLWFzc2V0cyIsImtleSI6InByb2R1Y3RzLzM4Njc0L2NkMzJmNmI3MDYzYzA4YTZhZGUzNWY2Y2JkZWI0NDM1LnBuZyIsImVkaXRzIjp7InJlc2l6ZSI6eyJ3aWR0aCI6NDAwfX19," IDR 1,549,000"
Puma Speedcat atmos Pink Denim Lover (Women's),Puma," IDR 2,550,000",https://cdn-old.kickavenue.com/eyJidWNrZXQiOiJraWNrYXZlbnVlLWFzc2V0cyIsImtleSI6InByb2R1Y3RzLzE1MjkwNy9lMWUxZGU2YmRkNTJiMjMxYmEyOWUwNzlmZGY0YmUxYS5wbmciLCJlZGl0cyI6eyJyZXNpemUiOnsid2lkdGgiOjQwMH19fQ==,
Adidas Tokyo MJ Sandy Pink Earth Strata (Women's),Adidas," IDR 3,000,000",https://cdn-old.kickavenue.com/eyJidWNrZXQiOiJraWNrYXZlbnVlLWFzc2V0cyIsImtleSI6InByb2R1Y3RzLzE1NDc4OC82MWU3NjJiM2Y1MmVhNDY0NTg2MjVhMzEyYTU1NDQwNi5wbmciLCJlZGl0cyI6eyJyZXNpemUiOnsid2lkdGgiOjQwMH19fQ==,
Nike V2K Run Pure Platinum Wolf Grey (Women's),Nike," IDR 1,820,000",https://cdn-old.kickavenue.com/eyJidWNrZXQiOiJraWNrYXZlbnVlLWFzc2V0cyIsImtleSI6InByb2R1Y3RzLzg2OTEzLzUzYTg5NjVkNWQ0MGQyOWNmNDMxY2UyYWRhNDg2NWFlLnBuZyIsImVkaXRzIjp7InJlc2l6ZSI6eyJ3aWR0aCI6NDAwfX19,
Nike Dunk Low Pearl White (Women's),Nike," IDR 800,000",https://cdn-old.kickavenue.com/eyJidWNrZXQiOiJraWNrYXZlbnVlLWFzc2V0cyIsImtleSI6InByb2R1Y3RzLzI2OTM1L2Q5NWU1YWYyZDc5ODk5MTQ0NDI0NDgzODM5NzZkYjNhLnBuZyIsImVkaXRzIjp7InJlc2l6ZSI6eyJ3aWR0aCI6NDAwfX19," IDR 1,549,000"
Adidas Samba OG Collegiate Green (Women's),Adidas," IDR 1,350,000",https://cdn-old.kickavenue.com/eyJidWNrZXQiOiJraWNrYXZlbnVlLWFzc2V0cyIsImtleSI6InByb2R1Y3RzLzEwMzg5NC83YjU4MjcxYmEwMTI1NWE3MzgwZjRhMWI0Njk2YjhhZi5wbmciLCJlZGl0cyI6eyJyZXNpemUiOnsid2lkdGgiOjQwMH19fQ==,
Nike Shox TL Black Max Orange (Women's),Nike," IDR 2,530,000",https://cdn-old.kickavenue.com/eyJidWNrZXQiOiJraWNrYXZlbnVlLWFzc2V0cyIsImtleSI6InByb2R1Y3RzLzY2MTcwLzgxNWU2ZDI2NDYzMmIwNDNiMzJlNDgxNjc2N2I2ZjY0LnBuZyIsImVkaXRzIjp7InJlc2l6ZSI6eyJ3aWR0aCI6NDAwfX19," IDR 2,805,000"
Nike Zoom Vomero 5 Photon Dust Metallic Silver (Women's),Nike," IDR 3,100,000",https://cdn-old.kickavenue.com/eyJidWNrZXQiOiJraWNrYXZlbnVlLWFzc2V0cyIsImtleSI6InByb2R1Y3RzLzQzNzQwL2ZmNDU0YjExOTRkYjQxNjA3MmFlNTkxZGY5NjAwMjBjLmpwZWciLCJlZGl0cyI6eyJyZXNpemUiOnsid2lkdGgiOjQwMH19fQ==,
Nike Calm Slide Black (Women's),Nike," IDR 400,000",https://cdn-old.kickavenue.com/eyJidWNrZXQiOiJraWNrYXZlbnVlLWFzc2V0cyIsImtleSI6InByb2R1Y3RzLzYyOTMzL2ZiZWUyZWRhMmExOGEwZjVlOTFmYTRjMTQ2YTVhNTkzLmpwZWciLCJlZGl0cyI6eyJyZXNpemUiOnsid2lkdGgiOjQwMH19fQ==," IDR 690,000"
Puma Speedcat OG Black White (Women's),Puma," IDR 1,020,000",https://cdn-old.kickavenue.com/eyJidWNrZXQiOiJraWNrYXZlbnVlLWFzc2V0cyIsImtleSI6InByb2R1Y3RzLzExMDI2Ny8wYzBlZWQ5MzRiYmM2NGYxZjFlNGQ3N2FkNDIwYmViOC5wbmciLCJlZGl0cyI6eyJyZXNpemUiOnsid2lkdGgiOjQwMH19fQ==,
Nike Air Rift Lilac Bloom Violet Mist Hydrangeas (Women's),Nike," IDR 790,000",https://cdn-old.kickavenue.com/eyJidWNrZXQiOiJraWNrYXZlbnVlLWFzc2V0cyIsImtleSI6InByb2R1Y3RzLzEyOTY1Mi9kMTlkNDA1ZmQyYmQ0Mjg1MTEyMTQwODIwYTljNzk4NC5wbmciLCJlZGl0cyI6eyJyZXNpemUiOnsid2lkdGgiOjQwMH19fQ==," IDR 1,815,000"
Adidas Handball Spezial Wonder White Black (Women's),Adidas," IDR 1,770,000",https://cdn-old.kickavenue.com/eyJidWNrZXQiOiJraWNrYXZlbnVlLWFzc2V0cyIsImtleSI6InByb2R1Y3RzLzc4NzUwLzk0NTFmOGE1ZjMzZmY1YzA1NmY4Y2Q2YzRjZWIwZjhhLnBuZyIsImVkaXRzIjp7InJlc2l6ZSI6eyJ3aWR0aCI6NDAwfX19," IDR 1,815,000"
Adidas Gazelle Indoor Black Floral Embroidery (Women's),Adidas," IDR 820,000",https://cdn-old.kickavenue.com/eyJidWNrZXQiOiJraWNrYXZlbnVlLWFzc2V0cyIsImtleSI6InByb2R1Y3RzLzExMDM3Mi83Y2QwODc1NDU4MTExOTdmZjkxZWJiNzVmM2FjNDZhZS5wbmciLCJlZGl0cyI6eyJyZXNpemUiOnsid2lkdGgiOjQwMH19fQ==,
adidas Samba LT Aurora Ink Cream White (Women's),Adidas," IDR 1,100,000",https://cdn-old.kickavenue.com/eyJidWNrZXQiOiJraWNrYXZlbnVlLWFzc2V0cyIsImtleSI6InByb2R1Y3RzLzEyNjU2MS9kOGY5YTg3MDg1OGIyODU0M2ZhMGEwZDBiMzk0Yzk3OS5wbmciLCJlZGl0cyI6eyJyZXNpemUiOnsid2lkdGgiOjQwMH19fQ==," IDR 1,650,000"
New Balance 574 Nimbus Cloud White (Women's),New Balance," IDR 750,000",https://cdn-old.kickavenue.com/eyJidWNrZXQiOiJraWNrYXZlbnVlLWFzc2V0cyIsImtleSI6InByb2R1Y3RzLzM4MDU0LzI4ZGRiODk2ZjE4ZGUzYmMxYTE0MmYyMTRlM2I5MzI1LnBuZyIsImVkaXRzIjp7InJlc2l6ZSI6eyJ3aWR0aCI6NDAwfX19," IDR 1,815,000"
New Balance 327 Moonbeam Black Gum (Women's),New Balance," IDR 1,000,000",https://cdn-old.kickavenue.com/eyJidWNrZXQiOiJraWNrYXZlbnVlLWFzc2V0cyIsImtleSI6InByb2R1Y3RzLzEwNTUyNy8yZTU5NTMyYzczNmJlY2UzNmU3ZDM1NDUyY2RkMzFjZi5wbmciLCJlZGl0cyI6eyJyZXNpemUiOnsid2lkdGgiOjQwMH19fQ==,
Nike Air Rift Triple Black (Women's),Nike," IDR 1,500,000",https://cdn-old.kickavenue.com/eyJidWNrZXQiOiJraWNrYXZlbnVlLWFzc2V0cyIsImtleSI6InByb2R1Y3RzLzEwNDE1Mi83M2Y5YTllYWNkNzljY2Y4OGY2OTlkMjk5ZTM0NDlmZi5wbmciLCJlZGl0cyI6eyJyZXNpemUiOnsid2lkdGgiOjQwMH19fQ==," IDR 1,980,000"
Nike Air Zoom Alphafly Next% 3 Bright Crimson Lime Blast (Women's),Nike," IDR 1,750,000",https://cdn-old.kickavenue.com/eyJidWNrZXQiOiJraWNrYXZlbnVlLWFzc2V0cyIsImtleSI6InByb2R1Y3RzLzEyNTAyNy9kOWQ1NjQ5OGQ0ZjBhMmE5Y2MyYmQxYTQ2ZWQ5N2U0Zi5wbmciLCJlZGl0cyI6eyJyZXNpemUiOnsid2lkdGgiOjQwMH19fQ==,
Nike Dunk Low Venice (Women's),Nike," IDR 750,000",https://cdn-old.kickavenue.com/eyJidWNrZXQiOiJraWNrYXZlbnVlLWFzc2V0cyIsImtleSI6InByb2R1Y3RzLzI4ODM0L2RmNDBkY2ViYTU3ZDRiZmIyZTlhMDU4YjBhNTM1MGRiLnBuZyIsImVkaXRzIjp7InJlc2l6ZSI6eyJ3aWR0aCI6NDAwfX19," IDR 1,549,000"
Air Jordan 4 Retro Iced Carmine (Women's),Air Jordan," IDR 3,750,000",https://cdn-old.kickavenue.com/eyJidWNrZXQiOiJraWNrYXZlbnVlLWFzc2V0cyIsImtleSI6InByb2R1Y3RzLzE1NjA3Ni84YWM2YTY5YWNiYmM2ZTgyNzJiMjAyOGRiMzc2NTRmZS5wbmciLCJlZGl0cyI6eyJyZXNpemUiOnsid2lkdGgiOjQwMH19fQ==,
Air Jordan 1 Retro High OG Light Madder Root (Women's),Air Jordan," IDR 1,500,000",https://cdn-old.kickavenue.com/eyJidWNrZXQiOiJraWNrYXZlbnVlLWFzc2V0cyIsImtleSI6InByb2R1Y3RzLzE0Mjc3Mi9iZWZmMGQ5ZGJmYTg2OWJmOGNmYzNmYmZmNmM0MWM1OS5wbmciLCJlZGl0cyI6eyJyZXNpemUiOnsid2lkdGgiOjQwMH19fQ==," IDR 2,970,000"
Nike Shox TL SP 3 Riccardo Tisci Black White (Women's),Nike," IDR 3,000,000",https://cdn-old.kickavenue.com/eyJidWNrZXQiOiJraWNrYXZlbnVlLWFzc2V0cyIsImtleSI6InByb2R1Y3RzLzE0MTExNy8xN2E1OTJhMmFhMGVjNjE3MWQ2MDhmNDA4OTNjYjJmYi5wbmciLCJlZGl0cyI6eyJyZXNpemUiOnsid2lkdGgiOjQwMH19fQ==,
Nike Zoom Vomero 5 Light Bone Chrome (Women's),Nike," IDR 1,250,000",https://cdn-old.kickavenue.com/eyJidWNrZXQiOiJraWNrYXZlbnVlLWFzc2V0cyIsImtleSI6InByb2R1Y3RzLzEwNTM1Ny8zNDM2ZTAyZGYwMzI5ZWUxOGVhZjI1MDIxNjc2MGUyMC5wbmciLCJlZGl0cyI6eyJyZXNpemUiOnsid2lkdGgiOjQwMH19fQ==,
Puma Speedcat Ballet Pearlized (Women's),Puma," IDR 1,900,000",https://cdn-old.kickavenue.com/eyJidWNrZXQiOiJraWNrYXZlbnVlLWFzc2V0cyIsImtleSI6InByb2R1Y3RzLzEzNDA0MS84NDZiY2Q4MjdiZDcyZjMxYzU2NDU5ODg4ODRjOGM0OS5wbmciLCJlZGl0cyI6eyJyZXNpemUiOnsid2lkdGgiOjQwMH19fQ==,
Adidas Handball Spezial Earth Strata (Women's),Adidas," IDR 1,500,000",https://cdn-old.kickavenue.com/eyJidWNrZXQiOiJraWNrYXZlbnVlLWFzc2V0cyIsImtleSI6InByb2R1Y3RzLzEwNzY3Ni83ZmRmYWNkZDFlNGJjZDZiYWY3Y2FkNzkzZWY0ODA3OS5wbmciLCJlZGl0cyI6eyJyZXNpemUiOnsid2lkdGgiOjQwMH19fQ==,
Adidas Samba OG Lucid Pink (Women's),Adidas," IDR 1,650,000",https://cdn-old.kickavenue.com/eyJidWNrZXQiOiJraWNrYXZlbnVlLWFzc2V0cyIsImtleSI6InByb2R1Y3RzLzEwNTA2Ni84ZTBkNWIwZWE1NjZlOTRjODU3OTE4MjNjMDU4NzI5Yy5wbmciLCJlZGl0cyI6eyJyZXNpemUiOnsid2lkdGgiOjQwMH19fQ==,
Adidas Samba Jane Black White Gum (Women's),Adidas," IDR 1,350,000",https://cdn-old.kickavenue.com/eyJidWNrZXQiOiJraWNrYXZlbnVlLWFzc2V0cyIsImtleSI6InByb2R1Y3RzLzEzMjkzNy84MWU5ODQ2NGIyOWI5MDgyMmUzZTQ2YWM0ODg2YzNiYS5wbmciLCJlZGl0cyI6eyJyZXNpemUiOnsid2lkdGgiOjQwMH19fQ==,
ASICS Gel-Resolution X White Pure Silver (Women's),ASICS," IDR 2,420,000",https://cdn-old.kickavenue.com/eyJidWNrZXQiOiJraWNrYXZlbnVlLWFzc2V0cyIsImtleSI6InByb2R1Y3RzLzEzMDcxNy8yZmQzMDhlMzczZDU2ZGIzMDczNzhhODlhMjYwZGQ0NS5wbmciLCJlZGl0cyI6eyJyZXNpemUiOnsid2lkdGgiOjQwMH19fQ==," IDR 2,640,000"
Puma Speedcat Ballet Silver Mist Warm White Satin (Women's),Puma," IDR 1,500,000",https://cdn-old.kickavenue.com/eyJidWNrZXQiOiJraWNrYXZlbnVlLWFzc2V0cyIsImtleSI6InByb2R1Y3RzLzEzMTI5OS9jZmJlNmFiZGUzYjVjZGMxMmZjMzcxNzA0OTI3NWQ0OC5wbmciLCJlZGl0cyI6eyJyZXNpemUiOnsid2lkdGgiOjQwMH19fQ==,
Nike Zoom Vomero 5 Beach Light Khaki (Women's),Nike," IDR 1,400,000",https://cdn-old.kickavenue.com/eyJidWNrZXQiOiJraWNrYXZlbnVlLWFzc2V0cyIsImtleSI6InByb2R1Y3RzLzE0Mjc2OC8zZGRkYzI3MWFkMzJmY2RmNDZlZGFiNmE2ZDM2MTJiYy5wbmciLCJlZGl0cyI6eyJyZXNpemUiOnsid2lkdGgiOjQwMH19fQ==," IDR 2,640,000"
Nike Dunk High Sail Gum (Women's),Nike," IDR 1,270,000",https://cdn-old.kickavenue.com/eyJidWNrZXQiOiJraWNrYXZlbnVlLWFzc2V0cyIsImtleSI6InByb2R1Y3RzLzI3NjE5Lzk3MDU5MmY5NjI0Yzk4YjNmMmZlOGI4NzBhMGNiYzY3LnBuZyIsImVkaXRzIjp7InJlc2l6ZSI6eyJ3aWR0aCI6NDAwfX19," IDR 1,815,000"
Air Jordan 1 Low Black Guava Ice (White Midsole) (Women's),Air Jordan," IDR 1,830,000",https://cdn-old.kickavenue.com/eyJidWNrZXQiOiJraWNrYXZlbnVlLWFzc2V0cyIsImtleSI6InByb2R1Y3RzLzEyNjY2LzMxYjM4MmVjNDg5MmYxNTUwZDIwNzY4ZWVlYTdhMDVjLnBuZyIsImVkaXRzIjp7InJlc2l6ZSI6eyJ3aWR0aCI6NDAwfX19,
Nike Air Max plus Black Laser Orange White Hyper Violet (Women's),Nike," IDR 1,500,000",https://cdn-old.kickavenue.com/eyJidWNrZXQiOiJraWNrYXZlbnVlLWFzc2V0cyIsImtleSI6InByb2R1Y3RzLzEyNzY1NS8zYWFiMzk5N2JmYjNlODkyMTk1OWRmY2EwMDJhYmY2Mi5wbmciLCJlZGl0cyI6eyJyZXNpemUiOnsid2lkdGgiOjQwMH19fQ==," IDR 2,970,000"
Air Jordan 1 Retro Low OG SP Travis Scott Canary (Women's),Air Jordan," IDR 7,490,000",https://cdn-old.kickavenue.com/eyJidWNrZXQiOiJraWNrYXZlbnVlLWFzc2V0cyIsImtleSI6InByb2R1Y3RzLzc3ODI3LzQwYzJjYzhhM2VmOGZlMzZmNTBiM2U0MjMzMTA4MjJiLnBuZyIsImVkaXRzIjp7InJlc2l6ZSI6eyJ3aWR0aCI6NDAwfX19,
Nike Zoom Vomero 5 Wolf Grey Cool Grey (Women's),Nike," IDR 1,910,000",https://cdn-old.kickavenue.com/eyJidWNrZXQiOiJraWNrYXZlbnVlLWFzc2V0cyIsImtleSI6InByb2R1Y3RzLzkwMDQ0L2MxYzZjMTk3ZGMwMzdmYTViZTQ5NTZkNjY5NmNmZjU0LnBuZyIsImVkaXRzIjp7InJlc2l6ZSI6eyJ3aWR0aCI6NDAwfX19,
Adidas Campus 00s Wonder Quartz Wonder Mauve (Women's),Adidas," IDR 800,000",https://cdn-old.kickavenue.com/eyJidWNrZXQiOiJraWNrYXZlbnVlLWFzc2V0cyIsImtleSI6InByb2R1Y3RzLzEzMDUyOC83YjczYmUwNTM3YjQwOTkyNWZhYzljYWMzZWU3M2I0Zi5wbmciLCJlZGl0cyI6eyJyZXNpemUiOnsid2lkdGgiOjQwMH19fQ==,
Adidas Adizero Adios Pro 3 Sakura (Women's),Adidas," IDR 1,900,000",https://cdn-old.kickavenue.com/eyJidWNrZXQiOiJraWNrYXZlbnVlLWFzc2V0cyIsImtleSI6InByb2R1Y3RzLzEwNTc2MS81YTczNjVmNGY4NzFhNzE3ZTgwYmVmN2VhMGFiMTMwOC5wbmciLCJlZGl0cyI6eyJyZXNpemUiOnsid2lkdGgiOjQwMH19fQ==,
ASICS Gel-Resolution X White Monument Blue (Women's),ASICS," IDR 2,690,000",https://cdn-old.kickavenue.com/eyJidWNrZXQiOiJraWNrYXZlbnVlLWFzc2V0cyIsImtleSI6InByb2R1Y3RzLzE0NTUyOS85NjcxMTgzZTVlMDMxNDYwYTQ1YWYwYTAyZjdmNmI1ZC5wbmciLCJlZGl0cyI6eyJyZXNpemUiOnsid2lkdGgiOjQwMH19fQ==,
Puma Speedcat Ballet Black Cool Dark Gray Satin (Women's),Puma," IDR 1,670,000",https://cdn-old.kickavenue.com/eyJidWNrZXQiOiJraWNrYXZlbnVlLWFzc2V0cyIsImtleSI6InByb2R1Y3RzLzEzMTMwMC8zNGEyZWRmNGJiMmZkNzc0YzgzZDVhZGRiMDUxNmZmYS5wbmciLCJlZGl0cyI6eyJyZXNpemUiOnsid2lkdGgiOjQwMH19fQ==,
Nike Zoom Vomero 5 Silt Red (Women's),Nike," IDR 1,900,000",https://cdn-old.kickavenue.com/eyJidWNrZXQiOiJraWNrYXZlbnVlLWFzc2V0cyIsImtleSI6InByb2R1Y3RzLzE1MDY5NS8xYTVjZjhlMjZiNDBmOGY1ZWFiMDQ5MTVlNDEwY2Y2NS5wbmciLCJlZGl0cyI6eyJyZXNpemUiOnsid2lkdGgiOjQwMH19fQ==," IDR 2,805,000"
Adidas Japan White Black (Women's),Adidas," IDR 600,000",https://cdn-old.kickavenue.com/eyJidWNrZXQiOiJraWNrYXZlbnVlLWFzc2V0cyIsImtleSI6InByb2R1Y3RzLzExMjIwMC9mZDZiMzNlYmI5ZmRhZmNjY2Y0YzUyMTU3YjQ5MDhmOC5wbmciLCJlZGl0cyI6eyJyZXNpemUiOnsid2lkdGgiOjQwMH19fQ==,
Adidas Samba OG Maroon (Women's),Adidas," IDR 2,000,000",https://cdn-old.kickavenue.com/eyJidWNrZXQiOiJraWNrYXZlbnVlLWFzc2V0cyIsImtleSI6InByb2R1Y3RzLzk1ODQ4L2NlNzZhNGRiYjJlNTIzMzI4Y2M3OGFlOWY5NmYxYmVmLnBuZyIsImVkaXRzIjp7InJlc2l6ZSI6eyJ3aWR0aCI6NDAwfX19,
Adidas Taekwondo Lace Black White (Women's),Adidas," IDR 1,000,000",https://cdn-old.kickavenue.com/eyJidWNrZXQiOiJraWNrYXZlbnVlLWFzc2V0cyIsImtleSI6InByb2R1Y3RzLzExMzUyNC8yZTkwMjllOWJhOTkwZWQ0ODRjMGQ5MzMzMDI1NGNjOC5wbmciLCJlZGl0cyI6eyJyZXNpemUiOnsid2lkdGgiOjQwMH19fQ==,
Adidas Samba OG Sandy Pink White Gold (Women's),Adidas," IDR 2,680,000",https://cdn-old.kickavenue.com/eyJidWNrZXQiOiJraWNrYXZlbnVlLWFzc2V0cyIsImtleSI6InByb2R1Y3RzLzE1MTAzOC83ZmJlZTU1NjU0YTdjNWZkMzZhYjkyYmM1MmIzNzNiZS5wbmciLCJlZGl0cyI6eyJyZXNpemUiOnsid2lkdGgiOjQwMH19fQ==,
ASICS Novablast 5 Black Carrier Grey (Women's),ASICS," IDR 1,900,000",https://cdn-old.kickavenue.com/eyJidWNrZXQiOiJraWNrYXZlbnVlLWFzc2V0cyIsImtleSI6InByb2R1Y3RzLzExNTM3Mi85NDdiNTk1Mjc1YzJhNzAyNDg3MWViMDU2YmU4NDExMC5wbmciLCJlZGl0cyI6eyJyZXNpemUiOnsid2lkdGgiOjQwMH19fQ==," IDR 2,310,000"
Nike Zoom Vomero 5 Cobblestone Flat Pewter (Women's),Nike," IDR 1,700,000",https://cdn-old.kickavenue.com/eyJidWNrZXQiOiJraWNrYXZlbnVlLWFzc2V0cyIsImtleSI6InByb2R1Y3RzLzQwNzc2L2NkODk5NmY0ZjlhN2FiNjNjN2U1YTZlOTkzYzU5YmM2LnBuZyIsImVkaXRzIjp7InJlc2l6ZSI6eyJ3aWR0aCI6NDAwfX19," IDR 2,640,000"
Adidas Y-3 Adizero Ubersonic 5 Orbit Grey (Women's),Adidas," IDR 4,200,000",https://cdn-old.kickavenue.com/eyJidWNrZXQiOiJraWNrYXZlbnVlLWFzc2V0cyIsImtleSI6InByb2R1Y3RzLzE0MTY0MC9mYzkwNGY1N2QzM2ZmYmVhZGU5MjNiODZkZmE0ZjQ4Ni5wbmciLCJlZGl0cyI6eyJyZXNpemUiOnsid2lkdGgiOjQwMH19fQ==,
Nike Zoom Vomero 5 Pure Platinum Summit White Celestine Blue (Women's),Nike," IDR 1,700,000",https://cdn-old.kickavenue.com/eyJidWNrZXQiOiJraWNrYXZlbnVlLWFzc2V0cyIsImtleSI6InByb2R1Y3RzLzE0NTY1NS8yODg2NTVlY2ViZDA1NDEyMTFlYWJlYzc1MTg0NTljZC5wbmciLCJlZGl0cyI6eyJyZXNpemUiOnsid2lkdGgiOjQwMH19fQ==,
Nike Dunk Low Orange Pearl (Women's),Nike," IDR 1,000,000",https://cdn-old.kickavenue.com/eyJidWNrZXQiOiJraWNrYXZlbnVlLWFzc2V0cyIsImtleSI6InByb2R1Y3RzLzE3MDQ4L2I4MDk3OTRhNmJjOWZjOTY5YzZmZjZjN2M3ZTM5MGU4LnBuZyIsImVkaXRzIjp7InJlc2l6ZSI6eyJ3aWR0aCI6NDAwfX19," IDR 1,549,000"
Nike Dunk Low Embossed Baroque Sail Fauna Brown (Women's),Nike," IDR 2,300,000",https://cdn-old.kickavenue.com/eyJidWNrZXQiOiJraWNrYXZlbnVlLWFzc2V0cyIsImtleSI6InByb2R1Y3RzLzE1MTY3MC9jYTY1MTdiNTU4ZmIyMjgyYmNkOGQ2Y2ZkYTYzM2NiNS5wbmciLCJlZGl0cyI6eyJyZXNpemUiOnsid2lkdGgiOjQwMH19fQ==,
Puma Speedcat Ballet Leather Black White (Women's),Puma," IDR 2,000,000",https://cdn-old.kickavenue.com/eyJidWNrZXQiOiJraWNrYXZlbnVlLWFzc2V0cyIsImtleSI6InByb2R1Y3RzLzEzMTkzMy85YmFmZjFmNzNkNTAxNDkxMzBkN2E0YjZmZDMzNmU3My5wbmciLCJlZGl0cyI6eyJyZXNpemUiOnsid2lkdGgiOjQwMH19fQ==,
Air Jordan 1 Retro High Satin Black Toe (Women's),Air Jordan," IDR 990,000",https://cdn-old.kickavenue.com/eyJidWNrZXQiOiJraWNrYXZlbnVlLWFzc2V0cyIsImtleSI6InByb2R1Y3RzLzQyMDQvNTRhZGZlOGFlMWFiNjllZmE3OTQ2YjNlMDAxMzE0NjcucG5nIiwiZWRpdHMiOnsicmVzaXplIjp7IndpZHRoIjo0MDB9fX0=," IDR 2,640,000"
ASICS Gel-1130 Cream Pure Silver (Women's),ASICS," IDR 2,200,000",https://cdn-old.kickavenue.com/eyJidWNrZXQiOiJraWNrYXZlbnVlLWFzc2V0cyIsImtleSI6InByb2R1Y3RzLzYxMDU0L2RlZjk2MDI2OGZiYzk5NGVkOGI0NTRjYjdkODRjNDExLnBuZyIsImVkaXRzIjp7InJlc2l6ZSI6eyJ3aWR0aCI6NDAwfX19,
Adidas Adizero Adios Pro 4 Crystal White Matte Silver Glory Green (Women's),Adidas," IDR 3,200,000",https://cdn-old.kickavenue.com/eyJidWNrZXQiOiJraWNrYXZlbnVlLWFzc2V0cyIsImtleSI6InByb2R1Y3RzLzEzMjQ1OC83OTEyMzg3ZWYxNGE1OTY0MmMxZTFjZmU3MTZmNDZjNS5wbmciLCJlZGl0cyI6eyJyZXNpemUiOnsid2lkdGgiOjQwMH19fQ==," IDR 3,630,000"
Nike V2K Run Light Orewood Brown (Women's),Nike," IDR 1,690,000",https://cdn-old.kickavenue.com/eyJidWNrZXQiOiJraWNrYXZlbnVlLWFzc2V0cyIsImtleSI6InByb2R1Y3RzLzg2OTEyLzJjOWQ1NDMxYzRlNzBlNzY4MTVmMDBjOTdjYWFkZjk1LnBuZyIsImVkaXRzIjp7InJlc2l6ZSI6eyJ3aWR0aCI6NDAwfX19,
Adidas Tokyo MJ Liberty London Chalk Pearl Crystal Sky (Women's),Adidas," IDR 2,500,000",https://cdn-old.kickavenue.com/eyJidWNrZXQiOiJraWNrYXZlbnVlLWFzc2V0cyIsImtleSI6InByb2R1Y3RzLzE1NDc5MC83NWVmMTkxOTJlODBmNDVhNjQ1YzhlZDExZWFkOGUzNi5wbmciLCJlZGl0cyI6eyJyZXNpemUiOnsid2lkdGgiOjQwMH19fQ==,
Nike React Pegasus Trail 5 Gore-Tex Black Cool Grey (Women's),Nike," IDR 1,850,000",https://cdn-old.kickavenue.com/eyJidWNrZXQiOiJraWNrYXZlbnVlLWFzc2V0cyIsImtleSI6InByb2R1Y3RzLzExMTY2OC9iZDIxNTBmNWViYTEyNGNlNGM4N2JiOWJjZmExNjZhYS5wbmciLCJlZGl0cyI6eyJyZXNpemUiOnsid2lkdGgiOjQwMH19fQ==," IDR 2,805,000"
ON Running Cloudmonster Black Magnet (Women's),ON Running," IDR 2,200,000",https://cdn-old.kickavenue.com/eyJidWNrZXQiOiJraWNrYXZlbnVlLWFzc2V0cyIsImtleSI6InByb2R1Y3RzLzc4Nzg0LzQ2Njg0NDAwNTJkMWMyNjkyMWRlNzYzN2M2ZmZlMTAzLnBuZyIsImVkaXRzIjp7InJlc2l6ZSI6eyJ3aWR0aCI6NDAwfX19," IDR 3,000,000"
Nike Dunk Low Pink Oxford Cream (Women's),Nike," IDR 800,000",https://cdn-old.kickavenue.com/eyJidWNrZXQiOiJraWNrYXZlbnVlLWFzc2V0cyIsImtleSI6InByb2R1Y3RzLzM2ODc5LzgzN2QxZWM5Y2EwODkwMTcyNjc3MDBkZTc4OTVhNTU4LnBuZyIsImVkaXRzIjp7InJlc2l6ZSI6eyJ3aWR0aCI6NDAwfX19," IDR 1,549,000"
Adidas Samba OG Off White Earth Strata Gum (Women's),Adidas," IDR 2,700,000",https://cdn-old.kickavenue.com/eyJidWNrZXQiOiJraWNrYXZlbnVlLWFzc2V0cyIsImtleSI6InByb2R1Y3RzLzE1MDQ3Ni85NjMyNDllYTlmZWYzNGFkODYyNGIwM2FjNDA0MmM4Ny5wbmciLCJlZGl0cyI6eyJyZXNpemUiOnsid2lkdGgiOjQwMH19fQ==,
Nike Air Rift Leather Black (Women's),Nike," IDR 1,250,000",https://cdn-old.kickavenue.com/eyJidWNrZXQiOiJraWNrYXZlbnVlLWFzc2V0cyIsImtleSI6InByb2R1Y3RzLzEyNTc2Mi9hM2JjZDJkNjM1MWM1YjYyOGUxZWFhZjE2YjRlZjBjZC5wbmciLCJlZGl0cyI6eyJyZXNpemUiOnsid2lkdGgiOjQwMH19fQ==," IDR 2,145,000"
Air Jordan 1 Low Pink Oxford (Women's),Air Jordan," IDR 1,850,000",https://cdn-old.kickavenue.com/eyJidWNrZXQiOiJraWNrYXZlbnVlLWFzc2V0cyIsImtleSI6InByb2R1Y3RzLzEyNTMwOC83NjljNzFmODM5ZGI3MTk3ZWMxMjgxOTA1ZGQ4ODFmNS5wbmciLCJlZGl0cyI6eyJyZXNpemUiOnsid2lkdGgiOjQwMH19fQ==," IDR 2,062,500"
Nike Dunk High Deep Royal Blue (Women's),Nike," IDR 1,370,000",https://cdn-old.kickavenue.com/eyJidWNrZXQiOiJraWNrYXZlbnVlLWFzc2V0cyIsImtleSI6InByb2R1Y3RzLzQwNjg3LzNiNzJlYzIzZTE0MTY0YzM4ZDA0YjNhZWZiZWU0ZTcxLmpwZWciLCJlZGl0cyI6eyJyZXNpemUiOnsid2lkdGgiOjQwMH19fQ==," IDR 1,980,000"
Air Jordan 1 High Zoom Air CMFT Pink Oxford (Women's),Air Jordan," IDR 900,000",https://cdn-old.kickavenue.com/eyJidWNrZXQiOiJraWNrYXZlbnVlLWFzc2V0cyIsImtleSI6InByb2R1Y3RzLzI5MTkwL2Q0ZTNiYzhhOTBiMTU0ZjI4MmM5OTc2NTFiMGRjN2JkLnBuZyIsImVkaXRzIjp7InJlc2l6ZSI6eyJ3aWR0aCI6NDAwfX19,
Nike V2K Run Light Bone College Grey Malt (Women's),Nike," IDR 2,000,000",https://cdn-old.kickavenue.com/eyJidWNrZXQiOiJraWNrYXZlbnVlLWFzc2V0cyIsImtleSI6InByb2R1Y3RzLzE0NDA4OC85YjgwMWFhMGJmNWViNGMwZWI5ZDg1ODAyNTY2YjcwNy5wbmciLCJlZGl0cyI6eyJyZXNpemUiOnsid2lkdGgiOjQwMH19fQ==,
Air Jordan Hex Slide Legend Pink (Women's),Air Jordan," IDR 350,000",https://cdn-old.kickavenue.com/eyJidWNrZXQiOiJraWNrYXZlbnVlLWFzc2V0cyIsImtleSI6InByb2R1Y3RzLzEwODAzMC9mNTBkMGI1ZDRkNjAxNTYwZDcxOTZiZTc3MTQ2NmQ4NS5wbmciLCJlZGl0cyI6eyJyZXNpemUiOnsid2lkdGgiOjQwMH19fQ==,
ASICS Gel-1130 White Midnight (Women's),ASICS," IDR 1,800,000",https://cdn-old.kickavenue.com/eyJidWNrZXQiOiJraWNrYXZlbnVlLWFzc2V0cyIsImtleSI6InByb2R1Y3RzLzYxMDYxLzllMTRkZDMyMGIzNjY4ZDE5NmMxNjYwODAyYjlhNTlkLnBuZyIsImVkaXRzIjp7InJlc2l6ZSI6eyJ3aWR0aCI6NDAwfX19,
Nike P-6000 Gold (Women's),Nike," IDR 1,000,000",https://cdn-old.kickavenue.com/eyJidWNrZXQiOiJraWNrYXZlbnVlLWFzc2V0cyIsImtleSI6InByb2R1Y3RzLzEyNzkzMS9hY2EzOTA4Mzk2MDVmYmY3OTQ5Nzc1ZTk5NjdhMjEwNS5wbmciLCJlZGl0cyI6eyJyZXNpemUiOnsid2lkdGgiOjQwMH19fQ==,
Adidas Samba OG White Pink Gum (Women's),Adidas," IDR 2,090,000",https://cdn-old.kickavenue.com/eyJidWNrZXQiOiJraWNrYXZlbnVlLWFzc2V0cyIsImtleSI6InByb2R1Y3RzLzE1MTU5NS82NTRlMjA0NzAyODc1ZjliNGZlYmY3MjY4NzY5MTNlOS5wbmciLCJlZGl0cyI6eyJyZXNpemUiOnsid2lkdGgiOjQwMH19fQ==,
New Balance 550 Linen (Women's),New Balance," IDR 950,000",https://cdn-old.kickavenue.com/eyJidWNrZXQiOiJraWNrYXZlbnVlLWFzc2V0cyIsImtleSI6InByb2R1Y3RzLzEwNDgwMy9jYjk2MGY0Yzg2MjU0YWNkY2Q2YmRhZmU1OGJhY2M0YS5wbmciLCJlZGl0cyI6eyJyZXNpemUiOnsid2lkdGgiOjQwMH19fQ==," IDR 1,999,000"
Adidas Handball Spezial Aluminum Core Black (Women's),Adidas," IDR 1,230,000",https://cdn-old.kickavenue.com/eyJidWNrZXQiOiJraWNrYXZlbnVlLWFzc2V0cyIsImtleSI6InByb2R1Y3RzLzczNjcxLzY5ZTBkOTFlOWVkZDU1ZTA3MjVlZTczZGRmNjQ0NGEyLnBuZyIsImVkaXRzIjp7InJlc2l6ZSI6eyJ3aWR0aCI6NDAwfX19," IDR 1,815,000"
Nike Air Max 1 White Black (Women's),Nike," IDR 1,040,000",https://cdn-old.kickavenue.com/eyJidWNrZXQiOiJraWNrYXZlbnVlLWFzc2V0cyIsImtleSI6InByb2R1Y3RzLzE0MDYxMy9lZjI5MDg0NDYzNTg4N2ZkMWNjM2U4ZDQ0OWNkMTNmNC5wbmciLCJlZGl0cyI6eyJyZXNpemUiOnsid2lkdGgiOjQwMH19fQ==,
Nike Dunk Low Photon Dust (Women's),Nike," IDR 1,150,000",https://cdn-old.kickavenue.com/eyJidWNrZXQiOiJraWNrYXZlbnVlLWFzc2V0cyIsImtleSI6InByb2R1Y3RzLzIyMjcxLzZlYTQ0NjYwZTFiYzY5ODkxMGIzMTkxNjU0YmMwMmIyLnBuZyIsImVkaXRzIjp7InJlc2l6ZSI6eyJ3aWR0aCI6NDAwfX19," IDR 1,549,000"
Adidas Taekwondo Black White (Women's),Adidas," IDR 1,000,000",https://cdn-old.kickavenue.com/eyJidWNrZXQiOiJraWNrYXZlbnVlLWFzc2V0cyIsImtleSI6InByb2R1Y3RzLzExMDkxMy80ZTljNGI0NTQzYjlmNzg1MmZhN2EwZjE3MWFjNWExZS5wbmciLCJlZGl0cyI6eyJyZXNpemUiOnsid2lkdGgiOjQwMH19fQ==,
Nike Dunk Low Easter (2022) (Women's),Nike," IDR 1,300,000",https://cdn-old.kickavenue.com/eyJidWNrZXQiOiJraWNrYXZlbnVlLWFzc2V0cyIsImtleSI6InByb2R1Y3RzLzMxNjI5L2MwN2M2NjIzMzAxMjc1MTFiODdiNWQ3N2EwNGQzYWYxLnBuZyIsImVkaXRzIjp7InJlc2l6ZSI6eyJ3aWR0aCI6NDAwfX19," IDR 1,549,000"
Nike Dunk Low Diffused Taupe (Women's),Nike," IDR 1,800,000",https://cdn-old.kickavenue.com/eyJidWNrZXQiOiJraWNrYXZlbnVlLWFzc2V0cyIsImtleSI6InByb2R1Y3RzLzcxMDEzLzExNzA0NmE5ZTJlMDkyMjA3ZTYwMWJjMTI4MjQxZDFiLnBuZyIsImVkaXRzIjp7InJlc2l6ZSI6eyJ3aWR0aCI6NDAwfX19,
Adidas Handball Spezial Sandy Pink Gum (Women's),Adidas," IDR 1,850,000",https://cdn-old.kickavenue.com/eyJidWNrZXQiOiJraWNrYXZlbnVlLWFzc2V0cyIsImtleSI6InByb2R1Y3RzLzExMjMzOS80ODRiYmRlMmUxOWI1ZDgzNzE0NjYzYmIzMDgwOTQ4Mi5wbmciLCJlZGl0cyI6eyJyZXNpemUiOnsid2lkdGgiOjQwMH19fQ==,
Nike Shox Z Bred Black (Women's),Nike," IDR 1,700,000",https://cdn-old.kickavenue.com/eyJidWNrZXQiOiJraWNrYXZlbnVlLWFzc2V0cyIsImtleSI6InByb2R1Y3RzLzE0NDQ2OS8yZDA4YjYzZDAzMzlmZWE1YjZlODVmZTE1ZTI4MmYwNy5wbmciLCJlZGl0cyI6eyJyZXNpemUiOnsid2lkdGgiOjQwMH19fQ==," IDR 2,227,500"
On The Roger Pro Fire White Pink (Women's),ON Running," IDR 5,200,000",https://cdn-old.kickavenue.com/eyJidWNrZXQiOiJraWNrYXZlbnVlLWFzc2V0cyIsImtleSI6InByb2R1Y3RzLzE0NDE2Mi82MmJjYWM3MzEzYWJhMjgzMDFjZjBhZTEyNmQ3N2Y0Ny5wbmciLCJlZGl0cyI6eyJyZXNpemUiOnsid2lkdGgiOjQwMH19fQ==,
Adidas Adizero Evo SL Core Black Iron Metallic (Women's),Adidas," IDR 2,250,000",https://cdn-old.kickavenue.com/eyJidWNrZXQiOiJraWNrYXZlbnVlLWFzc2V0cyIsImtleSI6InByb2R1Y3RzLzEzMjU3MC8xMmJkZTY1Zjk0MjA5ZjFiYTM2ZjVlODRiMmM1ODhkNS5wbmciLCJlZGl0cyI6eyJyZXNpemUiOnsid2lkdGgiOjQwMH19fQ==," IDR 2,475,000"
Puma Speedcat Go Red White (Women's),Puma," IDR 1,090,000",https://cdn-old.kickavenue.com/eyJidWNrZXQiOiJraWNrYXZlbnVlLWFzc2V0cyIsImtleSI6InByb2R1Y3RzLzEyNjk3MS82MDk1NDk4YmE2NWFjM2I3NDNjNmZhODk2ZDNmNzI4OS5wbmciLCJlZGl0cyI6eyJyZXNpemUiOnsid2lkdGgiOjQwMH19fQ==," IDR 1,485,000"
Nike Air Max Phenomena Burgundy Crush Black Metallic Silver (Women's),Nike," IDR 2,500,000",https://cdn-old.kickavenue.com/eyJidWNrZXQiOiJraWNrYXZlbnVlLWFzc2V0cyIsImtleSI6InByb2R1Y3RzLzE0NDg2Ni81ZGVkOWE4ODM3Y2FiY2RmNjQ4OTg0ZDA5NjVkZGJjNS5wbmciLCJlZGl0cyI6eyJyZXNpemUiOnsid2lkdGgiOjQwMH19fQ==,
Nike Zoom Vomero 5 Black Burgundy Crush Dark Team Red (Women's),Nike," IDR 1,500,000",https://cdn-old.kickavenue.com/eyJidWNrZXQiOiJraWNrYXZlbnVlLWFzc2V0cyIsImtleSI6InByb2R1Y3RzLzE0NTY1NC9lODg3ZWFmYjNkZGJiMTIyMGFhYjI4NDA3YTYzYjA4MC5wbmciLCJlZGl0cyI6eyJyZXNpemUiOnsid2lkdGgiOjQwMH19fQ==,
Adidas Handball Spezial Black Clear Pink Gum (Women's),Adidas," IDR 1,600,000",https://cdn-old.kickavenue.com/eyJidWNrZXQiOiJraWNrYXZlbnVlLWFzc2V0cyIsImtleSI6InByb2R1Y3RzLzk2MjA0L2E3ZjZiYWM3ODI2NWEyMDE0MjQ3Yzg4MGZmZjFmZGUzLnBuZyIsImVkaXRzIjp7InJlc2l6ZSI6eyJ3aWR0aCI6NDAwfX19,
ON Running Cloudtilt Pearl Fade (Women's),ON Running," IDR 2,640,000",https://cdn-old.kickavenue.com/eyJidWNrZXQiOiJraWNrYXZlbnVlLWFzc2V0cyIsImtleSI6InByb2R1Y3RzLzE0MDM0MS8yZDBiYmM5OGJkMjBlZWFmODRlMmMyMzhkMDM4MGYyNS5wbmciLCJlZGl0cyI6eyJyZXNpemUiOnsid2lkdGgiOjQwMH19fQ==,
Nike Dunk Low Next Nature Beige Sail (Women's),Nike," IDR 800,000",https://cdn-old.kickavenue.com/eyJidWNrZXQiOiJraWNrYXZlbnVlLWFzc2V0cyIsImtleSI6InByb2R1Y3RzLzY5Njg5LzlhMGJlODVhOTAzNWM4N2RkZmZhN2IyN2Q3NzEyY2U0LnBuZyIsImVkaXRzIjp7InJlc2l6ZSI6eyJ3aWR0aCI6NDAwfX19," IDR 1,549,000"
Vans Mary Jane Burgundy (Women's),Vans," IDR 2,200,000",https://cdn-old.kickavenue.com/eyJidWNrZXQiOiJraWNrYXZlbnVlLWFzc2V0cyIsImtleSI6InByb2R1Y3RzLzEwNTA0Mi8xZjAzODQxOWQxYjdiMzE2ZmU3MGI2MDcxODI3MjhkMC5wbmciLCJlZGl0cyI6eyJyZXNpemUiOnsid2lkdGgiOjQwMH19fQ==,
Adidas Ultra Boost 21 Triple Black (Women's),Adidas," IDR 950,000",https://cdn-old.kickavenue.com/eyJidWNrZXQiOiJraWNrYXZlbnVlLWFzc2V0cyIsImtleSI6InByb2R1Y3RzLzI4NTIwLzgxOGIzZDk3NGZmODcyMTdkZGQ1ZjRjZTNiYTg1YjE1LnBuZyIsImVkaXRzIjp7InJlc2l6ZSI6eyJ3aWR0aCI6NDAwfX19,
Adidas Samba Jane Green White Gum (Women's),Adidas," IDR 1,680,000",https://cdn-old.kickavenue.com/eyJidWNrZXQiOiJraWNrYXZlbnVlLWFzc2V0cyIsImtleSI6InByb2R1Y3RzLzE0MzUxMC83OTNmZjM0M2ZlMzM3NGI2YjYyNjA5MDc1MDIzMDNkNi5wbmciLCJlZGl0cyI6eyJyZXNpemUiOnsid2lkdGgiOjQwMH19fQ==," IDR 1,980,000"
Adidas Samba Ruffle Stripes Pack Black Off White (Women's),Adidas," IDR 900,000",https://cdn-old.kickavenue.com/eyJidWNrZXQiOiJraWNrYXZlbnVlLWFzc2V0cyIsImtleSI6InByb2R1Y3RzLzEzNTUwMy8wMDRlNDQ2YzViYWEzMmFmNjJmMWJkYTgwNjNjYjJiNi5wbmciLCJlZGl0cyI6eyJyZXNpemUiOnsid2lkdGgiOjQwMH19fQ==," IDR 1,650,000"
Air Jordan 1 Low UNC (Women's),Air Jordan," IDR 850,000",https://cdn-old.kickavenue.com/eyJidWNrZXQiOiJraWNrYXZlbnVlLWFzc2V0cyIsImtleSI6InByb2R1Y3RzLzgyNDAvMjE2ZTQ5YTQ0NzBhMmYwNTRiZWE5YzYxNGE4NTU4YTYucG5nIiwiZWRpdHMiOnsicmVzaXplIjp7IndpZHRoIjo0MDB9fX0=," IDR 1,485,000"
Air Jordan 1 High Zoom Air CMFT 2 Phantom University Blue (Women's),Air Jordan," IDR 600,000",https://cdn-old.kickavenue.com/eyJidWNrZXQiOiJraWNrYXZlbnVlLWFzc2V0cyIsImtleSI6InByb2R1Y3RzLzU2NjAxLzMzMzRlN2U2OTE3ZjBkODk5OWRlMjdjMTUyYjc0NDBiLmpwZWciLCJlZGl0cyI6eyJyZXNpemUiOnsid2lkdGgiOjQwMH19fQ==," IDR 2,475,000"
Nike Vomero Premium Pearl Pink Midnight Navy (Women's),Nike," IDR 6,200,000",https://cdn-old.kickavenue.com/eyJidWNrZXQiOiJraWNrYXZlbnVlLWFzc2V0cyIsImtleSI6InByb2R1Y3RzLzE1NjM4OC8zZjNhOWY5M2MwMTNjMTM0NTE1N2JjZmI1MTAzOTUxZS5wbmciLCJlZGl0cyI6eyJyZXNpemUiOnsid2lkdGgiOjQwMH19fQ==,
Adidas Samba OG White Legacy Teal (Women's),Adidas," IDR 1,260,000",https://cdn-old.kickavenue.com/eyJidWNrZXQiOiJraWNrYXZlbnVlLWFzc2V0cyIsImtleSI6InByb2R1Y3RzLzEwODcwNC85ODg0ZDJmMzNlNmE4ZjY2YzA3NDgyOTNkYzYxMTc5Mi5wbmciLCJlZGl0cyI6eyJyZXNpemUiOnsid2lkdGgiOjQwMH19fQ==,
Nike V2K Run Summit White Light Orewood Brown (Women's),Nike," IDR 1,530,000",https://cdn-old.kickavenue.com/eyJidWNrZXQiOiJraWNrYXZlbnVlLWFzc2V0cyIsImtleSI6InByb2R1Y3RzLzEwNzk2MC9hYTNiNWFlMGQ3MjFjZTY4YTVmMzRlMzUzYTJhOGMwZC5wbmciLCJlZGl0cyI6eyJyZXNpemUiOnsid2lkdGgiOjQwMH19fQ==," IDR 1,980,000"
Air Jordan 1 Mid Stealth (Women's),Air Jordan," IDR 850,000",https://cdn-old.kickavenue.com/eyJidWNrZXQiOiJraWNrYXZlbnVlLWFzc2V0cyIsImtleSI6InByb2R1Y3RzLzM5MDkxLzVkMDQxOGQ4NjMzNDIxMTBiYjQzZDdhNDcyN2MwOGExLnBuZyIsImVkaXRzIjp7InJlc2l6ZSI6eyJ3aWR0aCI6NDAwfX19," IDR 2,062,500"
Nike Air Rift Summit White (Women's),Nike," IDR 1,850,000",https://cdn-old.kickavenue.com/eyJidWNrZXQiOiJraWNrYXZlbnVlLWFzc2V0cyIsImtleSI6InByb2R1Y3RzLzg4MzA5LzUzNzJjYzk1NDg2OGQ0MjYyYjExMGM2ZDI3YjkxMjY4LnBuZyIsImVkaXRzIjp7InJlc2l6ZSI6eyJ3aWR0aCI6NDAwfX19,
ASICS Magic Speed 4 Soothing Sea Black (Women's),ASICS," IDR 2,500,000",https://cdn-old.kickavenue.com/eyJidWNrZXQiOiJraWNrYXZlbnVlLWFzc2V0cyIsImtleSI6InByb2R1Y3RzLzEzNTIzMC9kZWE5MzA0MDNjMDdjNTMyMzFjOTljZWJjOGNiOTk0ZC5wbmciLCJlZGl0cyI6eyJyZXNpemUiOnsid2lkdGgiOjQwMH19fQ==," IDR 2,805,000"
Onitsuka Tiger Mexico 66 TGRS Ivory Cream (Women's),Onitsuka Tiger," IDR 3,340,000",https://cdn-old.kickavenue.com/eyJidWNrZXQiOiJraWNrYXZlbnVlLWFzc2V0cyIsImtleSI6InByb2R1Y3RzLzEyOTE4My9hODkzYWNjMDVkYTE2MmMwYWRjMGIxN2RjYTkzN2I5ZC5wbmciLCJlZGl0cyI6eyJyZXNpemUiOnsid2lkdGgiOjQwMH19fQ==,
Adidas Samba OG Pink Spark Shadow Red (Women's),Adidas," IDR 2,360,000",https://cdn-old.kickavenue.com/eyJidWNrZXQiOiJraWNrYXZlbnVlLWFzc2V0cyIsImtleSI6InByb2R1Y3RzLzE1MjcyNi85MjdjZTZlODVhOTY5NGUxMGI2MDE0NWIzNzc5ODQ0NC5wbmciLCJlZGl0cyI6eyJyZXNpemUiOnsid2lkdGgiOjQwMH19fQ==,
Air Jordan 1 Elevate Low SE University Blue (Women's),Air Jordan," IDR 600,000",https://cdn-old.kickavenue.com/eyJidWNrZXQiOiJraWNrYXZlbnVlLWFzc2V0cyIsImtleSI6InByb2R1Y3RzLzMxOTk1L2Q4N2Y0MjVmZjczNWM4M2IyZDViMTY3MWQ4ZDk2ODA0LnBuZyIsImVkaXRzIjp7InJlc2l6ZSI6eyJ3aWR0aCI6NDAwfX19," IDR 2,310,000"
ON Running Cloudtilt Black Ivory (Women's),ON Running," IDR 2,990,000",https://cdn-old.kickavenue.com/eyJidWNrZXQiOiJraWNrYXZlbnVlLWFzc2V0cyIsImtleSI6InByb2R1Y3RzLzEwOTMyMS9iMjQ0OTdmOWFmOTk3OTFkNDNlNjhiNTNjYjE4NWMxZi5wbmciLCJlZGl0cyI6eyJyZXNpemUiOnsid2lkdGgiOjQwMH19fQ==,
Nike V2K Run Sail Pink (Women's),Nike," IDR 1,250,000",https://cdn-old.kickavenue.com/eyJidWNrZXQiOiJraWNrYXZlbnVlLWFzc2V0cyIsImtleSI6InByb2R1Y3RzLzEyOTUxOS9hZDRmNTNiMDlmNWQ0MGM1YjVlMGZiMDgwZDJhMTY3NS5wbmciLCJlZGl0cyI6eyJyZXNpemUiOnsid2lkdGgiOjQwMH19fQ==,
Nike Air Zoom Alphafly Next% 3 Coconut Milk Glacier Blue Off Noir (Women's),Nike," IDR 2,950,000",https://cdn-old.kickavenue.com/eyJidWNrZXQiOiJraWNrYXZlbnVlLWFzc2V0cyIsImtleSI6InByb2R1Y3RzLzEzMjYxNy8zZjhhMTFjNDVlYTdmMzBlYTBiN2M1NTRhNzBhYTEyZi5wbmciLCJlZGl0cyI6eyJyZXNpemUiOnsid2lkdGgiOjQwMH19fQ==," IDR 4,702,500"
Adidas Campus 00s Crystal White Core Black (Women's),Adidas," IDR 800,000",https://cdn-old.kickavenue.com/eyJidWNrZXQiOiJraWNrYXZlbnVlLWFzc2V0cyIsImtleSI6InByb2R1Y3RzLzczNjEzLzRjODViNGU5YzAxNmNjNzE0M2I1MGMyN2I5MTBkMDc5LnBuZyIsImVkaXRzIjp7InJlc2l6ZSI6eyJ3aWR0aCI6NDAwfX19," IDR 1,815,000"
Air Jordan 1 High Zoom Air CMFT Pink Glaze (Women's),Air Jordan," IDR 950,000",https://cdn-old.kickavenue.com/eyJidWNrZXQiOiJraWNrYXZlbnVlLWFzc2V0cyIsImtleSI6InByb2R1Y3RzLzIwOTAwL2M5NTgwNTBiMWI0ZjY1NzFkZWIzMTA0MjBiNmMyNTU5LnBuZyIsImVkaXRzIjp7InJlc2l6ZSI6eyJ3aWR0aCI6NDAwfX19," IDR 2,310,000"
Nike Shox TL Sail (Women's),Nike," IDR 1,550,000",https://cdn-old.kickavenue.com/eyJidWNrZXQiOiJraWNrYXZlbnVlLWFzc2V0cyIsImtleSI6InByb2R1Y3RzLzEzOTU2NC9kYmFlZGMyZWYxZGRjNTM1ZmRiY2RkNGE3ZTAxMzY2Mi5wbmciLCJlZGl0cyI6eyJyZXNpemUiOnsid2lkdGgiOjQwMH19fQ==," IDR 2,805,000"
Adidas Adizero Evo SL Powder Plum Zero Metalic (Women's),Adidas," IDR 2,800,000",https://cdn-old.kickavenue.com/eyJidWNrZXQiOiJraWNrYXZlbnVlLWFzc2V0cyIsImtleSI6InByb2R1Y3RzLzE0NTc2OC83ZTA3MzA1YmYyYjY2NmM4NjBmNDZkZDg0Y2E5Mzg0ZS5wbmciLCJlZGl0cyI6eyJyZXNpemUiOnsid2lkdGgiOjQwMH19fQ==,
Nike Dunk Low Disrupt 2 Hyper Royal (Women's),Nike," IDR 500,000",https://cdn-old.kickavenue.com/eyJidWNrZXQiOiJraWNrYXZlbnVlLWFzc2V0cyIsImtleSI6InByb2R1Y3RzLzMxMjQzL2FlMTIyNzNlMjMxOTI3YTQ1ZDM5YTU1YzZmZDk2MTg2LnBuZyIsImVkaXRzIjp7InJlc2l6ZSI6eyJ3aWR0aCI6NDAwfX19," IDR 1,549,000"
Adidas Handball Spezial Loafer Maroon Gum (Women's),Adidas," IDR 3,100,000",https://cdn-old.kickavenue.com/eyJidWNrZXQiOiJraWNrYXZlbnVlLWFzc2V0cyIsImtleSI6InByb2R1Y3RzLzE1NDQ0Mi9hZTA0N2I3NWM3YWQ4M2YxY2JmYWQ1YmYyOTQyODc2NC5wbmciLCJlZGl0cyI6eyJyZXNpemUiOnsid2lkdGgiOjQwMH19fQ==,
Nike Dunk High Panda (2021) (Women's),Nike," IDR 1,050,000",https://cdn-old.kickavenue.com/eyJidWNrZXQiOiJraWNrYXZlbnVlLWFzc2V0cyIsImtleSI6InByb2R1Y3RzLzIyNzEzLzAwNjQxMmQ3YjMxYmNhN2YyMDQ3NmYwM2Q3ZmI5OGIzLnBuZyIsImVkaXRzIjp7InJlc2l6ZSI6eyJ3aWR0aCI6NDAwfX19," IDR 1,815,000"
Onitsuka Tiger Mexico 66 TGRS Black (Women's),Onitsuka Tiger," IDR 3,500,000",https://cdn-old.kickavenue.com/eyJidWNrZXQiOiJraWNrYXZlbnVlLWFzc2V0cyIsImtleSI6InByb2R1Y3RzLzEyOTE4MC83MzUwZDczNGRjMjY3ZmRjMzA0YjkxZjY5OGYxOTc5Ni5wbmciLCJlZGl0cyI6eyJyZXNpemUiOnsid2lkdGgiOjQwMH19fQ==,
New Balance 574 Sea Salt (Women's),New Balance," IDR 850,000",https://cdn-old.kickavenue.com/eyJidWNrZXQiOiJraWNrYXZlbnVlLWFzc2V0cyIsImtleSI6InByb2R1Y3RzLzExNTE1Ni80ZjdhY2Q3MzhlNGY1Y2YzZGMyZTUyMmRlM2MxNGU4OS5wbmciLCJlZGl0cyI6eyJyZXNpemUiOnsid2lkdGgiOjQwMH19fQ==,
ON Running Cloudtilt Arctic Ice (Women's),ON Running," IDR 2,800,000",https://cdn-old.kickavenue.com/eyJidWNrZXQiOiJraWNrYXZlbnVlLWFzc2V0cyIsImtleSI6InByb2R1Y3RzLzEzNTkwOC9lNzY1MjBkMmY4ZTRiNDhlMzU4YWQ4M2EyNDBhMDRlOC5wbmciLCJlZGl0cyI6eyJyZXNpemUiOnsid2lkdGgiOjQwMH19fQ==,
Air Jordan Hex Slides Cacao Wow (Women's),Air Jordan," IDR 300,000",https://cdn-old.kickavenue.com/eyJidWNrZXQiOiJraWNrYXZlbnVlLWFzc2V0cyIsImtleSI6InByb2R1Y3RzLzc0OTIwL2RlMTM5YmY2NmE3NGU1OTliM2IzODY4ZWUwZDgyMmUyLnBuZyIsImVkaXRzIjp7InJlc2l6ZSI6eyJ3aWR0aCI6NDAwfX19," IDR 800,000"
Nike Cortez Nylon Black White (Women's),Nike," IDR 730,000",https://cdn-old.kickavenue.com/eyJidWNrZXQiOiJraWNrYXZlbnVlLWFzc2V0cyIsImtleSI6InByb2R1Y3RzLzY1NTQzLzhkMGZmYmRkZmQ4Njk3ZTNjMjJjMjE5MWI5ZDAyMmMwLnBuZyIsImVkaXRzIjp7InJlc2l6ZSI6eyJ3aWR0aCI6NDAwfX19," IDR 1,650,000"
Air Jordan 1 Retro High OG Twist 2.0 Medium Grey (Women's),Air Jordan," IDR 700,000",https://cdn-old.kickavenue.com/eyJidWNrZXQiOiJraWNrYXZlbnVlLWFzc2V0cyIsImtleSI6InByb2R1Y3RzLzQxNTcxL2RlNWNjNjc1NmIyOWRjYWU1NTY2OGE5ZDg3OTFlNTZmLmpwZWciLCJlZGl0cyI6eyJyZXNpemUiOnsid2lkdGgiOjQwMH19fQ==," IDR 2,970,000"
Air Jordan 4 Retro Cozy Girl Hemp Light Orewood Brown (Women's),Air Jordan," IDR 3,000,000",https://cdn-old.kickavenue.com/eyJidWNrZXQiOiJraWNrYXZlbnVlLWFzc2V0cyIsImtleSI6InByb2R1Y3RzLzE0NDczNS8zOWIwOGRiMTZiMjI4NjgwMGJjOWQzY2ZhOWNlNDI5MC5wbmciLCJlZGl0cyI6eyJyZXNpemUiOnsid2lkdGgiOjQwMH19fQ==," IDR 3,547,500"
ON Running Cloudmonster 3 White Frost (Women's),ON Running," IDR 3,900,000",https://cdn-old.kickavenue.com/eyJidWNrZXQiOiJraWNrYXZlbnVlLWFzc2V0cyIsImtleSI6InByb2R1Y3RzLzE1NDI3MC8zNjVhMTAzOTI4MjNhM2QxYWY5MWE4NTMwNTRkYzc0ZC5wbmciLCJlZGl0cyI6eyJyZXNpemUiOnsid2lkdGgiOjQwMH19fQ==,
New Balance 2002R Beige Navy (Women's),New Balance," IDR 1,250,000",https://cdn-old.kickavenue.com/eyJidWNrZXQiOiJraWNrYXZlbnVlLWFzc2V0cyIsImtleSI6InByb2R1Y3RzLzEwNzM3OC80MDY0Njc4OWU2ZTcwOWI5ZjJhMjdiMzg3MzBlNWRkZC5wbmciLCJlZGl0cyI6eyJyZXNpemUiOnsid2lkdGgiOjQwMH19fQ==,
Adidas Samba OG Cream Earth Strata Maroon (Women's),Adidas," IDR 2,700,000",https://cdn-old.kickavenue.com/eyJidWNrZXQiOiJraWNrYXZlbnVlLWFzc2V0cyIsImtleSI6InByb2R1Y3RzLzE1MTMzMy8yY2U5MTQ4YTg4MzMyZGQzYzQ1ZjA0NDE1YmUzYzI3MS5wbmciLCJlZGl0cyI6eyJyZXNpemUiOnsid2lkdGgiOjQwMH19fQ==,
New Balance Fuel Cell Rebel V5 Urgent Red White Silver (Women's),New Balance," IDR 1,800,000",https://cdn-old.kickavenue.com/eyJidWNrZXQiOiJraWNrYXZlbnVlLWFzc2V0cyIsImtleSI6InByb2R1Y3RzLzEzNTkzOC9jOTFjMjVkNzAyZWFjMjgwOWIxOTQ1ZDcwMTliZmQ2MC5wbmciLCJlZGl0cyI6eyJyZXNpemUiOnsid2lkdGgiOjQwMH19fQ==," IDR 2,310,000"
Nike Wmns Revolution 6 Next Nature 'Dark Smoke Grey Metallic Copper',Nike," IDR 350,000",https://cdn-old.kickavenue.com/eyJidWNrZXQiOiJraWNrYXZlbnVlLWFzc2V0cyIsImtleSI6InByb2R1Y3RzLzg3OTA3LzU1NzVjMWE0YTcwMTY4NWVlZTVlNzVhMDEwZDNkYmQ5LnBuZyIsImVkaXRzIjp7InJlc2l6ZSI6eyJ3aWR0aCI6NDAwfX19,
Adidas Samba Jane Scarlet White Gum (Women's),Adidas," IDR 1,250,000",https://cdn-old.kickavenue.com/eyJidWNrZXQiOiJraWNrYXZlbnVlLWFzc2V0cyIsImtleSI6InByb2R1Y3RzLzEzMjkzOC83YTQwZTI2MDcyZTE2ZmJmNTE2MjNhMjk3YzZlNTM1Zi5wbmciLCJlZGl0cyI6eyJyZXNpemUiOnsid2lkdGgiOjQwMH19fQ==,
Air Jordan 1 Low Black Guava Ice (Speckled Midsole) (Women's),Air Jordan," IDR 1,400,000",https://cdn-old.kickavenue.com/eyJidWNrZXQiOiJraWNrYXZlbnVlLWFzc2V0cyIsImtleSI6InByb2R1Y3RzLzE0Mjg5My80ZDUxNWFlMzAyMDJiMjIwZWE0YjM4ZWJkZmIyMDlhMS5wbmciLCJlZGl0cyI6eyJyZXNpemUiOnsid2lkdGgiOjQwMH19fQ==," IDR 1,650,000"
Adidas Samba OG Hazy Green (Women's),Adidas," IDR 1,500,000",https://cdn-old.kickavenue.com/eyJidWNrZXQiOiJraWNrYXZlbnVlLWFzc2V0cyIsImtleSI6InByb2R1Y3RzLzExMjAxMi9hNDg0N2Y5NjRhNmIwMzY0ZDU3ZjM2NGUxMmIwYTA4Ny5wbmciLCJlZGl0cyI6eyJyZXNpemUiOnsid2lkdGgiOjQwMH19fQ==,
Air Jordan Hex Slides Team Gold (Women's),Air Jordan," IDR 350,000",https://cdn-old.kickavenue.com/eyJidWNrZXQiOiJraWNrYXZlbnVlLWFzc2V0cyIsImtleSI6InByb2R1Y3RzLzc0OTIxL2M2ZjBjNTIwZWE4M2FhN2JkNjg5YzQzMzNmYWQyNTRkLnBuZyIsImVkaXRzIjp7InJlc2l6ZSI6eyJ3aWR0aCI6NDAwfX19,
ASICS Gel-Challenger 15 Cream Bright Rose (Women's),ASICS," IDR 2,450,000",https://cdn-old.kickavenue.com/eyJidWNrZXQiOiJraWNrYXZlbnVlLWFzc2V0cyIsImtleSI6InByb2R1Y3RzLzEzOTY1NS8wMDRlMTVlNzRjNDA4N2Y0NTQ0ZTc0MjdkNzMwNzg5NS5wbmciLCJlZGl0cyI6eyJyZXNpemUiOnsid2lkdGgiOjQwMH19fQ==,
Nike V2K Run Metallic Dark Grey Burgundy Crush (Women's),Nike," IDR 1,250,000",https://cdn-old.kickavenue.com/eyJidWNrZXQiOiJraWNrYXZlbnVlLWFzc2V0cyIsImtleSI6InByb2R1Y3RzLzEyOTczMC9mODY5OGVmNjdiNzQzMTdjZWIwMDgxZWI4MzZmODUxYy5wbmciLCJlZGl0cyI6eyJyZXNpemUiOnsid2lkdGgiOjQwMH19fQ==," IDR 1,815,000"
On Running Cloudtilt Pearl Ice (Women's),ON Running," IDR 3,230,000",https://cdn-old.kickavenue.com/eyJidWNrZXQiOiJraWNrYXZlbnVlLWFzc2V0cyIsImtleSI6InByb2R1Y3RzLzEyMTgzNy83NmU5N2MwZDcyMWNjY2VhNmNmODllNGZhYTUxNDRhZi5wbmciLCJlZGl0cyI6eyJyZXNpemUiOnsid2lkdGgiOjQwMH19fQ==,
Puma Speedcat Wild Chocolate Warm White (Women's),Puma," IDR 2,370,000",https://cdn-old.kickavenue.com/eyJidWNrZXQiOiJraWNrYXZlbnVlLWFzc2V0cyIsImtleSI6InByb2R1Y3RzLzE0NjU5Mi82NmI3ODI4OTFjNDA4ODZjZGY5NjUzMTY3NTg1MjM0Mi5wbmciLCJlZGl0cyI6eyJyZXNpemUiOnsid2lkdGgiOjQwMH19fQ==,
Adidas Taekwondo Mei Ballet Black White (Women's),Adidas," IDR 950,000",https://cdn-old.kickavenue.com/eyJidWNrZXQiOiJraWNrYXZlbnVlLWFzc2V0cyIsImtleSI6InByb2R1Y3RzLzEyNzg0OC8zZmFjYWMzYmY5NjAzMWQ3NDE5OWVjMTk0MzhjYTYwZi5wbmciLCJlZGl0cyI6eyJyZXNpemUiOnsid2lkdGgiOjQwMH19fQ==,
Nike Air Force 1 Low 07 Triple Black (Women's),Nike," IDR 950,000",https://cdn-old.kickavenue.com/eyJidWNrZXQiOiJraWNrYXZlbnVlLWFzc2V0cyIsImtleSI6InByb2R1Y3RzLzMyMTUxLzRmYzNiM2JmY2NjMWVmMmM4MjViMmRkOTYzYTRlNTEwLnBuZyIsImVkaXRzIjp7InJlc2l6ZSI6eyJ3aWR0aCI6NDAwfX19," IDR 1,485,000"
Nike Zoom Vomero 5 Sail Particle Pink (Women's),Nike," IDR 2,000,000",https://cdn-old.kickavenue.com/eyJidWNrZXQiOiJraWNrYXZlbnVlLWFzc2V0cyIsImtleSI6InByb2R1Y3RzLzE0MDQwNi9jYjg2MWE4OTM3YzA0OGNjNDZlYjAxYzdjMThmNDZkOS5wbmciLCJlZGl0cyI6eyJyZXNpemUiOnsid2lkdGgiOjQwMH19fQ==," IDR 2,805,000"
Nike Air Rift SE Light Soft Pink Ribbon (Women's),Nike," IDR 1,500,000",https://cdn-old.kickavenue.com/eyJidWNrZXQiOiJraWNrYXZlbnVlLWFzc2V0cyIsImtleSI6InByb2R1Y3RzLzExMzg0NC8zY2E2YTk1MGYxYTMyYjg2ODRiOWEyY2ZlM2UxZmRjOS5wbmciLCJlZGl0cyI6eyJyZXNpemUiOnsid2lkdGgiOjQwMH19fQ==," IDR 2,029,500"
Air Jordan 1 High Zoom Air CMFT Patent Chicago (Women's),Air Jordan," IDR 1,000,000",https://cdn-old.kickavenue.com/eyJidWNrZXQiOiJraWNrYXZlbnVlLWFzc2V0cyIsImtleSI6InByb2R1Y3RzLzMwMTA4L2UyYzIyYzJhM2Y1YjU4MjNlYWRjNTAwNTE3MGQxMTI4LnBuZyIsImVkaXRzIjp7InJlc2l6ZSI6eyJ3aWR0aCI6NDAwfX19," IDR 2,310,000"
Nike Air Max Muse Black Metallic Silver (Women's),Nike," IDR 2,500,000",https://cdn-old.kickavenue.com/eyJidWNrZXQiOiJraWNrYXZlbnVlLWFzc2V0cyIsImtleSI6InByb2R1Y3RzLzExOTUxNy9kZGRkM2E5ZmQzZmU1NTE4NTcwZGRmODNhZDc0MjMwYS5wbmciLCJlZGl0cyI6eyJyZXNpemUiOnsid2lkdGgiOjQwMH19fQ==," IDR 2,640,000"
Adidas Handball Spezial Maroon Cream White (Women's),Adidas," IDR 1,750,000",https://cdn-old.kickavenue.com/eyJidWNrZXQiOiJraWNrYXZlbnVlLWFzc2V0cyIsImtleSI6InByb2R1Y3RzLzEyOTkxNi9mYWNjOTZlYzNiNzdkZWJhODIzNjQ4ZDA3ZjFlYWM3Mi5wbmciLCJlZGl0cyI6eyJyZXNpemUiOnsid2lkdGgiOjQwMH19fQ==," IDR 1,815,000"
Adidas Handball Spezial Loafer Leopard (Women's),Adidas," IDR 3,100,000",https://cdn-old.kickavenue.com/eyJidWNrZXQiOiJraWNrYXZlbnVlLWFzc2V0cyIsImtleSI6InByb2R1Y3RzLzE1NDQ0NC85NDQ4OTNhMWU2MWNlMTY3OGNmMjIyZGZkMzMzZjQ3Ni5wbmciLCJlZGl0cyI6eyJyZXNpemUiOnsid2lkdGgiOjQwMH19fQ==,
Nike P-6000 White Gold Red (Women's),Nike," IDR 1,190,000",https://cdn-old.kickavenue.com/eyJidWNrZXQiOiJraWNrYXZlbnVlLWFzc2V0cyIsImtleSI6InByb2R1Y3RzLzczNDkvZWE1ODcyZTctM2U3OS00YTViLWFkN2EtMmYxYTliNDgyZDYxLmpwZWciLCJlZGl0cyI6eyJyZXNpemUiOnsid2lkdGgiOjQwMH19fQ==," IDR 1,650,000"
Nike Air Max Plus SE Night Maroon Metallic Silver (Women's),Nike," IDR 3,480,000",https://cdn-old.kickavenue.com/eyJidWNrZXQiOiJraWNrYXZlbnVlLWFzc2V0cyIsImtleSI6InByb2R1Y3RzLzE0MDU5OS82NGYxNDJmZTZkMTQ4ZGExYjI4OTA3Yzc4MWI4MGI0Yy5wbmciLCJlZGl0cyI6eyJyZXNpemUiOnsid2lkdGgiOjQwMH19fQ==,
Nike Air Max 1 '86 OG Big Bubble Royal (Women's),Nike," IDR 1,200,000",https://cdn-old.kickavenue.com/eyJidWNrZXQiOiJraWNrYXZlbnVlLWFzc2V0cyIsImtleSI6InByb2R1Y3RzLzk4Mjg5L2YyZWJjOWUzNGFmMzgwNjg5MDE1ZDNiOGFiZjZjODNjLnBuZyIsImVkaXRzIjp7InJlc2l6ZSI6eyJ3aWR0aCI6NDAwfX19," IDR 2,380,000"
Nike Dunk Low Patent Halloween (Women's),Nike," IDR 1,650,000",https://cdn-old.kickavenue.com/eyJidWNrZXQiOiJraWNrYXZlbnVlLWFzc2V0cyIsImtleSI6InByb2R1Y3RzLzM5ODQyLzRiMjhhM2UyNTBlNjFiMzdlNDQyYmY4YzA2YTQzNTQ4LnBuZyIsImVkaXRzIjp7InJlc2l6ZSI6eyJ3aWR0aCI6NDAwfX19,
Air Jordan 1 Mid Wolf Grey Aluminum (Women's),Air Jordan," IDR 1,170,000",https://cdn-old.kickavenue.com/eyJidWNrZXQiOiJraWNrYXZlbnVlLWFzc2V0cyIsImtleSI6InByb2R1Y3RzLzI0MDE2LzcwMDMwODM3MGYwNGRlMDQxNzMyM2NhMTFjYTgxMDk0LnBuZyIsImVkaXRzIjp7InJlc2l6ZSI6eyJ3aWR0aCI6NDAwfX19," IDR 1,897,500"
Nike V5 RNR Red Sepia (Women's),Nike," IDR 1,550,000",https://cdn-old.kickavenue.com/eyJidWNrZXQiOiJraWNrYXZlbnVlLWFzc2V0cyIsImtleSI6InByb2R1Y3RzLzE0NDI4NC8xNzFjMTZlZjAwZDk3YzBiYzk4MjNiYmY4M2I0NWI0Zi5wbmciLCJlZGl0cyI6eyJyZXNpemUiOnsid2lkdGgiOjQwMH19fQ==,
ASICS Gel-Kayano 14 Cream Pepper (Women's),ASICS," IDR 1,800,000",https://cdn-old.kickavenue.com/eyJidWNrZXQiOiJraWNrYXZlbnVlLWFzc2V0cyIsImtleSI6InByb2R1Y3RzLzExMDE2OS9lZjA2MGM4MzljY2M5MzNlYTY3ODEzNDI5YjJhYTkyOS5wbmciLCJlZGl0cyI6eyJyZXNpemUiOnsid2lkdGgiOjQwMH19fQ==,
Air Jordan 1 Mid SE Split Beach Cherrywood Red (Women's),Air Jordan," IDR 860,000",https://cdn-old.kickavenue.com/eyJidWNrZXQiOiJraWNrYXZlbnVlLWFzc2V0cyIsImtleSI6InByb2R1Y3RzLzQyMTE3LzNiNTNiNGRlZjJkMDc0OWVlZWY4MDM2NTFiNWM0NGE0LmpwZWciLCJlZGl0cyI6eyJyZXNpemUiOnsid2lkdGgiOjQwMH19fQ==," IDR 2,227,500"
ASICS Gel-1130 Cloud Grey Oatmeal (Women's),ASICS," IDR 2,200,000",https://cdn-old.kickavenue.com/eyJidWNrZXQiOiJraWNrYXZlbnVlLWFzc2V0cyIsImtleSI6InByb2R1Y3RzLzE0MzA2NS85N2I5NzgxMmJlMDk5MTVmZDA4YmM4ODZiY2QxYzFjNC5wbmciLCJlZGl0cyI6eyJyZXNpemUiOnsid2lkdGgiOjQwMH19fQ==,
Nike Air Max Solo Triple Black (Women's),Nike," IDR 750,000",https://cdn-old.kickavenue.com/eyJidWNrZXQiOiJraWNrYXZlbnVlLWFzc2V0cyIsImtleSI6InByb2R1Y3RzLzc1NDYzLzJhMDY1YmQ1ZmY4YWExZDVmZjBjMDdkMGI4ZDM0ZmRmLnBuZyIsImVkaXRzIjp7InJlc2l6ZSI6eyJ3aWR0aCI6NDAwfX19,
Nike Moon Shoe Soft Pearl Black (Women's),Nike," IDR 2,040,000",https://cdn-old.kickavenue.com/eyJidWNrZXQiOiJraWNrYXZlbnVlLWFzc2V0cyIsImtleSI6InByb2R1Y3RzLzE1NTk2MC80N2JiMTliOGRjN2NjMTc3NjVlNjcwYTdkNmM2Yzc1Yi5wbmciLCJlZGl0cyI6eyJyZXNpemUiOnsid2lkdGgiOjQwMH19fQ==,
Nike Air Force 1 Low '07 White Black (Women's),Nike," IDR 750,000",https://cdn-old.kickavenue.com/eyJidWNrZXQiOiJraWNrYXZlbnVlLWFzc2V0cyIsImtleSI6InByb2R1Y3RzLzMyNTA0LzU3ZmQzNWYxN2Q4MzFiNmIwMDdmZDA5YTJlZDljZDhkLnBuZyIsImVkaXRzIjp7InJlc2l6ZSI6eyJ3aWR0aCI6NDAwfX19," IDR 1,650,000"
Nike Zoom Vomero 5 Pearl White (Women's),Nike," IDR 1,300,000",https://cdn-old.kickavenue.com/eyJidWNrZXQiOiJraWNrYXZlbnVlLWFzc2V0cyIsImtleSI6InByb2R1Y3RzLzEwOTUwMi9hZmM1NjhhZjFlYjgzNjI4MTVkYTBhOTk4ZGQ0M2JmMy5wbmciLCJlZGl0cyI6eyJyZXNpemUiOnsid2lkdGgiOjQwMH19fQ==,
Air Jordan 1 Low Pastel Purple (Women's),Air Jordan," IDR 1,770,000",https://cdn-old.kickavenue.com/eyJidWNrZXQiOiJraWNrYXZlbnVlLWFzc2V0cyIsImtleSI6InByb2R1Y3RzLzM3MDE1LzYxZjI4ZDUyMjk3YzNkZTg0ODU2YjgwY2I1ZWE1NGU5LnBuZyIsImVkaXRzIjp7InJlc2l6ZSI6eyJ3aWR0aCI6NDAwfX19," IDR 1,815,000"
Nike Court Vision Low Next Nature Triple White (Women's),Nike," IDR 580,000",https://cdn-old.kickavenue.com/eyJidWNrZXQiOiJraWNrYXZlbnVlLWFzc2V0cyIsImtleSI6InByb2R1Y3RzLzMyNTkwLzI3ZjMxMTEyMTlkYjIyNmRkMmE4MWUxZWNkZTE0YzRmLnBuZyIsImVkaXRzIjp7InJlc2l6ZSI6eyJ3aWR0aCI6NDAwfX19," IDR 990,000"
Nike Dunk Low Summit White Photon Dust (Women's),Nike," IDR 1,400,000",https://cdn-old.kickavenue.com/eyJidWNrZXQiOiJraWNrYXZlbnVlLWFzc2V0cyIsImtleSI6InByb2R1Y3RzLzE1MTYxMi81NGIzZTE2MTcwY2Y5MTM3NThhOTgwZTNmNjBjZTdkZS5wbmciLCJlZGl0cyI6eyJyZXNpemUiOnsid2lkdGgiOjQwMH19fQ==," IDR 2,062,500"
Nike Zoom Vomero 5 Phantom Particle Beige (Women's),Nike," IDR 1,750,000",https://cdn-old.kickavenue.com/eyJidWNrZXQiOiJraWNrYXZlbnVlLWFzc2V0cyIsImtleSI6InByb2R1Y3RzLzEyOTUzMS8wMzM1Yzk3NTA1ODNkMTg1MWRjNGNmZWE3NmU5ZGFlOS5wbmciLCJlZGl0cyI6eyJyZXNpemUiOnsid2lkdGgiOjQwMH19fQ==,
Air Jordan 1 Low Aluminum (Women's),Air Jordan," IDR 1,500,000",https://cdn-old.kickavenue.com/eyJidWNrZXQiOiJraWNrYXZlbnVlLWFzc2V0cyIsImtleSI6InByb2R1Y3RzLzM5NjQwL2Q4ZWUzYjQ4NWRmMTJlNTY0N2UxYTQwNWY1MzcxYjk5LnBuZyIsImVkaXRzIjp7InJlc2l6ZSI6eyJ3aWR0aCI6NDAwfX19," IDR 1,650,000"
Air Jordan 1 Low SE White Glacier Blue (Women's),Air Jordan," IDR 2,080,000",https://cdn-old.kickavenue.com/eyJidWNrZXQiOiJraWNrYXZlbnVlLWFzc2V0cyIsImtleSI6InByb2R1Y3RzLzEwOTY0NC8zOWRlNGUxN2U4NDJmYTU1NjVkNDQ1ZWVhMTBmYzZkOS5wbmciLCJlZGl0cyI6eyJyZXNpemUiOnsid2lkdGgiOjQwMH19fQ==,
Nike Waffle Debut Soft Pearl (Women's),Nike," IDR 530,000",https://cdn-old.kickavenue.com/eyJidWNrZXQiOiJraWNrYXZlbnVlLWFzc2V0cyIsImtleSI6InByb2R1Y3RzLzExOTg0NC82YTI2ZmE5OGY3MzkzNWM1ODc5YzRmNzYxNGVhNzllMi5wbmciLCJlZGl0cyI6eyJyZXNpemUiOnsid2lkdGgiOjQwMH19fQ==,
Puma Speedcat Ballet SD Fresh Water Gum (Women's),Puma," IDR 1,750,000",https://cdn-old.kickavenue.com/eyJidWNrZXQiOiJraWNrYXZlbnVlLWFzc2V0cyIsImtleSI6InByb2R1Y3RzLzE1MjA5Ni85YjQ5N2Y2NjdlZTViMzExNTNiNGMzOTMwNzc1YWRkNS5wbmciLCJlZGl0cyI6eyJyZXNpemUiOnsid2lkdGgiOjQwMH19fQ==,
ON Running Cloudtilt Rock Ivory (Women's),ON Running," IDR 3,200,000",https://cdn-old.kickavenue.com/eyJidWNrZXQiOiJraWNrYXZlbnVlLWFzc2V0cyIsImtleSI6InByb2R1Y3RzLzEyMzUxNS8zZDBhY2ZlZDNkYmI2YzYwYzJlMmU1NDdkYWFiNzZiYi5wbmciLCJlZGl0cyI6eyJyZXNpemUiOnsid2lkdGgiOjQwMH19fQ==,
Nike Air Rift Breathe (Women's),Nike," IDR 2,990,000",https://cdn-old.kickavenue.com/eyJidWNrZXQiOiJraWNrYXZlbnVlLWFzc2V0cyIsImtleSI6InByb2R1Y3RzLzY4NTAyLzZkNWFiZTQ0OTQ5YTkzZDViOTg0MDFkOGU3ZWYzYjcwLnBuZyIsImVkaXRzIjp7InJlc2l6ZSI6eyJ3aWR0aCI6NDAwfX19,
Puma Palermo Moda Surrealc Midnight Plum Gum (Women's),Puma," IDR 850,000",https://cdn-old.kickavenue.com/eyJidWNrZXQiOiJraWNrYXZlbnVlLWFzc2V0cyIsImtleSI6InByb2R1Y3RzLzEzNDkwMi9hY2QzZmYyMmVkY2JkMzU0OGJjMDcwOThiMDQ0MTI1Zi5wbmciLCJlZGl0cyI6eyJyZXNpemUiOnsid2lkdGgiOjQwMH19fQ==,
Nike Air Rift Breathe Black (Women's),Nike," IDR 1,550,000",https://cdn-old.kickavenue.com/eyJidWNrZXQiOiJraWNrYXZlbnVlLWFzc2V0cyIsImtleSI6InByb2R1Y3RzLzEzMzcwMS8yNDAzOTc4MGY2ODMwZDFhN2MwOTdjZGM3ODY2ODNiYi5wbmciLCJlZGl0cyI6eyJyZXNpemUiOnsid2lkdGgiOjQwMH19fQ==,
Air Jordan 1 Retro High Court Purple (Women's),Air Jordan," IDR 800,000",https://cdn-old.kickavenue.com/eyJidWNrZXQiOiJraWNrYXZlbnVlLWFzc2V0cyIsImtleSI6InByb2R1Y3RzLzIyNzMyLzEwODQ3MDNhYTg2Y2ExMDdmOTUxMmM2NzUwMDRkMjA4LnBuZyIsImVkaXRzIjp7InJlc2l6ZSI6eyJ3aWR0aCI6NDAwfX19," IDR 2,805,000"
Puma Speedcat Ballet White Alpine Snow (Women's),Puma," IDR 1,600,000",https://cdn-old.kickavenue.com/eyJidWNrZXQiOiJraWNrYXZlbnVlLWFzc2V0cyIsImtleSI6InByb2R1Y3RzLzEzMTI5OC9lZmY4ZTg3M2E5OTAyMzM0NjA0ZWM2ODk3YWVjOWJhZi5wbmciLCJlZGl0cyI6eyJyZXNpemUiOnsid2lkdGgiOjQwMH19fQ==,
On Running Cloud 5 All White (Women's),ON Running," IDR 1,900,000",https://cdn-old.kickavenue.com/eyJidWNrZXQiOiJraWNrYXZlbnVlLWFzc2V0cyIsImtleSI6InByb2R1Y3RzLzk2ODkwLzMzMjlmNzgzZGZiYzI3OWE1NDNhZDEzNzE1YzEyOWUxLnBuZyIsImVkaXRzIjp7InJlc2l6ZSI6eyJ3aWR0aCI6NDAwfX19,
Nike Air Force 1 Low 07 XLD Valentine's Day 2024 (Women's),Nike," IDR 800,000",https://cdn-old.kickavenue.com/eyJidWNrZXQiOiJraWNrYXZlbnVlLWFzc2V0cyIsImtleSI6InByb2R1Y3RzLzk1NzI2L2QzNzkyOTFjYTJiYzg0MDZlZjhjYjI2Y2YwYTIyZDQwLnBuZyIsImVkaXRzIjp7InJlc2l6ZSI6eyJ3aWR0aCI6NDAwfX19," IDR 1,815,000"
Adidas Y-3 Avacourt 2 Orbit Grey Black (Women's),Adidas," IDR 3,950,000",https://cdn-old.kickavenue.com/eyJidWNrZXQiOiJraWNrYXZlbnVlLWFzc2V0cyIsImtleSI6InByb2R1Y3RzLzE0NDQ4OS9iZWVjYzQ0NTE0Y2MyMDBmMGQ1MTRhOGM3YWQ2OWI4NC5wbmciLCJlZGl0cyI6eyJyZXNpemUiOnsid2lkdGgiOjQwMH19fQ==,
Nike Dunk Low Vintage Panda (Women's),Nike," IDR 850,000",https://cdn-old.kickavenue.com/eyJidWNrZXQiOiJraWNrYXZlbnVlLWFzc2V0cyIsImtleSI6InByb2R1Y3RzLzY4Nzc0LzU1MTMwYzg5ZTYzMTcyMzMxMDA3ZTQwNmUyMWJjMTM1LnBuZyIsImVkaXRzIjp7InJlc2l6ZSI6eyJ3aWR0aCI6NDAwfX19," IDR 1,909,000"
New Balance 327 Moonbeam Classic Burgundy (Women's),New Balance," IDR 1,600,000",https://cdn-old.kickavenue.com/eyJidWNrZXQiOiJraWNrYXZlbnVlLWFzc2V0cyIsImtleSI6InByb2R1Y3RzLzM4OTM0L2U0OTdmYjk5NTAxOWY0ZTI1ZGZlOWZlYzI4NmU3MzM2LnBuZyIsImVkaXRzIjp7InJlc2l6ZSI6eyJ3aWR0aCI6NDAwfX19,
Nike Zoom Fly 5 Total Orange Ghost Green (Women's),Nike," IDR 550,000",https://cdn-old.kickavenue.com/eyJidWNrZXQiOiJraWNrYXZlbnVlLWFzc2V0cyIsImtleSI6InByb2R1Y3RzLzkwMTMwL2FkNDUwZWM0MzkzZjM5ZDA1ZmFlMTc2ZDQyMDFkY2RmLnBuZyIsImVkaXRzIjp7InJlc2l6ZSI6eyJ3aWR0aCI6NDAwfX19," IDR 2,640,000"
Nike P-6000 Summit White Kelly Green (Women's),Nike," IDR 1,390,000",https://cdn-old.kickavenue.com/eyJidWNrZXQiOiJraWNrYXZlbnVlLWFzc2V0cyIsImtleSI6InByb2R1Y3RzLzE0MDMyNS8yOTgxZDhiMWQ1ZTVmYzM1ODhjN2Q0YWU3OTRhZmVhYS5wbmciLCJlZGl0cyI6eyJyZXNpemUiOnsid2lkdGgiOjQwMH19fQ==," IDR 1,815,000"
Nike Air Max Plus SE Black Chrome (Women's),Nike," IDR 4,600,000",https://cdn-old.kickavenue.com/eyJidWNrZXQiOiJraWNrYXZlbnVlLWFzc2V0cyIsImtleSI6InByb2R1Y3RzLzExOTc4Mi9lOTI4ZmZjNTUzNmQwNzg4YjFkMTE4NTAyODc5M2FkYS5wbmciLCJlZGl0cyI6eyJyZXNpemUiOnsid2lkdGgiOjQwMH19fQ==,
Nike Dunk Low White Particle Rose (Women's),Nike," IDR 2,100,000",https://cdn-old.kickavenue.com/eyJidWNrZXQiOiJraWNrYXZlbnVlLWFzc2V0cyIsImtleSI6InByb2R1Y3RzLzE1MTY2MS82MGZlMTU2YjdmZTQyYjYzMTgwNjliYzg3NTY2MDllYy5wbmciLCJlZGl0cyI6eyJyZXNpemUiOnsid2lkdGgiOjQwMH19fQ==,
Adidas Tokyo MJ Crystal Sky Cream White (Women's),Adidas," IDR 3,000,000",https://cdn-old.kickavenue.com/eyJidWNrZXQiOiJraWNrYXZlbnVlLWFzc2V0cyIsImtleSI6InByb2R1Y3RzLzE1NDc4OS83OTgzYWUzZjI3OWNjZWFlYTc4MDRkMzkwNDBlYmQ1NC5wbmciLCJlZGl0cyI6eyJyZXNpemUiOnsid2lkdGgiOjQwMH19fQ==,
Nike Juniper Trail 2 GORE-TEX Black Cool Grey(Women's),Nike," IDR 1,030,000",https://cdn-old.kickavenue.com/eyJidWNrZXQiOiJraWNrYXZlbnVlLWFzc2V0cyIsImtleSI6InByb2R1Y3RzLzg3NTg2LzRlNTRmYWNjNmExZjU5NzIwMjMwMWQ0NjFkOWZiNTNjLnBuZyIsImVkaXRzIjp7InJlc2l6ZSI6eyJ3aWR0aCI6NDAwfX19,
Air Jordan 4 Retro Valentine's Day Sierra Red (Women's),Air Jordan," IDR 2,400,000",https://cdn-old.kickavenue.com/eyJidWNrZXQiOiJraWNrYXZlbnVlLWFzc2V0cyIsImtleSI6InByb2R1Y3RzLzE1MzQ5Ni9iMTk4Yjc5ZWIxYjcwNTI5NWI4OWY4NGJhODg1YzMyNC5wbmciLCJlZGl0cyI6eyJyZXNpemUiOnsid2lkdGgiOjQwMH19fQ==," IDR 3,630,000"
Puma Palermo Cobalt Glaze Gum (Women's),Puma," IDR 800,000",https://cdn-old.kickavenue.com/eyJidWNrZXQiOiJraWNrYXZlbnVlLWFzc2V0cyIsImtleSI6InByb2R1Y3RzLzEwODUwNy80YmE1M2Q3YTAxM2ViMTUyNjA5ZmUwYmQ2MTc0Njk4Ni5wbmciLCJlZGl0cyI6eyJyZXNpemUiOnsid2lkdGgiOjQwMH19fQ==,
Nike Air Rift Premium Parachute Beige (Women's),Nike," IDR 1,750,000",https://cdn-old.kickavenue.com/eyJidWNrZXQiOiJraWNrYXZlbnVlLWFzc2V0cyIsImtleSI6InByb2R1Y3RzLzEyNjI5Ny85YzViYmNjODE2NzczYTE4MTFkNTJiMDg2NTY3MzBkMS5wbmciLCJlZGl0cyI6eyJyZXNpemUiOnsid2lkdGgiOjQwMH19fQ==," IDR 1,980,000"
Nike Air Force 1 Low Valentine’s Day (Women's),Nike," IDR 1,500,000",https://cdn-old.kickavenue.com/eyJidWNrZXQiOiJraWNrYXZlbnVlLWFzc2V0cyIsImtleSI6InByb2R1Y3RzLzEyMjQwMS84YzQzNWE0NzAzOTBjMTJkYTEyYjI1ZjBkMGMyOTkwYy5wbmciLCJlZGl0cyI6eyJyZXNpemUiOnsid2lkdGgiOjQwMH19fQ==," IDR 2,145,000"
Nike Shox R4 Black (Women's),Nike," IDR 3,170,000",https://cdn-old.kickavenue.com/eyJidWNrZXQiOiJraWNrYXZlbnVlLWFzc2V0cyIsImtleSI6InByb2R1Y3RzLzEwMzQyNy83MzA5MTc3NmZjNjlkZjYxMTEzYjhhMTI4MjZlMWIzYy5wbmciLCJlZGl0cyI6eyJyZXNpemUiOnsid2lkdGgiOjQwMH19fQ==,
On Running Cloudtilt Ivory Orchid (Women's),ON Running," IDR 4,570,000",https://cdn-old.kickavenue.com/eyJidWNrZXQiOiJraWNrYXZlbnVlLWFzc2V0cyIsImtleSI6InByb2R1Y3RzLzEyNzYzOC9lMzY4M2IwNTQyOTllNzliYmU2YjM0Mzg0NjZjZDUwYS5wbmciLCJlZGl0cyI6eyJyZXNpemUiOnsid2lkdGgiOjQwMH19fQ==,
Air Jordan 1 Low SE Vintage Panda (Women's),Air Jordan," IDR 1,710,000",https://cdn-old.kickavenue.com/eyJidWNrZXQiOiJraWNrYXZlbnVlLWFzc2V0cyIsImtleSI6InByb2R1Y3RzLzkyMzIzL2FhYTVjYjU0MjEyYTY5ZjUxMDlhZTMyNzVhZmZjZTUwLnBuZyIsImVkaXRzIjp7InJlc2l6ZSI6eyJ3aWR0aCI6NDAwfX19,
Crocs Classic Platform Clog Disney Winnie the Pooh (Women's),Crocs," IDR 2,500,000",https://cdn-old.kickavenue.com/eyJidWNrZXQiOiJraWNrYXZlbnVlLWFzc2V0cyIsImtleSI6InByb2R1Y3RzLzEzMTMwMS9hOGZmNDUwMTBjNjRjNzU3YTg2YTk4OTFhMTFlOTI3MC5wbmciLCJlZGl0cyI6eyJyZXNpemUiOnsid2lkdGgiOjQwMH19fQ==,
Nike Air Rift Off-Noir (Women's),Nike," IDR 1,800,000",https://cdn-old.kickavenue.com/eyJidWNrZXQiOiJraWNrYXZlbnVlLWFzc2V0cyIsImtleSI6InByb2R1Y3RzLzEzNTIwNy9hMzdmY2RlNzAwYTFkNGQzOGMxODhkYTFjNWZmN2FkMS5wbmciLCJlZGl0cyI6eyJyZXNpemUiOnsid2lkdGgiOjQwMH19fQ==," IDR 2,145,000"
Adidas Handball Spezial Warm Sandstone Clear Pink (Women's),Adidas," IDR 1,250,000",https://cdn-old.kickavenue.com/eyJidWNrZXQiOiJraWNrYXZlbnVlLWFzc2V0cyIsImtleSI6InByb2R1Y3RzLzEzMDM5NC9jNzE4M2E5NGZiMDg2NjE3NDkxODc2MTRmYjNmMmQwNy5wbmciLCJlZGl0cyI6eyJyZXNpemUiOnsid2lkdGgiOjQwMH19fQ==,
Air Jordan 1 Retro High OG Rare Air Cinnabar (Women's),Air Jordan," IDR 2,850,000",https://cdn-old.kickavenue.com/eyJidWNrZXQiOiJraWNrYXZlbnVlLWFzc2V0cyIsImtleSI6InByb2R1Y3RzLzEyODgyMi83Mjk0MzZiMTUxNjhiMjg4ODI4ZjFhNmIyNjcyZTA0My5wbmciLCJlZGl0cyI6eyJyZXNpemUiOnsid2lkdGgiOjQwMH19fQ==,
Nike Initiator White Metallic Silver (Women's),Nike," IDR 1,450,000",https://cdn-old.kickavenue.com/eyJidWNrZXQiOiJraWNrYXZlbnVlLWFzc2V0cyIsImtleSI6InByb2R1Y3RzLzg3NTcxL2Y3OTBjODcwYjYzMTExMmNhNWQ4MTJhOWU3NzI1ODlhLnBuZyIsImVkaXRzIjp7InJlc2l6ZSI6eyJ3aWR0aCI6NDAwfX19,
Nike Ebernon Low Triple White (Women's),Nike," IDR 490,000",https://cdn-old.kickavenue.com/eyJidWNrZXQiOiJraWNrYXZlbnVlLWFzc2V0cyIsImtleSI6InByb2R1Y3RzLzQzMTYwLzJjMzVhNTMzZWE3MTAyMjQ5Nzk5YmVmNjQxNTVjNGJlLmpwZWciLCJlZGl0cyI6eyJyZXNpemUiOnsid2lkdGgiOjQwMH19fQ==," IDR 1,320,000"
Nike Dunk High Retro Vintage Panda (Women's),Nike," IDR 1,460,000",https://cdn-old.kickavenue.com/eyJidWNrZXQiOiJraWNrYXZlbnVlLWFzc2V0cyIsImtleSI6InByb2R1Y3RzLzQwMjUzL2UwMGE0YmJhMzM1ZmQyYjI5ZDY4YjBjMDc2YTMwNzEwLmpwZWciLCJlZGl0cyI6eyJyZXNpemUiOnsid2lkdGgiOjQwMH19fQ==,
Adidas Adizero Evo SL Wonder White (Women's),Adidas," IDR 2,890,000",https://cdn-old.kickavenue.com/eyJidWNrZXQiOiJraWNrYXZlbnVlLWFzc2V0cyIsImtleSI6InByb2R1Y3RzLzEzMjU1MC9kOWIwYWZiNzNlZjcwMzUxY2I4ODM3NGRlZjkzODljYS5wbmciLCJlZGl0cyI6eyJyZXNpemUiOnsid2lkdGgiOjQwMH19fQ==,
Nike Moon Shoe Summit White Crimson Gum (Women's),Nike," IDR 2,040,000",https://cdn-old.kickavenue.com/eyJidWNrZXQiOiJraWNrYXZlbnVlLWFzc2V0cyIsImtleSI6InByb2R1Y3RzLzE1NjAxNi8xNDA1MmM0MTE0ZDYxM2Q1NDQ3OGFmYzI3MjEwYTJiMC5wbmciLCJlZGl0cyI6eyJyZXNpemUiOnsid2lkdGgiOjQwMH19fQ==,
Nike Dunk Low Next Nature White Blue Tint (Women's),Nike," IDR 1,500,000",https://cdn-old.kickavenue.com/eyJidWNrZXQiOiJraWNrYXZlbnVlLWFzc2V0cyIsImtleSI6InByb2R1Y3RzLzE1MTYxNS8zYWY4NjQzNmQ5M2I5ZGRmMTM5N2E1YmM4YTdkNmU0ZS5wbmciLCJlZGl0cyI6eyJyZXNpemUiOnsid2lkdGgiOjQwMH19fQ==," IDR 1,897,500"
Adidas Samba OG Rhinestone Black Silver (Women's),Adidas," IDR 3,190,000",https://cdn-old.kickavenue.com/eyJidWNrZXQiOiJraWNrYXZlbnVlLWFzc2V0cyIsImtleSI6InByb2R1Y3RzLzE1MTAzNy82OTA1YWYyZDJjMzJhZjc3Y2VjMTExYzBiODM0NGNlMS5wbmciLCJlZGl0cyI6eyJyZXNpemUiOnsid2lkdGgiOjQwMH19fQ==,
ON Running Cloudswift 4 AD Sand Ivory (Women's),ON Running," IDR 1,800,000",https://cdn-old.kickavenue.com/eyJidWNrZXQiOiJraWNrYXZlbnVlLWFzc2V0cyIsImtleSI6InByb2R1Y3RzLzE1NDExNy8wNThlNDMxMTc3NjM5YjQ5NjY2NDU3NWVhYTNhYjFjYi5wbmciLCJlZGl0cyI6eyJyZXNpemUiOnsid2lkdGgiOjQwMH19fQ==," IDR 2,640,000"
Adidas Handball Spezial Almost Pink Green Spark (Women's),Adidas," IDR 1,250,000",https://cdn-old.kickavenue.com/eyJidWNrZXQiOiJraWNrYXZlbnVlLWFzc2V0cyIsImtleSI6InByb2R1Y3RzLzE0MDM2NC82OTU0ZmYxMzAzZWY2MDNjNjFjNTdlZTc2NmNiNjUzMC5wbmciLCJlZGl0cyI6eyJyZXNpemUiOnsid2lkdGgiOjQwMH19fQ==," IDR 1,815,000"
Air Jordan Trunner Access White Black Pinksicle (Women's),Air Jordan," IDR 1,650,000",https://cdn-old.kickavenue.com/eyJidWNrZXQiOiJraWNrYXZlbnVlLWFzc2V0cyIsImtleSI6InByb2R1Y3RzLzE1NjIyOC9jY2FjNzMzOWU5NjkwNDNhNjI5NGZiYWFmZDdmNTA1Mi5wbmciLCJlZGl0cyI6eyJyZXNpemUiOnsid2lkdGgiOjQwMH19fQ==,
Adidas Samba OG Snakeskin Maroon Cream White (Women's),Adidas," IDR 2,680,000",https://cdn-old.kickavenue.com/eyJidWNrZXQiOiJraWNrYXZlbnVlLWFzc2V0cyIsImtleSI6InByb2R1Y3RzLzE1MTE1Ny9mMDI4M2Q0MzdkMDQ2M2Y1MDVlOGQ2YTk0YTA5MDM3ZC5wbmciLCJlZGl0cyI6eyJyZXNpemUiOnsid2lkdGgiOjQwMH19fQ==,
Nike Zoom Vomero 5 Triple Black (Women's),Nike," IDR 2,960,000",https://cdn-old.kickavenue.com/eyJidWNrZXQiOiJraWNrYXZlbnVlLWFzc2V0cyIsImtleSI6InByb2R1Y3RzLzExMDQzMS82ZTllNWU0MjkwNzVmOTYwOGU3MmNjYjNmNjE2ZmQ5Ny5wbmciLCJlZGl0cyI6eyJyZXNpemUiOnsid2lkdGgiOjQwMH19fQ==,
Nike Total 90 3 Metallic Silver Black (Women's),Nike," IDR 2,100,000",https://cdn-old.kickavenue.com/eyJidWNrZXQiOiJraWNrYXZlbnVlLWFzc2V0cyIsImtleSI6InByb2R1Y3RzLzE0MzgwNS82NzI4YzBmMmMxMzYwYmY3ZTRjZjhkNDU1NDIwZGNlZi5wbmciLCJlZGl0cyI6eyJyZXNpemUiOnsid2lkdGgiOjQwMH19fQ==,
Nike Wmns Run Swift 3 'White Metallic Silver',Nike," IDR 500,000",https://cdn-old.kickavenue.com/eyJidWNrZXQiOiJraWNrYXZlbnVlLWFzc2V0cyIsImtleSI6InByb2R1Y3RzLzg3OTM5LzQ5M2VkNjdhODE3YTg2ZWVkMGQxMTRkMzkwZDFiOWZlLnBuZyIsImVkaXRzIjp7InJlc2l6ZSI6eyJ3aWR0aCI6NDAwfX19,
Nike Dunk Low Phantom Metallic Gold (Women's),Nike," IDR 800,000",https://cdn-old.kickavenue.com/eyJidWNrZXQiOiJraWNrYXZlbnVlLWFzc2V0cyIsImtleSI6InByb2R1Y3RzLzU2NzExL2E0MmQ2ZjZmNmM5ODkwMzdiNjAxMDZhYzYxYmEzMTgzLmpwZWciLCJlZGl0cyI6eyJyZXNpemUiOnsid2lkdGgiOjQwMH19fQ==," IDR 1,549,000"
Air Jordan 1 Retro High OG Washed Pink (Women's),Air Jordan," IDR 1,250,000",https://cdn-old.kickavenue.com/eyJidWNrZXQiOiJraWNrYXZlbnVlLWFzc2V0cyIsImtleSI6InByb2R1Y3RzLzU3Mzk2LzA5ZjRhNDkyZTNkMGJhZWJlZjBlOGE3ZmNhMjVhMzEyLmpwZWciLCJlZGl0cyI6eyJyZXNpemUiOnsid2lkdGgiOjQwMH19fQ==," IDR 2,970,000"
Nike Dunk Low Medium Olive (Women's),Nike," IDR 1,250,000",https://cdn-old.kickavenue.com/eyJidWNrZXQiOiJraWNrYXZlbnVlLWFzc2V0cyIsImtleSI6InByb2R1Y3RzLzM3MTAwLzE0NWQ3ZDJjMjczODViMDM4NTdhYWY4OTgwMDM4N2U5LnBuZyIsImVkaXRzIjp7InJlc2l6ZSI6eyJ3aWR0aCI6NDAwfX19," IDR 1,549,000"
Nike Calm Slide Barely Rose (Women's),Nike," IDR 500,000",https://cdn-old.kickavenue.com/eyJidWNrZXQiOiJraWNrYXZlbnVlLWFzc2V0cyIsImtleSI6InByb2R1Y3RzLzk4MDg0LzEwODNiN2Q1NTUzOGVhMGU2Y2RlYjBkMjk1NzhhNGMzLnBuZyIsImVkaXRzIjp7InJlc2l6ZSI6eyJ3aWR0aCI6NDAwfX19,
Nike Vomero 18 Bright Crimson Hyper Pink (Women's),Nike," IDR 2,100,000",https://cdn-old.kickavenue.com/eyJidWNrZXQiOiJraWNrYXZlbnVlLWFzc2V0cyIsImtleSI6InByb2R1Y3RzLzE0Mzk4OS8yOGQxM2QwZTBkYWFiYjYyYWFlY2UyNmE4MjRhZTZkYS5wbmciLCJlZGl0cyI6eyJyZXNpemUiOnsid2lkdGgiOjQwMH19fQ==," IDR 2,557,500"
Nike P-6000 Sail Aster Pink (Women's),Nike," IDR 1,300,000",https://cdn-old.kickavenue.com/eyJidWNrZXQiOiJraWNrYXZlbnVlLWFzc2V0cyIsImtleSI6InByb2R1Y3RzLzExMTk2Ni9jMGUyZGE5ZDE4ZWY1ZjQ0MTNmNDgzNjAwNTkwMDIwYS5wbmciLCJlZGl0cyI6eyJyZXNpemUiOnsid2lkdGgiOjQwMH19fQ==,
Nike Benassi JDI Slide Triple White (Women's),Nike," IDR 190,000",https://cdn-old.kickavenue.com/eyJidWNrZXQiOiJraWNrYXZlbnVlLWFzc2V0cyIsImtleSI6InByb2R1Y3RzLzc3ODk1L2RlNmUxOWZhNjZmZjBhOTIwOGNlMmFlMjc0MDAyMmUxLnBuZyIsImVkaXRzIjp7InJlc2l6ZSI6eyJ3aWR0aCI6NDAwfX19,
Air Jordan 1 Mid Multi Color (2022) (Women's),Air Jordan," IDR 600,000",https://cdn-old.kickavenue.com/eyJidWNrZXQiOiJraWNrYXZlbnVlLWFzc2V0cyIsImtleSI6InByb2R1Y3RzLzM3MDEyLzAyOTRlOGYxMDg3NmVmNTZhZTkwNTcyNzUwNWZjZWY3LnBuZyIsImVkaXRzIjp7InJlc2l6ZSI6eyJ3aWR0aCI6NDAwfX19," IDR 1,980,000"
Adidas Adizero Evo SL Black Grey Impact Orange (Women's),Adidas," IDR 3,500,000",https://cdn-old.kickavenue.com/eyJidWNrZXQiOiJraWNrYXZlbnVlLWFzc2V0cyIsImtleSI6InByb2R1Y3RzLzE0Njg5Ny82YmUxZDBiNWFkMGI3NGE5MzRlNWY1MjNkMTE1NTdjMC5wbmciLCJlZGl0cyI6eyJyZXNpemUiOnsid2lkdGgiOjQwMH19fQ==,
Nike Vomero 5 Sail Light Orewood Brown (Women's),Nike," IDR 1,920,000",https://cdn-old.kickavenue.com/eyJidWNrZXQiOiJraWNrYXZlbnVlLWFzc2V0cyIsImtleSI6InByb2R1Y3RzLzczNjY4LzQ0NzMyNzc0ODMwN2Y3Yjg4YzljNTUyNjQ3ZjAzOGVmLnBuZyIsImVkaXRzIjp7InJlc2l6ZSI6eyJ3aWR0aCI6NDAwfX19," IDR 2,640,000"
Adidas SL 72 OG Maroon Preloved Brown (Women's),Adidas," IDR 1,330,000",https://cdn-old.kickavenue.com/eyJidWNrZXQiOiJraWNrYXZlbnVlLWFzc2V0cyIsImtleSI6InByb2R1Y3RzLzEwMzIwMi8wNGRlMWFmNzJjN2JhZjg3Y2I0NjVmZDMwOGZjZWNmZi5wbmciLCJlZGl0cyI6eyJyZXNpemUiOnsid2lkdGgiOjQwMH19fQ==," IDR 1,650,000"
New Balance FuelCell SuperComp Elite v4 Ultra Pink White Black (Women's),New Balance," IDR 2,450,000",https://cdn-old.kickavenue.com/eyJidWNrZXQiOiJraWNrYXZlbnVlLWFzc2V0cyIsImtleSI6InByb2R1Y3RzLzEzMjg1NS8zZTExOWIzNzIwZDA5Y2RmODQ2OWM0M2JkMGM5ZjRlYS5wbmciLCJlZGl0cyI6eyJyZXNpemUiOnsid2lkdGgiOjQwMH19fQ==,
Nike V2K White Photon Dust (Women's),Nike," IDR 1,210,000",https://cdn-old.kickavenue.com/eyJidWNrZXQiOiJraWNrYXZlbnVlLWFzc2V0cyIsImtleSI6InByb2R1Y3RzLzc0MzIwLzEzYjA1MGQ4YTJiZmQ1YjdkYzM0NWZkY2RhNWM5MGUwLnBuZyIsImVkaXRzIjp7InJlc2l6ZSI6eyJ3aWR0aCI6NDAwfX19," IDR 1,815,000"
Nike Air Max Moto 2K Light Violet Ore Metallic Silver Black (Women's),Nike," IDR 1,500,000",https://cdn-old.kickavenue.com/eyJidWNrZXQiOiJraWNrYXZlbnVlLWFzc2V0cyIsImtleSI6InByb2R1Y3RzLzE0NDEzOC9kMWQwYTc4MjU1NzFiZWI1ZWI2OGM1MGM1NGNjZjIzYi5wbmciLCJlZGl0cyI6eyJyZXNpemUiOnsid2lkdGgiOjQwMH19fQ==,
Nike Waffle Debut Grey Coconut Milk Black Sail (Women's),Nike," IDR 580,000",https://cdn-old.kickavenue.com/eyJidWNrZXQiOiJraWNrYXZlbnVlLWFzc2V0cyIsImtleSI6InByb2R1Y3RzLzM0ODk0LzE1YjgzMDM2ZWE2OTZkMzY0NjU1MGU2NWVjYWRjOGUzLnBuZyIsImVkaXRzIjp7InJlc2l6ZSI6eyJ3aWR0aCI6NDAwfX19," IDR 990,000"
ON Running Cloudtilt Clove Sand (Women's),ON Running," IDR 3,900,000",https://cdn-old.kickavenue.com/eyJidWNrZXQiOiJraWNrYXZlbnVlLWFzc2V0cyIsImtleSI6InByb2R1Y3RzLzEyMzk4Mi82YTA1MGM1MjNiOTQ3NDU5ZjM4ODhlMjIzN2RjNGE5My5wbmciLCJlZGl0cyI6eyJyZXNpemUiOnsid2lkdGgiOjQwMH19fQ==,
Nike Court Vision Low Next Nature White Black (Women's),Nike," IDR 550,000",https://cdn-old.kickavenue.com/eyJidWNrZXQiOiJraWNrYXZlbnVlLWFzc2V0cyIsImtleSI6InByb2R1Y3RzLzI4ODY2LzE1NGVhMTA2MTkyYTExOWIwOGYwYjFkMmU3M2JiOGY4LnBuZyIsImVkaXRzIjp7InJlc2l6ZSI6eyJ3aWR0aCI6NDAwfX19," IDR 1,072,500"
ASICS Novablast 5 Ekiden Vital Green Black (Women's),ASICS," IDR 2,100,000",https://cdn-old.kickavenue.com/eyJidWNrZXQiOiJraWNrYXZlbnVlLWFzc2V0cyIsImtleSI6InByb2R1Y3RzLzE1MzMzMC8xOTIzZjQ5MTUyODVkMjZiNTgxYjBlZjhhNTRiN2M4Zi5wbmciLCJlZGl0cyI6eyJyZXNpemUiOnsid2lkdGgiOjQwMH19fQ==," IDR 2,475,000"
Nike Air Max Plus Metallic Silver Light Orewood Brown (Women's),Nike," IDR 1,450,000",https://cdn-old.kickavenue.com/eyJidWNrZXQiOiJraWNrYXZlbnVlLWFzc2V0cyIsImtleSI6InByb2R1Y3RzLzExMjEyNy8yODg4YjY1YzExYzYxMzhlMDkyZDM2M2RlNWQwMzZkMi5wbmciLCJlZGl0cyI6eyJyZXNpemUiOnsid2lkdGgiOjQwMH19fQ==," IDR 2,970,000"
Nike Dunk Low LX Mushroom (Women's),Nike," IDR 1,830,000",https://cdn-old.kickavenue.com/eyJidWNrZXQiOiJraWNrYXZlbnVlLWFzc2V0cyIsImtleSI6InByb2R1Y3RzLzEzMDI4NS84MDUwOTM0ZWYwODBkZDJjNjZmNDJhNmFhYzk4Mjk5My5wbmciLCJlZGl0cyI6eyJyZXNpemUiOnsid2lkdGgiOjQwMH19fQ==," IDR 2,062,500"
Nike Dunk Low Next Nature Bicoastal (Women's),Nike," IDR 600,000",https://cdn-old.kickavenue.com/eyJidWNrZXQiOiJraWNrYXZlbnVlLWFzc2V0cyIsImtleSI6InByb2R1Y3RzLzk2NzE4LzQ1ZjFlNjRlMWQwMzhkMGZhYjgxNjc2Y2Q0OWQxN2E1LnBuZyIsImVkaXRzIjp7InJlc2l6ZSI6eyJ3aWR0aCI6NDAwfX19," IDR 1,549,000"
Air Jordan 1 Low Shadow Brown (Women's),Air Jordan," IDR 1,300,000",https://cdn-old.kickavenue.com/eyJidWNrZXQiOiJraWNrYXZlbnVlLWFzc2V0cyIsImtleSI6InByb2R1Y3RzLzYzNjcwL2NhOGNhOWIyNWI0MjNjYzA0YTc0ZTU5MmEzZDYzNjIzLnBuZyIsImVkaXRzIjp7InJlc2l6ZSI6eyJ3aWR0aCI6NDAwfX19," IDR 1,815,000"
Adidas Samba OG White Halo Blue Gum (Women's),Adidas," IDR 1,350,000",https://cdn-old.kickavenue.com/eyJidWNrZXQiOiJraWNrYXZlbnVlLWFzc2V0cyIsImtleSI6InByb2R1Y3RzLzc4MjExL2VlMmUyY2U0NDU3MmQ0MTEwYTA2OGM3NDJjMzU2ZjMyLnBuZyIsImVkaXRzIjp7InJlc2l6ZSI6eyJ3aWR0aCI6NDAwfX19,
Nike Space Hippie 04 Grey Volt (Women's),Nike," IDR 2,500,000",https://cdn-old.kickavenue.com/eyJidWNrZXQiOiJraWNrYXZlbnVlLWFzc2V0cyIsImtleSI6InByb2R1Y3RzLzg1OTIvOGE3Yjg4N2YwOTM0MTE1OTU0NzM3MzNjYzVlZDA2N2EucG5nIiwiZWRpdHMiOnsicmVzaXplIjp7IndpZHRoIjo0MDB9fX0=,
On The Roger Pro 2 All White (Women's),ON Running," IDR 5,000,000",https://cdn-old.kickavenue.com/eyJidWNrZXQiOiJraWNrYXZlbnVlLWFzc2V0cyIsImtleSI6InByb2R1Y3RzLzEzMjYyNC80NmZkNjk5YWY5YjZmMjQyNWU0NDZmYjUyNzI4NWU2OC5wbmciLCJlZGl0cyI6eyJyZXNpemUiOnsid2lkdGgiOjQwMH19fQ==,
Nike Air Max 90 Tan Coconut Milk (Women's),Nike," IDR 800,000",https://cdn-old.kickavenue.com/eyJidWNrZXQiOiJraWNrYXZlbnVlLWFzc2V0cyIsImtleSI6InByb2R1Y3RzLzk4MTg2L2Q1MTA2MjNiMjA1ODJjOWI5MWVmZTc4ZTFmYjVmMzI3LnBuZyIsImVkaXRzIjp7InJlc2l6ZSI6eyJ3aWR0aCI6NDAwfX19," IDR 2,145,000"
Nike Air Max Phenomena Serena Williams Design Crew Triple Black (Women's),Nike," IDR 3,200,000",https://cdn-old.kickavenue.com/eyJidWNrZXQiOiJraWNrYXZlbnVlLWFzc2V0cyIsImtleSI6InByb2R1Y3RzLzEzOTY1MC9jZDMyN2MxNjY4ZmMzMDE0MzJkYjk4NDZhYjMxNDMwZi5wbmciLCJlZGl0cyI6eyJyZXNpemUiOnsid2lkdGgiOjQwMH19fQ==,
Adidas Gazelle Indoor atmos Pink Trinity Leopard Grey (Women's),Adidas," IDR 1,850,000",https://cdn-old.kickavenue.com/eyJidWNrZXQiOiJraWNrYXZlbnVlLWFzc2V0cyIsImtleSI6InByb2R1Y3RzLzE0NDc0Ny9lMDA5NzRhOTQzNjc0MWUxYzY4NDZhOWQ3MWU4YTZhMy5wbmciLCJlZGl0cyI6eyJyZXNpemUiOnsid2lkdGgiOjQwMH19fQ==," IDR 2,029,500"
New Balance FuelCell SuperComp Elite v5 Urgent Red (Women's),New Balance," IDR 2,200,000",https://cdn-old.kickavenue.com/eyJidWNrZXQiOiJraWNrYXZlbnVlLWFzc2V0cyIsImtleSI6InByb2R1Y3RzLzE0MDQyMC8wNjgzODE0ZjQwNDc3NmUxNWJlYTQxMjMxYjgxNDgyNC5wbmciLCJlZGl0cyI6eyJyZXNpemUiOnsid2lkdGgiOjQwMH19fQ==," IDR 4,125,000"
Nike Court Legacy Canvas Triple White (Women's),Nike," IDR 550,000",https://cdn-old.kickavenue.com/eyJidWNrZXQiOiJraWNrYXZlbnVlLWFzc2V0cyIsImtleSI6InByb2R1Y3RzLzM4OTcxLzE0OTlhMmU3ODMzOGE0Yjg3YTg3YTdjOWU0ZjBlNzkyLnBuZyIsImVkaXRzIjp7InJlc2l6ZSI6eyJ3aWR0aCI6NDAwfX19," IDR 990,000"
Nike Air Rift Crimson Bliss (Women's),Nike," IDR 1,800,000",https://cdn-old.kickavenue.com/eyJidWNrZXQiOiJraWNrYXZlbnVlLWFzc2V0cyIsImtleSI6InByb2R1Y3RzLzIyOTY4LzJlOTI5YjM1MDJiZGM0ZTgyYmFhZmMxYjBjNzdlMzlmLnBuZyIsImVkaXRzIjp7InJlc2l6ZSI6eyJ3aWR0aCI6NDAwfX19,
Air Jordan 1 Low SE Reverse Ice Blue (Women's),Air Jordan," IDR 900,000",https://cdn-old.kickavenue.com/eyJidWNrZXQiOiJraWNrYXZlbnVlLWFzc2V0cyIsImtleSI6InByb2R1Y3RzLzQxNzk3L2Y5YWViYzYwM2UyOTJmNjA1MmU5MThkZDQ3MDEzOWUxLmpwZWciLCJlZGl0cyI6eyJyZXNpemUiOnsid2lkdGgiOjQwMH19fQ==," IDR 1,815,000"
Nike Dunk Low Next Nature Black Raspberry (Women's),Nike," IDR 750,000",https://cdn-old.kickavenue.com/eyJidWNrZXQiOiJraWNrYXZlbnVlLWFzc2V0cyIsImtleSI6InByb2R1Y3RzLzEwNDI1Ni84ZGRjMmNiMjQ1MGMxZDE5NzllMTkwMWU5YTVkNjhhZi5wbmciLCJlZGl0cyI6eyJyZXNpemUiOnsid2lkdGgiOjQwMH19fQ==," IDR 1,549,000"
Air Jordan 4 Retro Metallic Gold (Women's),Air Jordan," IDR 2,000,000",https://cdn-old.kickavenue.com/eyJidWNrZXQiOiJraWNrYXZlbnVlLWFzc2V0cyIsImtleSI6InByb2R1Y3RzLzc4OTYwLzM2YzM3YjBmYTdkODI1NzFlZDNjZjI1YjQ5NjJjYjg1LnBuZyIsImVkaXRzIjp7InJlc2l6ZSI6eyJ3aWR0aCI6NDAwfX19," IDR 3,300,000"
Nike Dunk Low Essential Paisley Pack Pink (Women's),Nike," IDR 2,050,000",https://cdn-old.kickavenue.com/eyJidWNrZXQiOiJraWNrYXZlbnVlLWFzc2V0cyIsImtleSI6InByb2R1Y3RzLzQzMTQ3LzZiY2NhYTE4MjY3ZmJhOTQzZDJkNTZmNWIyYjY4NmFmLmpwZWciLCJlZGl0cyI6eyJyZXNpemUiOnsid2lkdGgiOjQwMH19fQ==,
Nike Air Max Muse Royal Pulse Light Crimson (Women's),Nike," IDR 3,500,000",https://cdn-old.kickavenue.com/eyJidWNrZXQiOiJraWNrYXZlbnVlLWFzc2V0cyIsImtleSI6InByb2R1Y3RzLzE1NDQ1Mi84NjU2MzIwNjA1ZmQ5N2MzMTk3NDEzN2Y4OGVkZWRkOS5wbmciLCJlZGl0cyI6eyJyZXNpemUiOnsid2lkdGgiOjQwMH19fQ==,
Adidas Samba OG Maroon Sand Strata Pony (Women's),Adidas," IDR 1,750,000",https://cdn-old.kickavenue.com/eyJidWNrZXQiOiJraWNrYXZlbnVlLWFzc2V0cyIsImtleSI6InByb2R1Y3RzLzEzMjcxNS83M2M0NTBiN2ExYzgxODQxMGZmMzI4NWRjOTVmMDNhOS5wbmciLCJlZGl0cyI6eyJyZXNpemUiOnsid2lkdGgiOjQwMH19fQ==,
Nike Court Vision Low NN White Lime (Women's),Nike," IDR 400,000",https://cdn-old.kickavenue.com/eyJidWNrZXQiOiJraWNrYXZlbnVlLWFzc2V0cyIsImtleSI6InByb2R1Y3RzLzEyOTUwMi9jZjg3ODYzMmJkYzlmZWVjZDk3NWE3YzY1YzcxODRmOS5wbmciLCJlZGl0cyI6eyJyZXNpemUiOnsid2lkdGgiOjQwMH19fQ==,
Air Jordan 4 Retro TEX Denim Worn Blue (Women's),Air Jordan," IDR 1,950,000",https://cdn-old.kickavenue.com/eyJidWNrZXQiOiJraWNrYXZlbnVlLWFzc2V0cyIsImtleSI6InByb2R1Y3RzLzE0MDUxOS8xMmNiNzI5ZGY4Yzc4OGJhMDYzN2FkY2UxZWVjM2ZjNC5wbmciLCJlZGl0cyI6eyJyZXNpemUiOnsid2lkdGgiOjQwMH19fQ==," IDR 3,547,500"
Nike Shox R4 White Phantom Picante Red (Women's),Nike," IDR 1,450,000",https://cdn-old.kickavenue.com/eyJidWNrZXQiOiJraWNrYXZlbnVlLWFzc2V0cyIsImtleSI6InByb2R1Y3RzLzEyMzIyMC85NDFlMDYzOWYyNjkxMDhlMDljMWQzNDBlYzgzYjY0MC5wbmciLCJlZGl0cyI6eyJyZXNpemUiOnsid2lkdGgiOjQwMH19fQ==," IDR 2,475,000"
Nike Zoom Vomero 5 Summit White Pure Platinum (Women's),Nike," IDR 1,400,000",https://cdn-old.kickavenue.com/eyJidWNrZXQiOiJraWNrYXZlbnVlLWFzc2V0cyIsImtleSI6InByb2R1Y3RzLzExOTYyNS80MDVjZmJlNjlhZDM5ZWE5NDliMzM2Y2QxZTk3ZGFkZC5wbmciLCJlZGl0cyI6eyJyZXNpemUiOnsid2lkdGgiOjQwMH19fQ==,
Nike Court Vision NN White Jade Horizon (Women's),Nike," IDR 600,000",https://cdn-old.kickavenue.com/eyJidWNrZXQiOiJraWNrYXZlbnVlLWFzc2V0cyIsImtleSI6InByb2R1Y3RzLzExNDg1Ny9hMzM4ZDI5NWNlZTBmMzkyNmUwNmNkYTZlMDhiNjk2Yy5wbmciLCJlZGl0cyI6eyJyZXNpemUiOnsid2lkdGgiOjQwMH19fQ==,
Air Jordan 1 Low SE Olive Aura (Women's),Air Jordan," IDR 2,450,000",https://cdn-old.kickavenue.com/eyJidWNrZXQiOiJraWNrYXZlbnVlLWFzc2V0cyIsImtleSI6InByb2R1Y3RzLzE1NjExMi9kZjBjZWU2NGQ4NDQ3YWY1N2JiNTI2Y2U1ZmQ0OTQyMC5wbmciLCJlZGl0cyI6eyJyZXNpemUiOnsid2lkdGgiOjQwMH19fQ==,
ASICS Magic Speed 4 Safety Yellow (Women's),ASICS," IDR 1,900,000",https://cdn-old.kickavenue.com/eyJidWNrZXQiOiJraWNrYXZlbnVlLWFzc2V0cyIsImtleSI6InByb2R1Y3RzLzExNTY2Ni9iMjJiNTJkMThkZDhhNjY3OTFlN2M1Yzg1ZmFjYjEyMS5wbmciLCJlZGl0cyI6eyJyZXNpemUiOnsid2lkdGgiOjQwMH19fQ==," IDR 2,805,000"
Adidas Samba OG Leopard Collegiate Green (Women's),Adidas," IDR 1,840,000",https://cdn-old.kickavenue.com/eyJidWNrZXQiOiJraWNrYXZlbnVlLWFzc2V0cyIsImtleSI6InByb2R1Y3RzLzEyMTcwOS82ODRiYWUwNjFjNGRkNTBjZGU4ZmQxNmYyODhjYzcxNC5wbmciLCJlZGl0cyI6eyJyZXNpemUiOnsid2lkdGgiOjQwMH19fQ==,
Nike Air Max 90 SE Neapolitan (Women's),Nike," IDR 850,000",https://cdn-old.kickavenue.com/eyJidWNrZXQiOiJraWNrYXZlbnVlLWFzc2V0cyIsImtleSI6InByb2R1Y3RzLzEyMjQ1My85NTk2NDE0MDY4YzNjZGIwYjhlYWUzNWEyMDJjMTE3My5wbmciLCJlZGl0cyI6eyJyZXNpemUiOnsid2lkdGgiOjQwMH19fQ==," IDR 2,310,000"
Nike Air Force 1 Low Next Nature White Metallic Grey (Women's),Nike," IDR 850,000",https://cdn-old.kickavenue.com/eyJidWNrZXQiOiJraWNrYXZlbnVlLWFzc2V0cyIsImtleSI6InByb2R1Y3RzLzI1MzMxLzllOTk3NTJlYTAzZjRjMGQ5NWMwNDBlMmEzNzgxY2NhLnBuZyIsImVkaXRzIjp7InJlc2l6ZSI6eyJ3aWR0aCI6NDAwfX19," IDR 1,567,500"
New Balance 550 White Reflection Violet (Women's),New Balance," IDR 850,000",https://cdn-old.kickavenue.com/eyJidWNrZXQiOiJraWNrYXZlbnVlLWFzc2V0cyIsImtleSI6InByb2R1Y3RzLzcyMTY0LzViYTE2YjE5ZmZlMDY3NjY4NTJjYTY0NGNmZWM0MTExLnBuZyIsImVkaXRzIjp7InJlc2l6ZSI6eyJ3aWR0aCI6NDAwfX19," IDR 1,999,000"
Nike Cortez Vivid Sulfur (Women's),Nike," IDR 800,000",https://cdn-old.kickavenue.com/eyJidWNrZXQiOiJraWNrYXZlbnVlLWFzc2V0cyIsImtleSI6InByb2R1Y3RzLzY4OTE0L2U3YWIzZmJlNWY4NTE0NzRlMTRhZTc3NDU4NGU3ZDlkLnBuZyIsImVkaXRzIjp7InJlc2l6ZSI6eyJ3aWR0aCI6NDAwfX19," IDR 1,400,000"
New Balance Fresh Foam X 1080v13 White Silver Metallic (Women's),New Balance," IDR 760,000",https://cdn-old.kickavenue.com/eyJidWNrZXQiOiJraWNrYXZlbnVlLWFzc2V0cyIsImtleSI6InByb2R1Y3RzLzk5Nzg1LzcyOWI0NGUyMGVjZjAwOWViNjkxNjI5Yzk5MDA0YmJlLnBuZyIsImVkaXRzIjp7InJlc2l6ZSI6eyJ3aWR0aCI6NDAwfX19,
New Balance Fresh Foam X Kaiha Road White Silver Metallic (Women's),New Balance," IDR 740,000",https://cdn-old.kickavenue.com/eyJidWNrZXQiOiJraWNrYXZlbnVlLWFzc2V0cyIsImtleSI6InByb2R1Y3RzLzk5ODAzLzNmYTQzZmZmNzNkMjBkM2ViOTdmNDVhZjJiNWM3NjcwLnBuZyIsImVkaXRzIjp7InJlc2l6ZSI6eyJ3aWR0aCI6NDAwfX19,
Nike Court Legacy White Phantom (Women's),Nike," IDR 500,000",https://cdn-old.kickavenue.com/eyJidWNrZXQiOiJraWNrYXZlbnVlLWFzc2V0cyIsImtleSI6InByb2R1Y3RzLzc3NDczL2JmYTU2MWQ4ZjJlYTMzODcxODYwZjVhNjc2MmU5Yjc0LnBuZyIsImVkaXRzIjp7InJlc2l6ZSI6eyJ3aWR0aCI6NDAwfX19,
Nike Air Force 1 PLT.AF.ORM Triple White (Women's),Nike," IDR 600,000",https://cdn-old.kickavenue.com/eyJidWNrZXQiOiJraWNrYXZlbnVlLWFzc2V0cyIsImtleSI6InByb2R1Y3RzLzMzMzg5L2U4OGQ1NDM0YTRjNzNlMjE4YWNhNDYxM2NmY2VmZWJjLnBuZyIsImVkaXRzIjp7InJlc2l6ZSI6eyJ3aWR0aCI6NDAwfX19," IDR 1,650,000"
Air Jordan 1 Retro High OG Starfish (Women's),Air Jordan," IDR 900,000",https://cdn-old.kickavenue.com/eyJidWNrZXQiOiJraWNrYXZlbnVlLWFzc2V0cyIsImtleSI6InByb2R1Y3RzLzM4NTEwL2JkNmQxZjRkMGFiNzI5YmY0YjNmMDg3NjMyNDQxYjAxLnBuZyIsImVkaXRzIjp7InJlc2l6ZSI6eyJ3aWR0aCI6NDAwfX19," IDR 2,805,000"
Air Jordan 1 Mid SE Particle Grey (Women's),Air Jordan," IDR 920,000",https://cdn-old.kickavenue.com/eyJidWNrZXQiOiJraWNrYXZlbnVlLWFzc2V0cyIsImtleSI6InByb2R1Y3RzLzMxMzYzL2M1Y2Q1YzM2YjVkOTRhY2Y4ZjgzN2VkYzA3YmNiN2EzLnBuZyIsImVkaXRzIjp7InJlc2l6ZSI6eyJ3aWR0aCI6NDAwfX19," IDR 2,310,000"
Jordan 4 Off-White SP Sail (Women's),Air Jordan," IDR 14,500,000",https://cdn-old.kickavenue.com/eyJidWNrZXQiOiJraWNrYXZlbnVlLWFzc2V0cyIsImtleSI6InByb2R1Y3RzLzkzNTMvM2IyN2ZkOWJkNTI3YTZiMmU0NzY0YmRhYjUxNTQ4MTkucG5nIiwiZWRpdHMiOnsicmVzaXplIjp7IndpZHRoIjo0MDB9fX0=,
On Running Cloudtilt Sand Lavender (Women's),ON Running," IDR 3,350,000",https://cdn-old.kickavenue.com/eyJidWNrZXQiOiJraWNrYXZlbnVlLWFzc2V0cyIsImtleSI6InByb2R1Y3RzLzExMTQwMy8xNWVjMGU5MWYwNDkxZTIzMDBiNGRlMDZkMDgzYWJmNy5wbmciLCJlZGl0cyI6eyJyZXNpemUiOnsid2lkdGgiOjQwMH19fQ==,
Nike Dunk Low Essential Paisley Pack Orange (Women's),Nike," IDR 690,000",https://cdn-old.kickavenue.com/eyJidWNrZXQiOiJraWNrYXZlbnVlLWFzc2V0cyIsImtleSI6InByb2R1Y3RzLzMwODIzLzM2ZDg3NWE2ZGM0Nzc3ZTM4MDZhODkzNDE0YmNjMDQ0LnBuZyIsImVkaXRzIjp7InJlc2l6ZSI6eyJ3aWR0aCI6NDAwfX19," IDR 1,549,000"
Nike Zoom Vomero 5 520 Pack White Pink (Women's),Nike," IDR 2,650,000",https://cdn-old.kickavenue.com/eyJidWNrZXQiOiJraWNrYXZlbnVlLWFzc2V0cyIsImtleSI6InByb2R1Y3RzLzkwMDQ2LzBjMDY2NzE3Njk5YzJiMzZmZjJjYjA1Y2RhNTg5Yzk4LnBuZyIsImVkaXRzIjp7InJlc2l6ZSI6eyJ3aWR0aCI6NDAwfX19,
Air Jordan 5 Retro Gore-Tex Off Noir (Women's),Air Jordan," IDR 1,500,000",https://cdn-old.kickavenue.com/eyJidWNrZXQiOiJraWNrYXZlbnVlLWFzc2V0cyIsImtleSI6InByb2R1Y3RzLzY5NTk1L2VhYzIwNDg3NzE2N2ZjZjQwOWNhODdlNzExNTZiZTZjLnBuZyIsImVkaXRzIjp7InJlc2l6ZSI6eyJ3aWR0aCI6NDAwfX19," IDR 3,630,000"
Nike Air Zoom Pegasus Premium SE Cave Purple Splatter (Women's),Nike," IDR 2,450,000",https://cdn-old.kickavenue.com/eyJidWNrZXQiOiJraWNrYXZlbnVlLWFzc2V0cyIsImtleSI6InByb2R1Y3RzLzE0NjgzMy9iNjMwOTc3YjkwY2M5MzAyZGM0MTU2M2UzODAzNWZiMi5wbmciLCJlZGl0cyI6eyJyZXNpemUiOnsid2lkdGgiOjQwMH19fQ==," IDR 3,630,000"
Adidas Samba OG Wonder White Alumina (Women's),Adidas," IDR 2,000,000",https://cdn-old.kickavenue.com/eyJidWNrZXQiOiJraWNrYXZlbnVlLWFzc2V0cyIsImtleSI6InByb2R1Y3RzLzEyMTczNy8wMDYxY2E3MTM3MDM5MDRhNDY5ZTg2NmU0YzNhMjU0Yi5wbmciLCJlZGl0cyI6eyJyZXNpemUiOnsid2lkdGgiOjQwMH19fQ==,
Nike Wmns Metcon 9 'Sail Rush Fuchsia',Nike," IDR 1,360,000",https://cdn-old.kickavenue.com/eyJidWNrZXQiOiJraWNrYXZlbnVlLWFzc2V0cyIsImtleSI6InByb2R1Y3RzLzg3NjU1Lzc0ODFjMjE0ZTZiOTljMTQ1NTIxMjc1ZDYzM2IxM2UzLnBuZyIsImVkaXRzIjp7InJlc2l6ZSI6eyJ3aWR0aCI6NDAwfX19,
Air Jordan 1 Low Particle Rose Neutral Grey (Women's),Air Jordan," IDR 2,160,000",https://cdn-old.kickavenue.com/eyJidWNrZXQiOiJraWNrYXZlbnVlLWFzc2V0cyIsImtleSI6InByb2R1Y3RzLzE1MTYyNS8zZjZlZjQxMTk1ZjMyZDUwM2E4YmM1YjNhMWZhODFlNS5wbmciLCJlZGl0cyI6eyJyZXNpemUiOnsid2lkdGgiOjQwMH19fQ==,
Adidas Handball Spezial Cream White Beige (Women's),Adidas," IDR 1,570,000",https://cdn-old.kickavenue.com/eyJidWNrZXQiOiJraWNrYXZlbnVlLWFzc2V0cyIsImtleSI6InByb2R1Y3RzLzc4NzQ5L2U1OGMwZDY3NDhlZWVmNDk2MjE0NjUyN2NjMWFiMmUwLnBuZyIsImVkaXRzIjp7InJlc2l6ZSI6eyJ3aWR0aCI6NDAwfX19," IDR 1,815,000"
Air Jordan 1 Mid Coconut Milk (Women's),Air Jordan," IDR 920,000",https://cdn-old.kickavenue.com/eyJidWNrZXQiOiJraWNrYXZlbnVlLWFzc2V0cyIsImtleSI6InByb2R1Y3RzLzI4NTc3LzYxZTk4M2JlZTllMTRjNDcyNTBlYjU4MGEyNzc5NjNjLnBuZyIsImVkaXRzIjp7InJlc2l6ZSI6eyJ3aWR0aCI6NDAwfX19," IDR 1,980,000"
Adidas CrazyQuick Lightstrike Padel Lucid Pink (Women's),Adidas," IDR 3,950,000",https://cdn-old.kickavenue.com/eyJidWNrZXQiOiJraWNrYXZlbnVlLWFzc2V0cyIsImtleSI6InByb2R1Y3RzLzEzMDY5Ni9jZDU4OTFhN2E3YmUxYWM1M2ViNTQ3ODZkZGFmZTZlOS5wbmciLCJlZGl0cyI6eyJyZXNpemUiOnsid2lkdGgiOjQwMH19fQ==,
Nike Court Lite 4 Black Anthracite White (Women's),Nike," IDR 1,600,000",https://cdn-old.kickavenue.com/eyJidWNrZXQiOiJraWNrYXZlbnVlLWFzc2V0cyIsImtleSI6InByb2R1Y3RzLzE0NTI0MS8wNmU3Nzg3MTkyNzRlY2NlZDU2ZGY5MmE0YTM5YjhmOC5wbmciLCJlZGl0cyI6eyJyZXNpemUiOnsid2lkdGgiOjQwMH19fQ==,
Puma Cat Cleat Sandals Fenty Orange (Women's),Puma," IDR 1,500,000",https://cdn-old.kickavenue.com/eyJidWNrZXQiOiJraWNrYXZlbnVlLWFzc2V0cyIsImtleSI6InByb2R1Y3RzLzEzNDIyNC9mYjRiMzE3Y2U5ODZmMjExNGNiOTU2ZWUwNGFhNmMzYi5wbmciLCJlZGl0cyI6eyJyZXNpemUiOnsid2lkdGgiOjQwMH19fQ==,
Nike Dunk Low Green Glow (Women's),Nike," IDR 600,000",https://cdn-old.kickavenue.com/eyJidWNrZXQiOiJraWNrYXZlbnVlLWFzc2V0cyIsImtleSI6InByb2R1Y3RzLzIyMDgxLzM0OGQwNTJjMDcyZTA4NGQ0NWZjMDk4YjAxM2ZjOGY2LnBuZyIsImVkaXRzIjp7InJlc2l6ZSI6eyJ3aWR0aCI6NDAwfX19," IDR 1,549,000"
Air Jordan 1 Mid Light Orewood Brown (Women's),Air Jordan," IDR 920,000",https://cdn-old.kickavenue.com/eyJidWNrZXQiOiJraWNrYXZlbnVlLWFzc2V0cyIsImtleSI6InByb2R1Y3RzLzI5MzE0L2ZkYzg4YTI0OGIzMmJjZWFiN2Q2NTgwMTg3MjJmY2Q5LnBuZyIsImVkaXRzIjp7InJlc2l6ZSI6eyJ3aWR0aCI6NDAwfX19," IDR 2,227,500"
Nike P-6000 Summit White (Women's),Nike," IDR 1,900,000",https://cdn-old.kickavenue.com/eyJidWNrZXQiOiJraWNrYXZlbnVlLWFzc2V0cyIsImtleSI6InByb2R1Y3RzLzEwNDI0Ni8wMjdhMjE4NmU3Mjc3ZjY1MmFiZTVmOTc3NmZkYWUxNy5wbmciLCJlZGl0cyI6eyJyZXNpemUiOnsid2lkdGgiOjQwMH19fQ==,
ON Running Cloud 6 Waterproof Nimbus Lilac (Women's),ON Running," IDR 2,870,000",https://cdn-old.kickavenue.com/eyJidWNrZXQiOiJraWNrYXZlbnVlLWFzc2V0cyIsImtleSI6InByb2R1Y3RzLzE0Mjg2Ny9jNGRiZDgwM2MwOGIyMjIwYzVmZThjODVlNTk1MzVlYS5wbmciLCJlZGl0cyI6eyJyZXNpemUiOnsid2lkdGgiOjQwMH19fQ==," IDR 2,970,000"
Nike Sabrina 3 Silencer (Women's),Nike," IDR 1,550,000",https://cdn-old.kickavenue.com/eyJidWNrZXQiOiJraWNrYXZlbnVlLWFzc2V0cyIsImtleSI6InByb2R1Y3RzLzE0NTI1NS85MDA1OWFjMDdhM2RjM2QzZjE0NjA2NTZiMzNhZTM1Mi5wbmciLCJlZGl0cyI6eyJyZXNpemUiOnsid2lkdGgiOjQwMH19fQ==," IDR 2,227,500"
Adidas Bermuda Putty Mauve Semi Flash Aqua (Women's),Adidas," IDR 2,000,000",https://cdn-old.kickavenue.com/eyJidWNrZXQiOiJraWNrYXZlbnVlLWFzc2V0cyIsImtleSI6InByb2R1Y3RzLzEzNzE2My9mMGRlYzJlZTY5ZDg2M2RhYmM3NzFkYjFjYWQ2YzUxYi5wbmciLCJlZGl0cyI6eyJyZXNpemUiOnsid2lkdGgiOjQwMH19fQ==,
Nike Dunk Low Barely Green (Women's),Nike," IDR 750,000",https://cdn-old.kickavenue.com/eyJidWNrZXQiOiJraWNrYXZlbnVlLWFzc2V0cyIsImtleSI6InByb2R1Y3RzLzIyOTE5L2ZhZTY4YTBkOTE1N2U0ZjM1NWY0N2QyZmNlZWY0ZDEyLnBuZyIsImVkaXRzIjp7InJlc2l6ZSI6eyJ3aWR0aCI6NDAwfX19," IDR 1,549,000"
On The Roger Pro Fire Pink Flame (Women's),ON Running," IDR 7,500,000",https://cdn-old.kickavenue.com/eyJidWNrZXQiOiJraWNrYXZlbnVlLWFzc2V0cyIsImtleSI6InByb2R1Y3RzLzE0MTAxMC9iOGViZmNjOTdhNGM0NGIzZjNjNTBlMDhmOGQ2MGYwMi5wbmciLCJlZGl0cyI6eyJyZXNpemUiOnsid2lkdGgiOjQwMH19fQ==,
Adidas Hamburg Bliss Pink Semi Flash Aqua (Women's),Adidas," IDR 1,750,000",https://cdn-old.kickavenue.com/eyJidWNrZXQiOiJraWNrYXZlbnVlLWFzc2V0cyIsImtleSI6InByb2R1Y3RzLzExMjM1OC8xOThmMjYxOWFjZGVlZWQ5NWI0NGU4ODhhNjIwYzVlMi5wbmciLCJlZGl0cyI6eyJyZXNpemUiOnsid2lkdGgiOjQwMH19fQ==,
Adidas Gazelle Indoor Pink Spark Preloved Green (Women's),Adidas," IDR 1,640,000",https://cdn-old.kickavenue.com/eyJidWNrZXQiOiJraWNrYXZlbnVlLWFzc2V0cyIsImtleSI6InByb2R1Y3RzLzEwOTcwMy82ZjdiNDhkMWIzODdjMjE0NjAxYWQ3YzgyYTZmMjJmNy5wbmciLCJlZGl0cyI6eyJyZXNpemUiOnsid2lkdGgiOjQwMH19fQ==,
Nike V2K Run Particle Rose Tattoo (Women's),Nike," IDR 3,000,000",https://cdn-old.kickavenue.com/eyJidWNrZXQiOiJraWNrYXZlbnVlLWFzc2V0cyIsImtleSI6InByb2R1Y3RzLzE1MjIzNy84ODZiY2Q5NmNhMzExMDkwNTExYzM0NDZmNjk0ZmIwNS5wbmciLCJlZGl0cyI6eyJyZXNpemUiOnsid2lkdGgiOjQwMH19fQ==,
Air Jordan 1 Low Light Madder Root (Women's),Air Jordan," IDR 1,060,000",https://cdn-old.kickavenue.com/eyJidWNrZXQiOiJraWNrYXZlbnVlLWFzc2V0cyIsImtleSI6InByb2R1Y3RzLzI5MjgzL2FjM2Y3ZmEzYjkzODA4OTU1NjM5NmY2YzgwNDA5ZDUyLnBuZyIsImVkaXRzIjp7InJlc2l6ZSI6eyJ3aWR0aCI6NDAwfX19," IDR 2,310,000"
Adidas Taekwondo Mei Ballet White Better Scarlet (Women's),Adidas," IDR 900,000",https://cdn-old.kickavenue.com/eyJidWNrZXQiOiJraWNrYXZlbnVlLWFzc2V0cyIsImtleSI6InByb2R1Y3RzLzEzMjk0MC8zMzMwMGZiZmYzYmUzZDQ0ZDdkN2FiNTVlZjAwMTQxZS5wbmciLCJlZGl0cyI6eyJyZXNpemUiOnsid2lkdGgiOjQwMH19fQ==,
Nike Dunk Low Rose Whisper (Women's),Nike," IDR 1,250,000",https://cdn-old.kickavenue.com/eyJidWNrZXQiOiJraWNrYXZlbnVlLWFzc2V0cyIsImtleSI6InByb2R1Y3RzLzMxMzcxLzIzOGY4ZmI0MjEyYzllYTQ3ZTRlMzlmOGI3M2JlNzQ2LnBuZyIsImVkaXRzIjp7InJlc2l6ZSI6eyJ3aWR0aCI6NDAwfX19," IDR 1,549,000"
Adidas Samba OG Silver Green (Women's),Adidas," IDR 1,170,000",https://cdn-old.kickavenue.com/eyJidWNrZXQiOiJraWNrYXZlbnVlLWFzc2V0cyIsImtleSI6InByb2R1Y3RzLzczNDc5LzEwMDA2ZDVjMmQzNGQxNzIyODUxZmMxZGYzZDY2OWZkLnBuZyIsImVkaXRzIjp7InJlc2l6ZSI6eyJ3aWR0aCI6NDAwfX19,
Nike Air Force 1 Shadow Sail Platinum Violet (Women's),Nike," IDR 1,250,000",https://cdn-old.kickavenue.com/eyJidWNrZXQiOiJraWNrYXZlbnVlLWFzc2V0cyIsImtleSI6InByb2R1Y3RzLzc4NDAxL2VlM2MxYjNlNzVhMWI0Y2UzNDJiYmVlZTJmZjhhODE4LnBuZyIsImVkaXRzIjp7InJlc2l6ZSI6eyJ3aWR0aCI6NDAwfX19," IDR 2,227,500"
Adidas Handball Spezial Dark Brown Wonder Mauve (Women's),Adidas," IDR 2,250,000",https://cdn-old.kickavenue.com/eyJidWNrZXQiOiJraWNrYXZlbnVlLWFzc2V0cyIsImtleSI6InByb2R1Y3RzLzE1MDQxNS80ZjMyOGI0ZGE1ODVmMDZjNzY5MWMwN2IzNTkxZjczOS5wbmciLCJlZGl0cyI6eyJyZXNpemUiOnsid2lkdGgiOjQwMH19fQ==,
Nike Shox R4 White Metallic (Women's),Nike," IDR 2,450,000",https://cdn-old.kickavenue.com/eyJidWNrZXQiOiJraWNrYXZlbnVlLWFzc2V0cyIsImtleSI6InByb2R1Y3RzLzEwNDExMS84YTJlNTljYzc1NGYzYzY3MGM2NmZiMjZlYjk5MzM1NS5wbmciLCJlZGl0cyI6eyJyZXNpemUiOnsid2lkdGgiOjQwMH19fQ==,
Nike Air Force 1 '07 Next Nature White Elemental Pink (Women's),Nike," IDR 900,000",https://cdn-old.kickavenue.com/eyJidWNrZXQiOiJraWNrYXZlbnVlLWFzc2V0cyIsImtleSI6InByb2R1Y3RzLzEyMjI1MC9iYWU4NTA3ZmMxNzdhMDkyODQ5NTlmNTY3MTM1NmNmZC5wbmciLCJlZGl0cyI6eyJyZXNpemUiOnsid2lkdGgiOjQwMH19fQ==,
ON Running Cloudtilt Black Eclipse (Women's),ON Running," IDR 2,990,000",https://cdn-old.kickavenue.com/eyJidWNrZXQiOiJraWNrYXZlbnVlLWFzc2V0cyIsImtleSI6InByb2R1Y3RzLzExMTUwMi80N2JhNjlkMTU4YjY4M2E0NTBhNzYyMTc4NmFmM2M4NC5wbmciLCJlZGl0cyI6eyJyZXNpemUiOnsid2lkdGgiOjQwMH19fQ==,
Adidas SL 72 OG Court Green Ivory (Women's),Adidas," IDR 890,000",https://cdn-old.kickavenue.com/eyJidWNrZXQiOiJraWNrYXZlbnVlLWFzc2V0cyIsImtleSI6InByb2R1Y3RzLzEyMTU2Ny8wZDkyY2ZiNmYzMTBkODE3NDUxZjM4M2E1OTQwMWIxMy5wbmciLCJlZGl0cyI6eyJyZXNpemUiOnsid2lkdGgiOjQwMH19fQ==," IDR 1,650,000"
Adidas Taekwondo Lace White Black (Women's),Adidas," IDR 1,000,000",https://cdn-old.kickavenue.com/eyJidWNrZXQiOiJraWNrYXZlbnVlLWFzc2V0cyIsImtleSI6InByb2R1Y3RzLzExMzUyMi8xMmZiYjI0ZDcwZjk5MDljYzY2ZmJkNzQxYzYzNGI0YS5wbmciLCJlZGl0cyI6eyJyZXNpemUiOnsid2lkdGgiOjQwMH19fQ==,
Nike Air Force 1 '07 Next Nature Sail Canyon Pink (Women's),Nike," IDR 740,000",https://cdn-old.kickavenue.com/eyJidWNrZXQiOiJraWNrYXZlbnVlLWFzc2V0cyIsImtleSI6InByb2R1Y3RzLzExMzQ1Ni82MDZhM2I2ZDNkZWNiNTJiMmQ5ODU5OGUwNjVkNjU3Ny5wbmciLCJlZGl0cyI6eyJyZXNpemUiOnsid2lkdGgiOjQwMH19fQ==,
Nike Air Pegasus 2005 White Gym Red (Women's),Nike," IDR 880,000",https://cdn-old.kickavenue.com/eyJidWNrZXQiOiJraWNrYXZlbnVlLWFzc2V0cyIsImtleSI6InByb2R1Y3RzLzEwOTE3MS8zMDllMmQ0Yzc4ZmE0OGE0MWQ3YTkzZTRhNDVhNmM3My5wbmciLCJlZGl0cyI6eyJyZXNpemUiOnsid2lkdGgiOjQwMH19fQ==,
New Balance FuelCell SuperComp Elite v4 White Angora Hot Mango (Women's),New Balance," IDR 1,900,000",https://cdn-old.kickavenue.com/eyJidWNrZXQiOiJraWNrYXZlbnVlLWFzc2V0cyIsImtleSI6InByb2R1Y3RzLzEzMjg1Ny9iMGZjYTczYzJkN2E5MDdkNzg5M2QxOWYzNGQ0OWRmMC5wbmciLCJlZGl0cyI6eyJyZXNpemUiOnsid2lkdGgiOjQwMH19fQ==,
Nike Shox R4 Black Metallic Gold (Women's),Nike," IDR 1,150,000",https://cdn-old.kickavenue.com/eyJidWNrZXQiOiJraWNrYXZlbnVlLWFzc2V0cyIsImtleSI6InByb2R1Y3RzLzEzOTYyOS9jMTUzYTFmNDkyNjE5ZjgwYmFkNzZiMmVlZDRlOTFlNS5wbmciLCJlZGl0cyI6eyJyZXNpemUiOnsid2lkdGgiOjQwMH19fQ==," IDR 2,475,000"
Nike Vomero Plus SE Barely Green Sequoia (Women's),Nike," IDR 2,800,000",https://cdn-old.kickavenue.com/eyJidWNrZXQiOiJraWNrYXZlbnVlLWFzc2V0cyIsImtleSI6InByb2R1Y3RzLzE1MDc0OS9lOWFkOTZlODUyODdjODNlMTVkNTVkNjVkMGUwMGQ3Ni5wbmciLCJlZGl0cyI6eyJyZXNpemUiOnsid2lkdGgiOjQwMH19fQ==,
Nike Calm Mules Sail (Women's),Nike," IDR 900,000",https://cdn-old.kickavenue.com/eyJidWNrZXQiOiJraWNrYXZlbnVlLWFzc2V0cyIsImtleSI6InByb2R1Y3RzLzEwMzYzMC9lMmEwZTg4YzdhZmIxZDUzYmMyYTljYzVkYWM0OWYzZS5wbmciLCJlZGl0cyI6eyJyZXNpemUiOnsid2lkdGgiOjQwMH19fQ==,
Nike Shox R4 Blue Tint Total Orange Black Metallic Silver (Women's),Nike," IDR 1,450,000",https://cdn-old.kickavenue.com/eyJidWNrZXQiOiJraWNrYXZlbnVlLWFzc2V0cyIsImtleSI6InByb2R1Y3RzLzEzOTU2My84YmFmNTZmNWE4ZTk0ZmNlOTczOTk5ZDIxNGYxZGI0OS5wbmciLCJlZGl0cyI6eyJyZXNpemUiOnsid2lkdGgiOjQwMH19fQ==," IDR 2,475,000"
New Balance 550 Pink White (Women's),New Balance," IDR 1,500,000",https://cdn-old.kickavenue.com/eyJidWNrZXQiOiJraWNrYXZlbnVlLWFzc2V0cyIsImtleSI6InByb2R1Y3RzLzY4MjAyLzFkMDNkMDhmMjMyNjliZTNlZGU4Mjk0OTA5NWFlYjE1LnBuZyIsImVkaXRzIjp7InJlc2l6ZSI6eyJ3aWR0aCI6NDAwfX19," IDR 1,999,000"
Nike Blazer Low Platform Sail Grey (Women's),Nike," IDR 690,000",https://cdn-old.kickavenue.com/eyJidWNrZXQiOiJraWNrYXZlbnVlLWFzc2V0cyIsImtleSI6InByb2R1Y3RzLzYyMTkxLzAxYWU2NWQwZWFmMzg5MGRjMWUxOTFkYzBkNDEzYjQ2LmpwZWciLCJlZGl0cyI6eyJyZXNpemUiOnsid2lkdGgiOjQwMH19fQ==," IDR 1,567,500"
Nike Asuna Slide Barely Rose (Women's),Nike," IDR 600,000",https://cdn-old.kickavenue.com/eyJidWNrZXQiOiJraWNrYXZlbnVlLWFzc2V0cyIsImtleSI6InByb2R1Y3RzLzg3MjYyL2NjMTZjMGI5Yzk0YWY3MjcxNGUyZmE3NTA5NmIzNjhlLnBuZyIsImVkaXRzIjp7InJlc2l6ZSI6eyJ3aWR0aCI6NDAwfX19,
Air Jordan Pointe Chile Red (Women's),Air Jordan," IDR 1,400,000",https://cdn-old.kickavenue.com/eyJidWNrZXQiOiJraWNrYXZlbnVlLWFzc2V0cyIsImtleSI6InByb2R1Y3RzLzE1NjIzMS9iMWJkM2ZiYTQzZWQ0NWZiYzcxMTA2ODQ0NmZlYmY4YS5wbmciLCJlZGl0cyI6eyJyZXNpemUiOnsid2lkdGgiOjQwMH19fQ==," IDR 2,062,500"
Nike Air Rift Breathe White Pure Platinum (Women's),Nike," IDR 1,250,000",https://cdn-old.kickavenue.com/eyJidWNrZXQiOiJraWNrYXZlbnVlLWFzc2V0cyIsImtleSI6InByb2R1Y3RzLzQyNTkyLzc3YTM0MmNhODdmYzdmYjAzMWRjODYwMDk0MGQ1NmJiLmpwZWciLCJlZGl0cyI6eyJyZXNpemUiOnsid2lkdGgiOjQwMH19fQ==," IDR 2,227,500"
Adidas Taekwondo Mei Ballet Clear Pink White (Women's),Adidas," IDR 1,350,000",https://cdn-old.kickavenue.com/eyJidWNrZXQiOiJraWNrYXZlbnVlLWFzc2V0cyIsImtleSI6InByb2R1Y3RzLzEzMjk0MS9jNWM1YTQ4M2MxMTJhYjg3NzFmNGRmODM2NjU5MGE1MS5wbmciLCJlZGl0cyI6eyJyZXNpemUiOnsid2lkdGgiOjQwMH19fQ==,
Adidas Sambae White Black Gum (Women's),Adidas," IDR 950,000",https://cdn-old.kickavenue.com/eyJidWNrZXQiOiJraWNrYXZlbnVlLWFzc2V0cyIsImtleSI6InByb2R1Y3RzLzc2NjA1LzIwNjRmMjE0ZDUyNmM0NDZjMmNmN2Y1MTQyZjcwYTNhLnBuZyIsImVkaXRzIjp7InJlc2l6ZSI6eyJ3aWR0aCI6NDAwfX19," IDR 1,815,000"
Nike Dunk Low Se Fleece Pack Honeydew (Women's),Nike," IDR 950,000",https://cdn-old.kickavenue.com/eyJidWNrZXQiOiJraWNrYXZlbnVlLWFzc2V0cyIsImtleSI6InByb2R1Y3RzLzQwODk5L2YzMGM2ZmQwMmQ0Njk0NmVhNmViMThjMDFiNTIwZjZlLmpwZWciLCJlZGl0cyI6eyJyZXNpemUiOnsid2lkdGgiOjQwMH19fQ==," IDR 1,549,000"
Nike Air Force 1 Low ShadowTriple Black (Women's),Nike," IDR 1,000,000",https://cdn-old.kickavenue.com/eyJidWNrZXQiOiJraWNrYXZlbnVlLWFzc2V0cyIsImtleSI6InByb2R1Y3RzLzc0MzcwLzA1YjMxZGNmZTlkMWE5NmNlNGU0MzBjMTE2OGFjYWU2LnBuZyIsImVkaXRzIjp7InJlc2l6ZSI6eyJ3aWR0aCI6NDAwfX19," IDR 2,227,500"
Nike Dunk Low Black Paisley (Women's),Nike," IDR 1,050,000",https://cdn-old.kickavenue.com/eyJidWNrZXQiOiJraWNrYXZlbnVlLWFzc2V0cyIsImtleSI6InByb2R1Y3RzLzI4NjQwL2EyNDQxZGVjMWU1NmUwZWZjOTFkMjJkYjYyZTE2MjQ4LnBuZyIsImVkaXRzIjp7InJlc2l6ZSI6eyJ3aWR0aCI6NDAwfX19," IDR 1,549,000"
Air Jordan 3 Retro X A Ma Maniére Black Violet Ore (Women's),Air Jordan," IDR 4,000,000",https://cdn-old.kickavenue.com/eyJidWNrZXQiOiJraWNrYXZlbnVlLWFzc2V0cyIsImtleSI6InByb2R1Y3RzLzEwNzk4My9kZWRhNjRkMGVmOWI4MTg4NDYzOWQ2ZjZhYjQ3ODM3ZC5wbmciLCJlZGl0cyI6eyJyZXNpemUiOnsid2lkdGgiOjQwMH19fQ==,
Nike Dunk Low PRM Vintage Navy (Women's),Nike," IDR 1,100,000",https://cdn-old.kickavenue.com/eyJidWNrZXQiOiJraWNrYXZlbnVlLWFzc2V0cyIsImtleSI6InByb2R1Y3RzLzY4NjQ1L2ZjNzkzN2RiZDM2NjVlZWVhNTA4YTBhNTFmOWEwNzEzLnBuZyIsImVkaXRzIjp7InJlc2l6ZSI6eyJ3aWR0aCI6NDAwfX19," IDR 1,909,000"
Adidas Samba Ruffle Stripes Pack Wonder Mauve (Women's),Adidas," IDR 1,900,000",https://cdn-old.kickavenue.com/eyJidWNrZXQiOiJraWNrYXZlbnVlLWFzc2V0cyIsImtleSI6InByb2R1Y3RzLzEzNTUwNi8wNTExMDU4OTBhMWZjOGE0YjEwN2JhYjUwOTVkNWZmNS5wbmciLCJlZGl0cyI6eyJyZXNpemUiOnsid2lkdGgiOjQwMH19fQ==,
Adidas Samba LT Cow Print Black White (Women's),Adidas," IDR 2,550,000",https://cdn-old.kickavenue.com/eyJidWNrZXQiOiJraWNrYXZlbnVlLWFzc2V0cyIsImtleSI6InByb2R1Y3RzLzE0MjkwNi9hN2I2NjY3MmQ5ZjVjZjQ0OGY5MDU4YjMwODIzNTFlYy5wbmciLCJlZGl0cyI6eyJyZXNpemUiOnsid2lkdGgiOjQwMH19fQ==,
Nike Air Max 1 Royal Pulse (Women's),Nike," IDR 1,250,000",https://cdn-old.kickavenue.com/eyJidWNrZXQiOiJraWNrYXZlbnVlLWFzc2V0cyIsImtleSI6InByb2R1Y3RzLzE0MDU4Ny83NzVhNWE2NDEzODQyMTNhOWQ5ODgzMjBiNjM0MTVmZS5wbmciLCJlZGl0cyI6eyJyZXNpemUiOnsid2lkdGgiOjQwMH19fQ==," IDR 2,310,000"
New Balance 550 Twilight Haze (Women’s),New Balance," IDR 1,000,000",https://cdn-old.kickavenue.com/eyJidWNrZXQiOiJraWNrYXZlbnVlLWFzc2V0cyIsImtleSI6InByb2R1Y3RzLzEyNjE3OS82YTJlMWY5OWEwMjQ0YWQxZDI3OGFmMDMwY2U0Mjc3Yi5wbmciLCJlZGl0cyI6eyJyZXNpemUiOnsid2lkdGgiOjQwMH19fQ==,
Chuck Taylor All Star Lift Platform High Herby Admiral Elm Green (Women's),Converse," IDR 990,000",https://cdn-old.kickavenue.com/eyJidWNrZXQiOiJraWNrYXZlbnVlLWFzc2V0cyIsImtleSI6InByb2R1Y3RzLzEzMjM1Ni8yMDdhNzI1MDA2YWVjOGQ4ZGQ4ODIxNmMyMjU5MTgzZi5wbmciLCJlZGl0cyI6eyJyZXNpemUiOnsid2lkdGgiOjQwMH19fQ==,
New Balance 574 Grey Day 2024 (Women's),New Balance," IDR 700,000",https://cdn-old.kickavenue.com/eyJidWNrZXQiOiJraWNrYXZlbnVlLWFzc2V0cyIsImtleSI6InByb2R1Y3RzLzEwNzI0NS83YzA5NDc0ZTczMWFmMGM5ZDczNjMzNzUwNTY4OGIwNC5wbmciLCJlZGl0cyI6eyJyZXNpemUiOnsid2lkdGgiOjQwMH19fQ==,
Nike Air Max Sunder White Black (Women's),Nike," IDR 3,100,000",https://cdn-old.kickavenue.com/eyJidWNrZXQiOiJraWNrYXZlbnVlLWFzc2V0cyIsImtleSI6InByb2R1Y3RzLzE1MTYxMC8wODExMmE1MWVmZDQxMTQwNDA4ODUxYjA4NmJiNjY5NC5wbmciLCJlZGl0cyI6eyJyZXNpemUiOnsid2lkdGgiOjQwMH19fQ==,
Adidas Barricade 13 Sandy Pink Grey Sandy Pink Met. (Women's),Adidas," IDR 3,280,000",https://cdn-old.kickavenue.com/eyJidWNrZXQiOiJraWNrYXZlbnVlLWFzc2V0cyIsImtleSI6InByb2R1Y3RzLzE0MTE1Ny81MTMyNDA2OGE5MGE3ZjRmNDNkNGM2YTY2Y2FhMWIwYS5wbmciLCJlZGl0cyI6eyJyZXNpemUiOnsid2lkdGgiOjQwMH19fQ==,
Nike Oneonta Sandal Black Wolf Grey (Women's),Nike," IDR 800,000",https://cdn-old.kickavenue.com/eyJidWNrZXQiOiJraWNrYXZlbnVlLWFzc2V0cyIsImtleSI6InByb2R1Y3RzLzg3NzM3LzhjZTcwZjAzOTA5OTU4ZTljZDVmM2NhNDFjNmE4ZTQwLnBuZyIsImVkaXRzIjp7InJlc2l6ZSI6eyJ3aWR0aCI6NDAwfX19,
Reebok Court Clean (Women's),Reebok," IDR 400,000",https://cdn-old.kickavenue.com/eyJidWNrZXQiOiJraWNrYXZlbnVlLWFzc2V0cyIsImtleSI6InByb2R1Y3RzLzExNTg5NC8wZmFiYjMwZGY3ODkzZDI1OTM4NTNjOTM3YmViNWMzNy5wbmciLCJlZGl0cyI6eyJyZXNpemUiOnsid2lkdGgiOjQwMH19fQ==,
Adidas Handball Spezial Alumina Warm Clay (Women's),Adidas," IDR 2,450,000",https://cdn-old.kickavenue.com/eyJidWNrZXQiOiJraWNrYXZlbnVlLWFzc2V0cyIsImtleSI6InByb2R1Y3RzLzE1MTI1NS82NDc0MTk5M2JkNGUyZTI2NWI2YTE4NzJjZTE5ZmRiYy5wbmciLCJlZGl0cyI6eyJyZXNpemUiOnsid2lkdGgiOjQwMH19fQ==,
Nike Air Max 1 LX Obsidian Light Orewood Brown (Women's),Nike," IDR 2,500,000",https://cdn-old.kickavenue.com/eyJidWNrZXQiOiJraWNrYXZlbnVlLWFzc2V0cyIsImtleSI6InByb2R1Y3RzLzcwNDEzL2I1MjU3Yzg3ZmI1NmU5NzEwN2M4NTU5Njc3MDNkZmZiLnBuZyIsImVkaXRzIjp7InJlc2l6ZSI6eyJ3aWR0aCI6NDAwfX19," IDR 2,640,000"
Adidas Taekwondo White Black (Women's),Adidas," IDR 1,050,000",https://cdn-old.kickavenue.com/eyJidWNrZXQiOiJraWNrYXZlbnVlLWFzc2V0cyIsImtleSI6InByb2R1Y3RzLzExMDkxMi9kODk2NzlmZGUyODE0MjhkZGM5NTc4ODczMGE5YTgzNC5wbmciLCJlZGl0cyI6eyJyZXNpemUiOnsid2lkdGgiOjQwMH19fQ==,
ON Running Cloud 5 Waterproof All Black (Women's),ON Running," IDR 2,500,000",https://cdn-old.kickavenue.com/eyJidWNrZXQiOiJraWNrYXZlbnVlLWFzc2V0cyIsImtleSI6InByb2R1Y3RzLzk2OTAzL2M1YmMyYTBmODAxNWNjNWE0MWU0NTVlMWZkMGU2ZTZlLnBuZyIsImVkaXRzIjp7InJlc2l6ZSI6eyJ3aWR0aCI6NDAwfX19," IDR 2,805,000"
Nike Vomero Plus Grey Aluminium Royal Pulse White (Women's),Nike," IDR 2,650,000",https://cdn-old.kickavenue.com/eyJidWNrZXQiOiJraWNrYXZlbnVlLWFzc2V0cyIsImtleSI6InByb2R1Y3RzLzE0NDY3Ny8yMDBmZjkzYWNhNGNjYzQzN2RhN2M5NTE4NzczNTYyOS5wbmciLCJlZGl0cyI6eyJyZXNpemUiOnsid2lkdGgiOjQwMH19fQ==,
Air Jordan 1 Low Sky J Purple (Women's),Air Jordan," IDR 1,500,000",https://cdn-old.kickavenue.com/eyJidWNrZXQiOiJraWNrYXZlbnVlLWFzc2V0cyIsImtleSI6InByb2R1Y3RzLzY5NjAyLzNhMTdmNzJjYjNhZGEyNzVhYWYwNDk1YmU1MTMxM2JlLnBuZyIsImVkaXRzIjp7InJlc2l6ZSI6eyJ3aWR0aCI6NDAwfX19," IDR 1,815,000"
Dr. Martens 8065 Mary Jane Virginia Leather Savannah Tan (W),Dr. Martens," IDR 4,000,000",https://cdn-old.kickavenue.com/eyJidWNrZXQiOiJraWNrYXZlbnVlLWFzc2V0cyIsImtleSI6InByb2R1Y3RzLzExNTM5Ny8yNWUxZWNjMWQzNmFmNmQ1MDA1M2ZjNmE0YmU4NjE1Mi5wbmciLCJlZGl0cyI6eyJyZXNpemUiOnsid2lkdGgiOjQwMH19fQ==,
Adidas Taekwondo White Clear Pink Gum (Women's),Adidas," IDR 1,440,000",https://cdn-old.kickavenue.com/eyJidWNrZXQiOiJraWNrYXZlbnVlLWFzc2V0cyIsImtleSI6InByb2R1Y3RzLzEzMDI1Mi84YTg0MGZjYTE4MTUyMDA5MmI2ZGFhYWE4YTRkNjJjYy5wbmciLCJlZGl0cyI6eyJyZXNpemUiOnsid2lkdGgiOjQwMH19fQ==,
Air Jordan 1 Low SE Utility White Black Gym Red (Women's),Air Jordan," IDR 800,000",https://cdn-old.kickavenue.com/eyJidWNrZXQiOiJraWNrYXZlbnVlLWFzc2V0cyIsImtleSI6InByb2R1Y3RzLzI5ODI2L2Q4ZDI4NTQwNzExN2U3MmQ4NTgxNmZlMGE3MDNhNmE2LnBuZyIsImVkaXRzIjp7InJlc2l6ZSI6eyJ3aWR0aCI6NDAwfX19," IDR 1,815,000"
Air Jordan 1 Low Galactic Jade (Women's),Air Jordan," IDR 1,224,000",https://cdn-old.kickavenue.com/eyJidWNrZXQiOiJraWNrYXZlbnVlLWFzc2V0cyIsImtleSI6InByb2R1Y3RzLzc0MDY5LzVlZmMwNmU1NTI4NmJkNjE0NTFhMWIzZmM1Mzk2ZjI1LnBuZyIsImVkaXRzIjp7InJlc2l6ZSI6eyJ3aWR0aCI6NDAwfX19,
Nike Dunk Low Coconut Milk (Women's),Nike," IDR 890,000",https://cdn-old.kickavenue.com/eyJidWNrZXQiOiJraWNrYXZlbnVlLWFzc2V0cyIsImtleSI6InByb2R1Y3RzLzM2NDM0LzNlNGJhYmJjMzg4Y2UzMDA4YzRmZTdhMThmNmU2Y2U5LnBuZyIsImVkaXRzIjp7InJlc2l6ZSI6eyJ3aWR0aCI6NDAwfX19," IDR 1,549,000"
Adidas Samba OG Oat Violet Tone (Women's),Adidas," IDR 1,200,000",https://cdn-old.kickavenue.com/eyJidWNrZXQiOiJraWNrYXZlbnVlLWFzc2V0cyIsImtleSI6InByb2R1Y3RzLzEwNDg4MS80ODQ1YmYwOGFkZmViOWIwMmFlMDk3Y2FlZWFmNzQ0MS5wbmciLCJlZGl0cyI6eyJyZXNpemUiOnsid2lkdGgiOjQwMH19fQ==,
Nike Zoom Fly 6 White Vivid Grape (Women's),Nike," IDR 2,580,000",https://cdn-old.kickavenue.com/eyJidWNrZXQiOiJraWNrYXZlbnVlLWFzc2V0cyIsImtleSI6InByb2R1Y3RzLzEyMTAyMi9kMmQzYWY2ZjQ2YWU2ZDFlZWZkNWZkNzc2YTgxNThhNy5wbmciLCJlZGl0cyI6eyJyZXNpemUiOnsid2lkdGgiOjQwMH19fQ==," IDR 2,805,000"
Nike Zoom Fly 6 RR White Smoke Grey (Women's),Nike," IDR 2,000,000",https://cdn-old.kickavenue.com/eyJidWNrZXQiOiJraWNrYXZlbnVlLWFzc2V0cyIsImtleSI6InByb2R1Y3RzLzEzMDA4Mi8yNzUyZTdmMGM3ZDE0MjFlMTE4MDNhNzY4MDkwNTY4OC5wbmciLCJlZGl0cyI6eyJyZXNpemUiOnsid2lkdGgiOjQwMH19fQ==," IDR 2,805,000"
Adidas Samba OG Cream White Preloved Fig (Women's),Adidas," IDR 1,850,000",https://cdn-old.kickavenue.com/eyJidWNrZXQiOiJraWNrYXZlbnVlLWFzc2V0cyIsImtleSI6InByb2R1Y3RzLzEwNzY3OS8zODcyZTkwZmViNGZhYzJmZjhlNDZmNWVlYTBkYzkxNS5wbmciLCJlZGl0cyI6eyJyZXNpemUiOnsid2lkdGgiOjQwMH19fQ==,
Adidas Adizero Adios Pro 4 Shock Pink Zero Metallic (Women's),Adidas," IDR 3,070,000",https://cdn-old.kickavenue.com/eyJidWNrZXQiOiJraWNrYXZlbnVlLWFzc2V0cyIsImtleSI6InByb2R1Y3RzLzE0NDU4My9kZTI0ZmE5ZDlhYzBkZmQ3OGYxMzRlZWEzMDIwZDhkNC5wbmciLCJlZGl0cyI6eyJyZXNpemUiOnsid2lkdGgiOjQwMH19fQ==,
Adidas AdiFOM Superstar Boot Clear Pink (Women's),Adidas," IDR 470,000",https://cdn-old.kickavenue.com/eyJidWNrZXQiOiJraWNrYXZlbnVlLWFzc2V0cyIsImtleSI6InByb2R1Y3RzLzExMjEwMi9mOWIwZWZmYzhlYjk2YzkxMzc1ZWE2Y2UwZjgwMmJiNy5wbmciLCJlZGl0cyI6eyJyZXNpemUiOnsid2lkdGgiOjQwMH19fQ==," IDR 1,815,000"
Nike Air Max Moto 2K White Metallic Silver Black Photon Dust (Women's),Nike," IDR 1,800,000",https://cdn-old.kickavenue.com/eyJidWNrZXQiOiJraWNrYXZlbnVlLWFzc2V0cyIsImtleSI6InByb2R1Y3RzLzE0NDEzOS9mZjhjNTU0N2M4OWYxYTIwMDdiY2UyMDgwYTViOGU5MS5wbmciLCJlZGl0cyI6eyJyZXNpemUiOnsid2lkdGgiOjQwMH19fQ==,
Air Jordan 1 Mid Homage Split Black White (Women's),Air Jordan," IDR 880,000",https://cdn-old.kickavenue.com/eyJidWNrZXQiOiJraWNrYXZlbnVlLWFzc2V0cyIsImtleSI6InByb2R1Y3RzLzM2OTAzLzU5YzMzYmY3ODM4OGUzMmEwYTM2N2M0ODVmODlmYjg3LmpwZWciLCJlZGl0cyI6eyJyZXNpemUiOnsid2lkdGgiOjQwMH19fQ==," IDR 1,815,000"
Nike V2K Run White (Women's),Nike," IDR 1,250,000",https://cdn-old.kickavenue.com/eyJidWNrZXQiOiJraWNrYXZlbnVlLWFzc2V0cyIsImtleSI6InByb2R1Y3RzLzEzMjQwMi8wOGMzYjk0ZTJjMTYyZmQxNjRjYmFhNDI5MjU5OWJmNC5wbmciLCJlZGl0cyI6eyJyZXNpemUiOnsid2lkdGgiOjQwMH19fQ==," IDR 1,980,000"
Adidas Samba LT Cow Print Brown White (Women's),Adidas," IDR 2,500,000",https://cdn-old.kickavenue.com/eyJidWNrZXQiOiJraWNrYXZlbnVlLWFzc2V0cyIsImtleSI6InByb2R1Y3RzLzE0MjkwNC8xMmNmYmZjNTljYTNhMmIyOGFjMGQ1Yzc5OWFkNTg2Yi5wbmciLCJlZGl0cyI6eyJyZXNpemUiOnsid2lkdGgiOjQwMH19fQ==,
Nike Air Max 270 Light Soft Pink (Women's),Nike," IDR 1,500,000",https://cdn-old.kickavenue.com/eyJidWNrZXQiOiJraWNrYXZlbnVlLWFzc2V0cyIsImtleSI6InByb2R1Y3RzLzc1MzMyLzRlYzhjYTVmNTQ4NzhmNmFhMDU1ZjI2ZDQ2YTJmYzkwLnBuZyIsImVkaXRzIjp7InJlc2l6ZSI6eyJ3aWR0aCI6NDAwfX19," IDR 2,640,000"
Skechers Slip-Ins: Ultra Flex 3.0 (Women's),Skechers," IDR 550,000",https://cdn-old.kickavenue.com/eyJidWNrZXQiOiJraWNrYXZlbnVlLWFzc2V0cyIsImtleSI6InByb2R1Y3RzLzk2NjUyL2MzYTE2MDFhYzg5NWEzMWE0MDNiYTBiM2Q5NjFjMzIzLnBuZyIsImVkaXRzIjp7InJlc2l6ZSI6eyJ3aWR0aCI6NDAwfX19,
MLB Bigball Chunky a Classic NY White (Women's),MLB," IDR 1,400,000",https://cdn-old.kickavenue.com/eyJidWNrZXQiOiJraWNrYXZlbnVlLWFzc2V0cyIsImtleSI6InByb2R1Y3RzLzEwODgwNi84NWIyMjFlMWUxMDhjZmU1YjAxODIyZjc3OTgyZTMzYi5wbmciLCJlZGl0cyI6eyJyZXNpemUiOnsid2lkdGgiOjQwMH19fQ==,
Adidas Falcon Triple White (Women's),Adidas," IDR 450,000",https://cdn-old.kickavenue.com/eyJidWNrZXQiOiJraWNrYXZlbnVlLWFzc2V0cyIsImtleSI6InByb2R1Y3RzLzIyNDUvNDkwMDg5ZDFhZmRiM2Q4ZjZiOGExYmVlZTRmODlhYjIucG5nIiwiZWRpdHMiOnsicmVzaXplIjp7IndpZHRoIjo0MDB9fX0=,
Adidas Handball Spezial White Cream Messa Brown (Women's),Adidas," IDR 1,800,000",https://cdn-old.kickavenue.com/eyJidWNrZXQiOiJraWNrYXZlbnVlLWFzc2V0cyIsImtleSI6InByb2R1Y3RzLzk3MjkxL2VmNDE4NDM1ODYyZjYyMWRmMDczNzJkNTljMTQ1Njk0LnBuZyIsImVkaXRzIjp7InJlc2l6ZSI6eyJ3aWR0aCI6NDAwfX19,
On The Roger Advantage White (Women's),ON Running," IDR 3,710,000",https://cdn-old.kickavenue.com/eyJidWNrZXQiOiJraWNrYXZlbnVlLWFzc2V0cyIsImtleSI6InByb2R1Y3RzLzk3MjY1LzcyNGViNGE5OTkxYTc5MTI3ZDAzMTNkMTliYjA5MmMyLnBuZyIsImVkaXRzIjp7InJlc2l6ZSI6eyJ3aWR0aCI6NDAwfX19,
New Balance 550 Rosewood Hazy Peach (Women's),New Balance," IDR 850,000",https://cdn-old.kickavenue.com/eyJidWNrZXQiOiJraWNrYXZlbnVlLWFzc2V0cyIsImtleSI6InByb2R1Y3RzLzEwMzU5OS9lZGMxZTc5MjBkZTkxZGQ3OGQ5ZjYwYzE2OWY4MTA5MS5wbmciLCJlZGl0cyI6eyJyZXNpemUiOnsid2lkdGgiOjQwMH19fQ==," IDR 1,999,000"
New Balance 550 Grey Day (Women's),New Balance," IDR 740,000",https://cdn-old.kickavenue.com/eyJidWNrZXQiOiJraWNrYXZlbnVlLWFzc2V0cyIsImtleSI6InByb2R1Y3RzLzEwNTU1My8wMDI1Y2FmMzAxZDAyZDFlNzJkM2JhMWIxMTY1MjdmYS5wbmciLCJlZGl0cyI6eyJyZXNpemUiOnsid2lkdGgiOjQwMH19fQ==," IDR 1,999,000"
Air Jordan 1 Mid UNC (2022) (Women's),Air Jordan," IDR 880,000",https://cdn-old.kickavenue.com/eyJidWNrZXQiOiJraWNrYXZlbnVlLWFzc2V0cyIsImtleSI6InByb2R1Y3RzLzMwNzYwL2ViZmJjYTdiYWRmMzA1YjBjNzMzZDM1Y2M3NDE3NjZiLnBuZyIsImVkaXRzIjp7InJlc2l6ZSI6eyJ3aWR0aCI6NDAwfX19," IDR 1,980,000"
Adidas Samba OG White Hazy Green (Women's),Adidas," IDR 1,650,000",https://cdn-old.kickavenue.com/eyJidWNrZXQiOiJraWNrYXZlbnVlLWFzc2V0cyIsImtleSI6InByb2R1Y3RzLzEwODYwMS84ODQxYjVjM2MyN2E0ZTQxNjhlMTk3ZmY4NmRiODhmNy5wbmciLCJlZGl0cyI6eyJyZXNpemUiOnsid2lkdGgiOjQwMH19fQ==,
Adidas Handball Spezial Crystal Sky Silver (Women's),Adidas," IDR 3,000,000",https://cdn-old.kickavenue.com/eyJidWNrZXQiOiJraWNrYXZlbnVlLWFzc2V0cyIsImtleSI6InByb2R1Y3RzLzE1MzUzNS9hNjNhMTJhYjIwNTYxYWU5MWNjNmQ4ZDA3NTkzZGNhNC5wbmciLCJlZGl0cyI6eyJyZXNpemUiOnsid2lkdGgiOjQwMH19fQ==,
Nike Dunk Low Disrupt 2 Malachite (Women's),Nike," IDR 780,000",https://cdn-old.kickavenue.com/eyJidWNrZXQiOiJraWNrYXZlbnVlLWFzc2V0cyIsImtleSI6InByb2R1Y3RzLzI5NzE2L2Y3ZmZhY2I5NGUwMDJlYjk1ZGNiOTQyZTY4YjVhMDJmLnBuZyIsImVkaXRzIjp7InJlc2l6ZSI6eyJ3aWR0aCI6NDAwfX19," IDR 1,549,000"
Nike TC 7900 White Black (Women's),Nike," IDR 650,000",https://cdn-old.kickavenue.com/eyJidWNrZXQiOiJraWNrYXZlbnVlLWFzc2V0cyIsImtleSI6InByb2R1Y3RzLzg4MDE3LzAwNzNlMTQ2MTI5MDMzNjYxZTIxMzEwYTFlZWVlMTIzLnBuZyIsImVkaXRzIjp7InJlc2l6ZSI6eyJ3aWR0aCI6NDAwfX19,
Nike Air Zoom Alphafly NEXT% 3 FP Blueprint Pack (Women's),Nike," IDR 4,000,000",https://cdn-old.kickavenue.com/eyJidWNrZXQiOiJraWNrYXZlbnVlLWFzc2V0cyIsImtleSI6InByb2R1Y3RzLzEwNjgzMi82MWQxOGU0YjczYWNkZjY0MWQ0Y2Q4MWE5NjBjMzk3Yi5wbmciLCJlZGl0cyI6eyJyZXNpemUiOnsid2lkdGgiOjQwMH19fQ==," IDR 4,702,500"
Nike Dunk High Multi-Color Gradient (Women's),Nike," IDR 1,490,000",https://cdn-old.kickavenue.com/eyJidWNrZXQiOiJraWNrYXZlbnVlLWFzc2V0cyIsImtleSI6InByb2R1Y3RzLzgyNjY5LzhiODM4NTlmYmU0NmUzYWM4MTAwYmRlNTQxZjg5ODZiLnBuZyIsImVkaXRzIjp7InJlc2l6ZSI6eyJ3aWR0aCI6NDAwfX19,
Jordan 4 Retro Blank Canvas (Women's),Air Jordan," IDR 3,500,000",https://cdn-old.kickavenue.com/eyJidWNrZXQiOiJraWNrYXZlbnVlLWFzc2V0cyIsImtleSI6InByb2R1Y3RzLzMxMDQ2L2Q2MDk3Y2NlMDM1N2M2MDVkOGY2YmU0ODkxNGJmN2YwLnBuZyIsImVkaXRzIjp7InJlc2l6ZSI6eyJ3aWR0aCI6NDAwfX19,
Nike Air Force 1 Low '07 LXGorge Green Croc (Women's),Nike," IDR 1,000,000",https://cdn-old.kickavenue.com/eyJidWNrZXQiOiJraWNrYXZlbnVlLWFzc2V0cyIsImtleSI6InByb2R1Y3RzLzk2MzA4LzEwNmZiNGFmZDUwNzhmMjZlNWM0MzQ2OGFkODk5MDE2LnBuZyIsImVkaXRzIjp7InJlc2l6ZSI6eyJ3aWR0aCI6NDAwfX19," IDR 2,227,500"
Air Jordan 1 Retro High Lucky Green (Women's),Air Jordan," IDR 1,000,000",https://cdn-old.kickavenue.com/eyJidWNrZXQiOiJraWNrYXZlbnVlLWFzc2V0cyIsImtleSI6InByb2R1Y3RzLzEzMDAzL2U0YWZhNzJmMWQwYzY4ZTViNWM4YjExYmE3OWU4NjQ5LmpwZWciLCJlZGl0cyI6eyJyZXNpemUiOnsid2lkdGgiOjQwMH19fQ==," IDR 2,805,000"
Nike Air Max Axis Black White (Women's),Nike," IDR 590,000",https://cdn-old.kickavenue.com/eyJidWNrZXQiOiJraWNrYXZlbnVlLWFzc2V0cyIsImtleSI6InByb2R1Y3RzLzM5MTc3LzQ2YzFjMTZjMjllYTMwNTE2NGVhNDg3YWJmZDUyNjQ4LnBuZyIsImVkaXRzIjp7InJlc2l6ZSI6eyJ3aWR0aCI6NDAwfX19," IDR 1,485,000"
Nike Offcourt Adjust Slide White (Women's),Nike," IDR 350,000",https://cdn-old.kickavenue.com/eyJidWNrZXQiOiJraWNrYXZlbnVlLWFzc2V0cyIsImtleSI6InByb2R1Y3RzLzg3NzIzL2IxZjg3M2M5NWUzZmM1ZjZjMTQ2ZDQwNmFmOTQ5MWI3LnBuZyIsImVkaXRzIjp7InJlc2l6ZSI6eyJ3aWR0aCI6NDAwfX19,
Air Jordan 1 Low Chicago Flip (Women's),Air Jordan," IDR 800,000",https://cdn-old.kickavenue.com/eyJidWNrZXQiOiJraWNrYXZlbnVlLWFzc2V0cyIsImtleSI6InByb2R1Y3RzLzIyMTUwL2QxZjMyZTI3YmE4Y2JmMGJhN2M5MDY3OThmZDZhNDgwLnBuZyIsImVkaXRzIjp7InJlc2l6ZSI6eyJ3aWR0aCI6NDAwfX19,
Nike Court Royale Triple White (Women's),Nike," IDR 450,000",https://cdn-old.kickavenue.com/eyJidWNrZXQiOiJraWNrYXZlbnVlLWFzc2V0cyIsImtleSI6InByb2R1Y3RzLzQzMTY2LzM3ZWRhOTk1ZjNkMWI1MTc3YWU1OTM4Zjk5Mjc0MzJmLmpwZWciLCJlZGl0cyI6eyJyZXNpemUiOnsid2lkdGgiOjQwMH19fQ==,
Nike Dunk Low LX Pink Foam (Women's),Nike," IDR 2,000,000",https://cdn-old.kickavenue.com/eyJidWNrZXQiOiJraWNrYXZlbnVlLWFzc2V0cyIsImtleSI6InByb2R1Y3RzLzQzMTI3L2UxODM0YzM2MmU5OWQ5NDI3Y2UxNjVlZDAzMjgxNjM5LmpwZWciLCJlZGl0cyI6eyJyZXNpemUiOnsid2lkdGgiOjQwMH19fQ==,
Nike Dunk Low SE Easter (Women's),Nike," IDR 900,000",https://cdn-old.kickavenue.com/eyJidWNrZXQiOiJraWNrYXZlbnVlLWFzc2V0cyIsImtleSI6InByb2R1Y3RzLzIxODEzLzMyYTA2YWVmNGM3NTJiM2Q3MGNlZDdlNTQ2ZDgxYjdjLnBuZyIsImVkaXRzIjp7InJlc2l6ZSI6eyJ3aWR0aCI6NDAwfX19," IDR 1,549,000"
Air Jordan 1 Low Reverse Black Toe (Women's),Air Jordan," IDR 900,000",https://cdn-old.kickavenue.com/eyJidWNrZXQiOiJraWNrYXZlbnVlLWFzc2V0cyIsImtleSI6InByb2R1Y3RzLzM4ODkyL2QzMjZiM2NiOTE3OTZmM2NmNWY5ZDRlODE4Mzc5Mjc0LnBuZyIsImVkaXRzIjp7InJlc2l6ZSI6eyJ3aWR0aCI6NDAwfX19," IDR 1,815,000"
Air Jordan 1 Mid Barely Orange Light Violet (Women's),Air Jordan," IDR 1,000,000",https://cdn-old.kickavenue.com/eyJidWNrZXQiOiJraWNrYXZlbnVlLWFzc2V0cyIsImtleSI6InByb2R1Y3RzLzEyODEyL2FhMTZhOTI0MTY3YjAxZDNmY2EyZTdjZDhkNThiYzgwLnBuZyIsImVkaXRzIjp7InJlc2l6ZSI6eyJ3aWR0aCI6NDAwfX19," IDR 1,897,500"
New Balance FuelCell Rebel v5 Shipyard Arid Stone (Women's),New Balance," IDR 2,000,000",https://cdn-old.kickavenue.com/eyJidWNrZXQiOiJraWNrYXZlbnVlLWFzc2V0cyIsImtleSI6InByb2R1Y3RzLzE0Mzc5NS84MTU1YmJhOTYyMjRhNjRhOTY1ZTYxMTVkYjJjODdlYy5wbmciLCJlZGl0cyI6eyJyZXNpemUiOnsid2lkdGgiOjQwMH19fQ==," IDR 2,392,500"
Air Jordan 1 Retro High UNC to Chicago (Women's),Air Jordan," IDR 1,050,000",https://cdn-old.kickavenue.com/eyJidWNrZXQiOiJraWNrYXZlbnVlLWFzc2V0cyIsImtleSI6InByb2R1Y3RzLzY4MjQvOTNjMGZhNTctMjQ3OC00YTQzLWJiNzgtMzFiMDJlOWZiMGE0LmpwZWciLCJlZGl0cyI6eyJyZXNpemUiOnsid2lkdGgiOjQwMH19fQ==," IDR 2,805,000"
Air Jordan 1 Retro High Twist (Women's),Air Jordan," IDR 1,500,000",https://cdn-old.kickavenue.com/eyJidWNrZXQiOiJraWNrYXZlbnVlLWFzc2V0cyIsImtleSI6InByb2R1Y3RzLzM1NzAvNGJmN2FlMDEtMDBiYS00N2ZjLTg2YTItNmIzNzdkYjNlZjc3LmpwZWciLCJlZGl0cyI6eyJyZXNpemUiOnsid2lkdGgiOjQwMH19fQ==,
Nike Quest 4 White Game Royal (Women's),Nike," IDR 450,000",https://cdn-old.kickavenue.com/eyJidWNrZXQiOiJraWNrYXZlbnVlLWFzc2V0cyIsImtleSI6InByb2R1Y3RzLzg2NzE0L2VmZTI1NmJmZjFjMTU2NWZlMzM1NWExMWE0Mjk3ZWZkLnBuZyIsImVkaXRzIjp7InJlc2l6ZSI6eyJ3aWR0aCI6NDAwfX19,
Air Jordan 1 Mid SE Ice Blue (Women's),Air Jordan," IDR 700,000",https://cdn-old.kickavenue.com/eyJidWNrZXQiOiJraWNrYXZlbnVlLWFzc2V0cyIsImtleSI6InByb2R1Y3RzLzQxNTg2L2Q3NzFhYzRmYWU3YTdjY2E5NzE4NjE5MTcwMmRiZTVhLmpwZWciLCJlZGl0cyI6eyJyZXNpemUiOnsid2lkdGgiOjQwMH19fQ==," IDR 2,062,500"
Nike Dunk High Sail Team Red (Women's),Nike," IDR 980,000",https://cdn-old.kickavenue.com/eyJidWNrZXQiOiJraWNrYXZlbnVlLWFzc2V0cyIsImtleSI6InByb2R1Y3RzLzE3NzI0LzBmZWRhMjNhNzc2MGFmZWY5MDdlZjAyMzQ2ZjY5MmRhLnBuZyIsImVkaXRzIjp7InJlc2l6ZSI6eyJ3aWR0aCI6NDAwfX19," IDR 1,650,000"
Air Jordan 1 Low Light Smoke Grey (Women's),Air Jordan," IDR 1,800,000",https://cdn-old.kickavenue.com/eyJidWNrZXQiOiJraWNrYXZlbnVlLWFzc2V0cyIsImtleSI6InByb2R1Y3RzLzE0MzU2NS82NWIxYjM5ZjQ1MTRjY2RlNWIwNjMxMjkzM2E4OGRiYy5wbmciLCJlZGl0cyI6eyJyZXNpemUiOnsid2lkdGgiOjQwMH19fQ==,
Air Jordan 1 Mid SE Light Mulberry (Women's),Air Jordan," IDR 1,500,000",https://cdn-old.kickavenue.com/eyJidWNrZXQiOiJraWNrYXZlbnVlLWFzc2V0cyIsImtleSI6InByb2R1Y3RzLzMwMDM0Lzc0OGY2YjI1OGI3OWFhOGQwNmZhZTYyOTBlMzAwZWIxLnBuZyIsImVkaXRzIjp7InJlc2l6ZSI6eyJ3aWR0aCI6NDAwfX19," IDR 1,980,000"
Adidas Adizero Evo SL Silver Metallic Lucid Red (Women's),Adidas," IDR 2,400,000",https://cdn-old.kickavenue.com/eyJidWNrZXQiOiJraWNrYXZlbnVlLWFzc2V0cyIsImtleSI6InByb2R1Y3RzLzE0MzM5MC85ZTk2OTczMjU0YTRmNDNmOTUwMWNkZDA1YTlkYTc5YS5wbmciLCJlZGl0cyI6eyJyZXNpemUiOnsid2lkdGgiOjQwMH19fQ==,
Nike Zoom Vomero 5 Reflective Summit White Peony (Women's),Nike," IDR 3,100,000",https://cdn-old.kickavenue.com/eyJidWNrZXQiOiJraWNrYXZlbnVlLWFzc2V0cyIsImtleSI6InByb2R1Y3RzLzE1NDM4NS8zMWQ5OWQ5MTk2NjY3ZjBiNzMwMTI3ODViYmM3NTY1Yi5wbmciLCJlZGl0cyI6eyJyZXNpemUiOnsid2lkdGgiOjQwMH19fQ==,
Air Jordan 1 Low Jade Smoke (Women's),Air Jordan," IDR 1,660,000",https://cdn-old.kickavenue.com/eyJidWNrZXQiOiJraWNrYXZlbnVlLWFzc2V0cyIsImtleSI6InByb2R1Y3RzLzEwMzI4MS8xYjM5M2Y4YTU0ZTc0ZWVlOWVlMTk4ZDA4ZGM3ZDk1Ny5wbmciLCJlZGl0cyI6eyJyZXNpemUiOnsid2lkdGgiOjQwMH19fQ==,
Nike Air Zoom Alphafly Next% 3 Glacier Blue Mint Foam Green Shock Black (Women's,Nike," IDR 3,100,000",https://cdn-old.kickavenue.com/eyJidWNrZXQiOiJraWNrYXZlbnVlLWFzc2V0cyIsImtleSI6InByb2R1Y3RzLzE0MzUzMC8wZDI5YTY4ZmFjMTk0NjFlM2MyNGY1MzcyYTJjYjI4Ny5wbmciLCJlZGl0cyI6eyJyZXNpemUiOnsid2lkdGgiOjQwMH19fQ==," IDR 4,867,500"
On Running Cloudmonster Hyper Prism Capsule Collection (Women's),ON Running," IDR 4,500,000",https://cdn-old.kickavenue.com/eyJidWNrZXQiOiJraWNrYXZlbnVlLWFzc2V0cyIsImtleSI6InByb2R1Y3RzLzExMjExOS8xYTQ3NjhhOTRjM2Y0NTVmMWJlOTMyODgzYTU1MDQwYy5wbmciLCJlZGl0cyI6eyJyZXNpemUiOnsid2lkdGgiOjQwMH19fQ==,
Adidas Adizero EVO SL Core Black (Women's),Adidas," IDR 4,680,000",https://cdn-old.kickavenue.com/eyJidWNrZXQiOiJraWNrYXZlbnVlLWFzc2V0cyIsImtleSI6InByb2R1Y3RzLzEzMDU1Ny8yMGIwMDg4MjYzNjFlZTcyZmE5NzBiYjlmNjM4ZTI1NS5wbmciLCJlZGl0cyI6eyJyZXNpemUiOnsid2lkdGgiOjQwMH19fQ==,
Nike Dunk Low Triple White (2021) (Women's),Nike," IDR 500,000",https://cdn-old.kickavenue.com/eyJidWNrZXQiOiJraWNrYXZlbnVlLWFzc2V0cyIsImtleSI6InByb2R1Y3RzLzI2MTEzL2I1OTYzNjY2MzhjMTdlM2QxNDBmZGI0Y2M1Njk3ZjFjLnBuZyIsImVkaXRzIjp7InJlc2l6ZSI6eyJ3aWR0aCI6NDAwfX19," IDR 1,549,000"
Hoka One One Bondi 9 White Grout (Women's),HOKA," IDR 2,350,000",https://cdn-old.kickavenue.com/eyJidWNrZXQiOiJraWNrYXZlbnVlLWFzc2V0cyIsImtleSI6InByb2R1Y3RzLzE1MDI3Ni8wMTU1ZWRlNzBkNmQzNjVjMzczODU5ZDQ2NWExM2UwNi5wbmciLCJlZGl0cyI6eyJyZXNpemUiOnsid2lkdGgiOjQwMH19fQ==," IDR 2,805,000"
Nike Shox TL Blue Tint Orange (Women's),Nike," IDR 2,150,000",https://cdn-old.kickavenue.com/eyJidWNrZXQiOiJraWNrYXZlbnVlLWFzc2V0cyIsImtleSI6InByb2R1Y3RzLzE0MDc3Mi9lMmMyYWM4YWMwZjhmMGJiYjQzYzllYTc0NTQzZDJjNy5wbmciLCJlZGl0cyI6eyJyZXNpemUiOnsid2lkdGgiOjQwMH19fQ==," IDR 2,805,000"
Nike Air Max AP Summit White Sail Phantom Football Grey (Women's),Nike," IDR 850,000",https://cdn-old.kickavenue.com/eyJidWNrZXQiOiJraWNrYXZlbnVlLWFzc2V0cyIsImtleSI6InByb2R1Y3RzLzE0MDU5Mi9mN2FhOGJjYTA0YmU4YTI5NzU4MTg3MDM5NWNhMjI3ZS5wbmciLCJlZGl0cyI6eyJyZXNpemUiOnsid2lkdGgiOjQwMH19fQ==," IDR 1,732,500"
Nike Total 90 Shox Magia Sail Metallic Silver (Women's),Nike," IDR 1,450,000",https://cdn-old.kickavenue.com/eyJidWNrZXQiOiJraWNrYXZlbnVlLWFzc2V0cyIsImtleSI6InByb2R1Y3RzLzE1MjYxMy8xZjJiMmUyODM1MmJhNzk4NGMwYzhhNzliM2FlZDMwNi5wbmciLCJlZGl0cyI6eyJyZXNpemUiOnsid2lkdGgiOjQwMH19fQ==," IDR 2,557,500"
Nike Sabrina 1 EP Spark Oxygen Purple (Women's),Nike," IDR 1,200,000",https://cdn-old.kickavenue.com/eyJidWNrZXQiOiJraWNrYXZlbnVlLWFzc2V0cyIsImtleSI6InByb2R1Y3RzLzc4NTc3L2QxYjA1NmQwMGMxZDc1M2E0ZTI4OGNlYmViNjZhYzVjLnBuZyIsImVkaXRzIjp7InJlc2l6ZSI6eyJ3aWR0aCI6NDAwfX19," IDR 1,909,000"
Nike Gamma Force White Playful Pink (Women's),Nike," IDR 900,000",https://cdn-old.kickavenue.com/eyJidWNrZXQiOiJraWNrYXZlbnVlLWFzc2V0cyIsImtleSI6InByb2R1Y3RzLzEwMzQwNi8wNmI4NDEyNzRkYmFhNzM4MmI1MDY1Y2U0YWQ0ODg3YS5wbmciLCJlZGl0cyI6eyJyZXNpemUiOnsid2lkdGgiOjQwMH19fQ==,
Nike Zoom Vomero 5 Siren Red (Women's),Nike," IDR 1,430,000",https://cdn-old.kickavenue.com/eyJidWNrZXQiOiJraWNrYXZlbnVlLWFzc2V0cyIsImtleSI6InByb2R1Y3RzLzEwNDg1Mi8zYzQzNjJkNTc3NmI1MGI2NjRiZThlYWVkYzAxY2IwNC5wbmciLCJlZGl0cyI6eyJyZXNpemUiOnsid2lkdGgiOjQwMH19fQ==," IDR 2,640,000"
Adidas Adizero Boston 12 Cloud White Lucid Blue Cobalt Blue (Women's),Adidas," IDR 1,650,000",https://cdn-old.kickavenue.com/eyJidWNrZXQiOiJraWNrYXZlbnVlLWFzc2V0cyIsImtleSI6InByb2R1Y3RzLzEzMjUyMy84MDhkNGEwNDA5YTg4YmMyZDY5ZTJhZDYzNzkwMzRhNC5wbmciLCJlZGl0cyI6eyJyZXNpemUiOnsid2lkdGgiOjQwMH19fQ==," IDR 2,640,000"
Nike Air Rift Triple Black Satin (Women's),Nike," IDR 2,000,000",https://cdn-old.kickavenue.com/eyJidWNrZXQiOiJraWNrYXZlbnVlLWFzc2V0cyIsImtleSI6InByb2R1Y3RzLzEzNTIyMi85NWNjZTYwZjE4ZjQ0NDMyMTFkZmU5MGE3YzZkZTYwYi5wbmciLCJlZGl0cyI6eyJyZXNpemUiOnsid2lkdGgiOjQwMH19fQ==," IDR 2,145,000"
Adidas Samba Off White Dark Blue (Women's),Adidas," IDR 5,500,000",https://cdn-old.kickavenue.com/eyJidWNrZXQiOiJraWNrYXZlbnVlLWFzc2V0cyIsImtleSI6InByb2R1Y3RzLzEwOTk1NS9iMTI2ODEyNzhkYzFiZmZkYzVkMDE4MGUzM2RjNmY1OS5wbmciLCJlZGl0cyI6eyJyZXNpemUiOnsid2lkdGgiOjQwMH19fQ==,
Nike Air Max 95 Big Bubble Tattoo Light Violet Ore (Women's),Nike," IDR 4,000,000",https://cdn-old.kickavenue.com/eyJidWNrZXQiOiJraWNrYXZlbnVlLWFzc2V0cyIsImtleSI6InByb2R1Y3RzLzE1MjA3Ni9mNzgyM2E4NGNjNWZiZjliZjQ1MTM2OTFmODU5NGE1NC5wbmciLCJlZGl0cyI6eyJyZXNpemUiOnsid2lkdGgiOjQwMH19fQ==,
Adidas Handball Spezial Leopard Magic Beige (Women's),Adidas," IDR 2,830,000",https://cdn-old.kickavenue.com/eyJidWNrZXQiOiJraWNrYXZlbnVlLWFzc2V0cyIsImtleSI6InByb2R1Y3RzLzE1MTAyOS9jMmZlMjcyMzc3NTEyOTNjNWJkNmI0MWE5ZjgyZjhlMy5wbmciLCJlZGl0cyI6eyJyZXNpemUiOnsid2lkdGgiOjQwMH19fQ==,
Nike V2K RunPink Foam Arctic Pink (Women's),Nike," IDR 1,670,000",https://cdn-old.kickavenue.com/eyJidWNrZXQiOiJraWNrYXZlbnVlLWFzc2V0cyIsImtleSI6InByb2R1Y3RzLzEzNjE4Ni80ZDk2YzNlMDk3Yzc0MDRmNWYwZGQyMmM5MmJiZWFmYi5wbmciLCJlZGl0cyI6eyJyZXNpemUiOnsid2lkdGgiOjQwMH19fQ==," IDR 1,980,000"
Nike Air Max 1 Premium Wabi-Sabi (Women's),Nike," IDR 4,300,000",https://cdn-old.kickavenue.com/eyJidWNrZXQiOiJraWNrYXZlbnVlLWFzc2V0cyIsImtleSI6InByb2R1Y3RzLzMwODk0LzlkM2M0OWE5OWEzNmFmNTAxZmNhODg2NjkyZTQzMDI2LnBuZyIsImVkaXRzIjp7InJlc2l6ZSI6eyJ3aWR0aCI6NDAwfX19,
Nike Zoom Vomero 5 Fauna Brown Velvet Brown (Women's),Nike," IDR 1,800,000",https://cdn-old.kickavenue.com/eyJidWNrZXQiOiJraWNrYXZlbnVlLWFzc2V0cyIsImtleSI6InByb2R1Y3RzLzE1MTQwMS9jZDk1MDgyZGI0NDI0NWFjMjQwMDY1OGY5NTBhMmViYy5wbmciLCJlZGl0cyI6eyJyZXNpemUiOnsid2lkdGgiOjQwMH19fQ==," IDR 2,805,000"
Adidas Handball Spezial Lucid Blue Pink (Women's),Adidas," IDR 1,400,000",https://cdn-old.kickavenue.com/eyJidWNrZXQiOiJraWNrYXZlbnVlLWFzc2V0cyIsImtleSI6InByb2R1Y3RzLzEwODA5Ny9kNTgyZjFmMGE2N2NmMjJjMWYwYzFiOGM1MWMzNDU4MC5wbmciLCJlZGl0cyI6eyJyZXNpemUiOnsid2lkdGgiOjQwMH19fQ==,
Nike Icon Classic White Pure Platinum (Women's),Nike," IDR 690,000",https://cdn-old.kickavenue.com/eyJidWNrZXQiOiJraWNrYXZlbnVlLWFzc2V0cyIsImtleSI6InByb2R1Y3RzLzU3NDEwLzQ4NTI0NDk5ZDQxZjE5NjFiNjNmOWM3MzlmZjg1ZWNiLmpwZWciLCJlZGl0cyI6eyJyZXNpemUiOnsid2lkdGgiOjQwMH19fQ==," IDR 990,000"
Adidas Adizero Boston 12 Dash Grey Lucid Red Lucid Lemon (Women's),Adidas," IDR 1,700,000",https://cdn-old.kickavenue.com/eyJidWNrZXQiOiJraWNrYXZlbnVlLWFzc2V0cyIsImtleSI6InByb2R1Y3RzLzEzMjUyMS9mMzcxODg0MWQxNmU5YjBiYTc1OWI2ZDJhYzI5NTVjMS5wbmciLCJlZGl0cyI6eyJyZXNpemUiOnsid2lkdGgiOjQwMH19fQ==," IDR 2,310,000"
Adidas Hyper Boost Edge White Pure Ruby (Women's),Adidas," IDR 5,730,000",https://cdn-old.kickavenue.com/eyJidWNrZXQiOiJraWNrYXZlbnVlLWFzc2V0cyIsImtleSI6InByb2R1Y3RzLzE1NDg0MC9jNTUzNGVkOGQxNDZkODA1NWM2NWUwNmY1NTA5YTVmOC5wbmciLCJlZGl0cyI6eyJyZXNpemUiOnsid2lkdGgiOjQwMH19fQ==,
Adidas Handball Spezial Earth Strata Crystal Sky Warm Clay (Women's),Adidas," IDR 1,950,000",https://cdn-old.kickavenue.com/eyJidWNrZXQiOiJraWNrYXZlbnVlLWFzc2V0cyIsImtleSI6InByb2R1Y3RzLzE1Mzg2Ni9hMjI0OGVmYmFhZGFiNzc0ZWY3OGZjYzk3YWI3YzcyNS5wbmciLCJlZGl0cyI6eyJyZXNpemUiOnsid2lkdGgiOjQwMH19fQ==,
Nike Vaporfly 4 White Hyper Pink Mint Foam (Women's),Nike," IDR 2,900,000",https://cdn-old.kickavenue.com/eyJidWNrZXQiOiJraWNrYXZlbnVlLWFzc2V0cyIsImtleSI6InByb2R1Y3RzLzE0NDkxNC81ZWY1NDdiNzI3MzYzNWRhNDc1ODA1NTM4YjJlYzRmNi5wbmciLCJlZGl0cyI6eyJyZXNpemUiOnsid2lkdGgiOjQwMH19fQ==,
Nike Dunk Low Next Nature White Element Pink (Women's),Nike," IDR 1,150,000",https://cdn-old.kickavenue.com/eyJidWNrZXQiOiJraWNrYXZlbnVlLWFzc2V0cyIsImtleSI6InByb2R1Y3RzLzExOTc3NS80YzQxODZhMDM0OWE4ZjViYjFlMmUxMThhMjhhMDg0OS5wbmciLCJlZGl0cyI6eyJyZXNpemUiOnsid2lkdGgiOjQwMH19fQ==,
Nike Air Force 1 Low LX Lucky Charms Black (Women's),Nike," IDR 750,000",https://cdn-old.kickavenue.com/eyJidWNrZXQiOiJraWNrYXZlbnVlLWFzc2V0cyIsImtleSI6InByb2R1Y3RzLzI3NjczLzFiYWY5ZDU5MGE3MmQ0M2Y5YzRhNWU0Yzc4NDhhMmMyLnBuZyIsImVkaXRzIjp7InJlc2l6ZSI6eyJ3aWR0aCI6NDAwfX19," IDR 1,815,000"
New Balance 550 White Linen (Women's),New Balance," IDR 900,000",https://cdn-old.kickavenue.com/eyJidWNrZXQiOiJraWNrYXZlbnVlLWFzc2V0cyIsImtleSI6InByb2R1Y3RzLzk2MjA4L2RjNTAwZmI1ZTExOTFjODI1OGQyYjY5ZTdhYTAyZDczLnBuZyIsImVkaXRzIjp7InJlc2l6ZSI6eyJ3aWR0aCI6NDAwfX19," IDR 1,999,000"
On The Roger Advantage Pro White Chambray (Women's),ON Running," IDR 3,700,000",https://cdn-old.kickavenue.com/eyJidWNrZXQiOiJraWNrYXZlbnVlLWFzc2V0cyIsImtleSI6InByb2R1Y3RzLzE0MDM5OS83MTZjZjkyODc5ZTYyYmJkZGY5MWQ1ODlmZDUxNTUyNC5wbmciLCJlZGl0cyI6eyJyZXNpemUiOnsid2lkdGgiOjQwMH19fQ==,
Nike Air Force 1 Low Shadow White Metallic Silver (Women's),Nike," IDR 1,450,000",https://cdn-old.kickavenue.com/eyJidWNrZXQiOiJraWNrYXZlbnVlLWFzc2V0cyIsImtleSI6InByb2R1Y3RzLzM4MDEwLzFiOTkxOTFiZTFkN2QxNjQwYmM2Y2EzNzllZmNkZmVhLnBuZyIsImVkaXRzIjp7InJlc2l6ZSI6eyJ3aWR0aCI6NDAwfX19," IDR 2,145,000"
Air Jordan 1 Retro High OG Atmosphere (Women's),Air Jordan," IDR 1,400,000",https://cdn-old.kickavenue.com/eyJidWNrZXQiOiJraWNrYXZlbnVlLWFzc2V0cyIsImtleSI6InByb2R1Y3RzLzI3NjQ5LzEwMGY0NTJhMTg2YzdkYWZiMjJkOWUyNmZhMWRhNjVjLnBuZyIsImVkaXRzIjp7InJlc2l6ZSI6eyJ3aWR0aCI6NDAwfX19," IDR 3,135,000"
Air Jordan 1 Retro High OG Reverse Laney (Women's),Air Jordan," IDR 1,040,000",https://cdn-old.kickavenue.com/eyJidWNrZXQiOiJraWNrYXZlbnVlLWFzc2V0cyIsImtleSI6InByb2R1Y3RzLzQzNjEzLzBhZWJlZDY2MjY5ZTRmMTUxMDQ0ZDVmMTBiZTI0YmU2LmpwZWciLCJlZGl0cyI6eyJyZXNpemUiOnsid2lkdGgiOjQwMH19fQ==," IDR 2,970,000"
Air Jordan 1 Mid Gym Red Panda (Women's),Air Jordan," IDR 1,200,000",https://cdn-old.kickavenue.com/eyJidWNrZXQiOiJraWNrYXZlbnVlLWFzc2V0cyIsImtleSI6InByb2R1Y3RzLzQyMTQwL2I5NDg5YTFjYjdjNzQ4Y2Q0ZjljYTFhNTNkZTdkOWE0LnBuZyIsImVkaXRzIjp7InJlc2l6ZSI6eyJ3aWR0aCI6NDAwfX19," IDR 2,145,000"
UGG Disquette Slipper Chestnut (Women's),UGG," IDR 1,760,000",https://cdn-old.kickavenue.com/eyJidWNrZXQiOiJraWNrYXZlbnVlLWFzc2V0cyIsImtleSI6InByb2R1Y3RzLzczMTI1L2RjYjhmMjZkOWFlYmIwOWQwOTlmYmU0OWE5NDY4YTY1LnBuZyIsImVkaXRzIjp7InJlc2l6ZSI6eyJ3aWR0aCI6NDAwfX19,
Air Jordan 1 Retro High OG Praline (Women's),Air Jordan," IDR 1,100,000",https://cdn-old.kickavenue.com/eyJidWNrZXQiOiJraWNrYXZlbnVlLWFzc2V0cyIsImtleSI6InByb2R1Y3RzLzYxMDc3L2E1YjgzZjQ0YzJlMmRkNWQ4YjllMDYwNjM4YWQzZTBhLmpwZWciLCJlZGl0cyI6eyJyZXNpemUiOnsid2lkdGgiOjQwMH19fQ==," IDR 2,970,000"
Nike Dunk Low LX Brogue Pinstripe (Women's),Nike," IDR 1,200,000",https://cdn-old.kickavenue.com/eyJidWNrZXQiOiJraWNrYXZlbnVlLWFzc2V0cyIsImtleSI6InByb2R1Y3RzLzgyNzU3L2U3NjhjNTM4Y2ZjZGI2MzljODdiNGU1ODQ3MDA4YzA2LnBuZyIsImVkaXRzIjp7InJlc2l6ZSI6eyJ3aWR0aCI6NDAwfX19,
Adidas Sambae Black White Gum (Women's),Adidas," IDR 1,000,000",https://cdn-old.kickavenue.com/eyJidWNrZXQiOiJraWNrYXZlbnVlLWFzc2V0cyIsImtleSI6InByb2R1Y3RzLzEwNTYxMS9jNGNmMWE4NTI5YjMyZjBjOWRiNjFiZTZjNzA0N2ZmYi5wbmciLCJlZGl0cyI6eyJyZXNpemUiOnsid2lkdGgiOjQwMH19fQ==,
Nike Shox TL Light Army (Women's),Nike," IDR 2,650,000",https://cdn-old.kickavenue.com/eyJidWNrZXQiOiJraWNrYXZlbnVlLWFzc2V0cyIsImtleSI6InByb2R1Y3RzLzEzOTU2OC9lNzc0ZTA1MDE5ZWEwOTNlOTUwYjAzZjdmZWIzN2ZkYy5wbmciLCJlZGl0cyI6eyJyZXNpemUiOnsid2lkdGgiOjQwMH19fQ==," IDR 2,805,000"
Air Jordan 1 Low Multicolor Sashiko (Women's),Air Jordan," IDR 1,050,000",https://cdn-old.kickavenue.com/eyJidWNrZXQiOiJraWNrYXZlbnVlLWFzc2V0cyIsImtleSI6InByb2R1Y3RzLzc1MDgzLzE2Y2IwZDkwMjZmNzY4MzFmMGRlZmI4MDRmOTQ0N2EyLnBuZyIsImVkaXRzIjp7InJlc2l6ZSI6eyJ3aWR0aCI6NDAwfX19,
Nike Icon Classic Sandal Black White (Women's),Nike," IDR 590,000",https://cdn-old.kickavenue.com/eyJidWNrZXQiOiJraWNrYXZlbnVlLWFzc2V0cyIsImtleSI6InByb2R1Y3RzLzg3NTY1LzVmZjc1ZGFlY2FiN2Y1YjJmN2E0NTI0YzEwNjg5NWZjLnBuZyIsImVkaXRzIjp7InJlc2l6ZSI6eyJ3aWR0aCI6NDAwfX19,
Air Jordan 1 Retro High OG Satin Bred (Women's),Air Jordan," IDR 1,250,000",https://cdn-old.kickavenue.com/eyJidWNrZXQiOiJraWNrYXZlbnVlLWFzc2V0cyIsImtleSI6InByb2R1Y3RzLzcyODM1LzdlYzU5NjQxZWJhMDMzYmU3ODg4NWRiNGYwNTdiMTE0LnBuZyIsImVkaXRzIjp7InJlc2l6ZSI6eyJ3aWR0aCI6NDAwfX19," IDR 2,970,000"
Adidas Samba OG Off White Core Purple Green Brown (Women's),Adidas," IDR 1,200,000",https://cdn-old.kickavenue.com/eyJidWNrZXQiOiJraWNrYXZlbnVlLWFzc2V0cyIsImtleSI6InByb2R1Y3RzLzEwNTEwMy9hNjg1NDMzZGNlYTExMWQwOTQ2NDA0Y2NiODU1MTllZS5wbmciLCJlZGl0cyI6eyJyZXNpemUiOnsid2lkdGgiOjQwMH19fQ==,
New Balance 990v6 MiUSA Grey (Women's),New Balance," IDR 2,100,000",https://cdn-old.kickavenue.com/eyJidWNrZXQiOiJraWNrYXZlbnVlLWFzc2V0cyIsImtleSI6InByb2R1Y3RzLzM5NzA1LzA3ZDgwYTQxMzUwY2FhNjhkMTQxMWRlNDI0ZTYwNDJjLnBuZyIsImVkaXRzIjp7InJlc2l6ZSI6eyJ3aWR0aCI6NDAwfX19," IDR 3,300,000"
Nike Air Max 90 LV8 Black Off Noir (Women's),Nike," IDR 1,800,000",https://cdn-old.kickavenue.com/eyJidWNrZXQiOiJraWNrYXZlbnVlLWFzc2V0cyIsImtleSI6InByb2R1Y3RzLzEyMDQ1MS8xNDUwODAxN2U1ZmE0MmZiYWIwNTE2ZDc1NjNjMTk1My5wbmciLCJlZGl0cyI6eyJyZXNpemUiOnsid2lkdGgiOjQwMH19fQ==,
Nike Air Force 1 Low Shadow White Pink Orange (Women's),Nike," IDR 2,200,000",https://cdn-old.kickavenue.com/eyJidWNrZXQiOiJraWNrYXZlbnVlLWFzc2V0cyIsImtleSI6InByb2R1Y3RzLzM2NjY3LzAzMWU1MGYxNDQxNjU4NDk4ODE2ODVlZGY3NzA4MTQ3LnBuZyIsImVkaXRzIjp7InJlc2l6ZSI6eyJ3aWR0aCI6NDAwfX19,
Air Jordan 1 Low Aquatone (Women's),Air Jordan," IDR 1,000,000",https://cdn-old.kickavenue.com/eyJidWNrZXQiOiJraWNrYXZlbnVlLWFzc2V0cyIsImtleSI6InByb2R1Y3RzLzEyNjIyOC9jOTYyOTRlYjBmOGVkZjNjYTU2YWI2YzI2M2RkN2JkNS5wbmciLCJlZGl0cyI6eyJyZXNpemUiOnsid2lkdGgiOjQwMH19fQ==,
Nike Court Vision Low Next Nature White Pink Oxford (Women's),Nike," IDR 550,000",https://cdn-old.kickavenue.com/eyJidWNrZXQiOiJraWNrYXZlbnVlLWFzc2V0cyIsImtleSI6InByb2R1Y3RzLzI5NDE1L2FhNWQyNjE3ZGJmNTJlZDM5MDE5NzMzM2IxNzMyMjQ4LnBuZyIsImVkaXRzIjp7InJlc2l6ZSI6eyJ3aWR0aCI6NDAwfX19," IDR 1,155,000"
Adidas Hamburg Orange Solar Green (Women's),Adidas," IDR 1,290,000",https://cdn-old.kickavenue.com/eyJidWNrZXQiOiJraWNrYXZlbnVlLWFzc2V0cyIsImtleSI6InByb2R1Y3RzLzExNTI5OS8xMTMwODM0Y2MxOWI3ZjM0ZGQ0MjIxMDk5M2FiYjBmMi5wbmciLCJlZGl0cyI6eyJyZXNpemUiOnsid2lkdGgiOjQwMH19fQ==,
Nike Air Zoom Vomero 5 Light Armory Blue (Women's),Nike," IDR 2,070,000",https://cdn-old.kickavenue.com/eyJidWNrZXQiOiJraWNrYXZlbnVlLWFzc2V0cyIsImtleSI6InByb2R1Y3RzLzkwMDQzLzFhMGJkNjY0ZjBiYzIzMmE1NDllM2ZhNTNjN2MyMWE4LnBuZyIsImVkaXRzIjp7InJlc2l6ZSI6eyJ3aWR0aCI6NDAwfX19," IDR 2,489,000"
Air Jordan 1 Low Year of the Dragon (2024) (Women's),Air Jordan," IDR 2,300,000",https://cdn-old.kickavenue.com/eyJidWNrZXQiOiJraWNrYXZlbnVlLWFzc2V0cyIsImtleSI6InByb2R1Y3RzLzc3NDA1L2Y2MGVmMDExOTUyYWYxNDkyMmQ4MThhMzI0NzdlZjI0LnBuZyIsImVkaXRzIjp7InJlc2l6ZSI6eyJ3aWR0aCI6NDAwfX19,
Adidas Samba OG Lace Flower (Women's),Adidas," IDR 1,840,000",https://cdn-old.kickavenue.com/eyJidWNrZXQiOiJraWNrYXZlbnVlLWFzc2V0cyIsImtleSI6InByb2R1Y3RzLzEzNTc4Ni8xMmMzNTcyZGUzYmI4ZmVlYTRhZDRhYzZhNGM5YjY2Ny5wbmciLCJlZGl0cyI6eyJyZXNpemUiOnsid2lkdGgiOjQwMH19fQ==,
Air Jordan 1 Elevate Low Panda (Women's),Air Jordan," IDR 1,190,000",https://cdn-old.kickavenue.com/eyJidWNrZXQiOiJraWNrYXZlbnVlLWFzc2V0cyIsImtleSI6InByb2R1Y3RzLzkyMjY1L2E4NmE1YmQxNTA4YTE4N2U3YTg1YjI4YzIyM2FkN2RmLnBuZyIsImVkaXRzIjp7InJlc2l6ZSI6eyJ3aWR0aCI6NDAwfX19,
Nike V5 RNR Summit White Silt Red (Women's),Nike," IDR 1,550,000",https://cdn-old.kickavenue.com/eyJidWNrZXQiOiJraWNrYXZlbnVlLWFzc2V0cyIsImtleSI6InByb2R1Y3RzLzE1MzM3NC9lN2U5NmFkYmY3NDI5NzE1YTljZTc2N2RiNmMwZDllMy5wbmciLCJlZGl0cyI6eyJyZXNpemUiOnsid2lkdGgiOjQwMH19fQ==,
Adidas Samba OG Rhinestone Crystal White Silver (Women's),Adidas," IDR 2,770,000",https://cdn-old.kickavenue.com/eyJidWNrZXQiOiJraWNrYXZlbnVlLWFzc2V0cyIsImtleSI6InByb2R1Y3RzLzE1MTMzNS9lZjIxZTZhMzZlNDEyZDNiZjI2MmRhN2RjNDNkOWFhOC5wbmciLCJlZGl0cyI6eyJyZXNpemUiOnsid2lkdGgiOjQwMH19fQ==,
New Balance 550 Washed Burgundy (Women's),New Balance," IDR 1,100,000",https://cdn-old.kickavenue.com/eyJidWNrZXQiOiJraWNrYXZlbnVlLWFzc2V0cyIsImtleSI6InByb2R1Y3RzLzcyMTQ3L2RhNGRjZTQ3MjNkMjVjNzIzNjJhNDg3MjVjOTVlMzQxLnBuZyIsImVkaXRzIjp7InJlc2l6ZSI6eyJ3aWR0aCI6NDAwfX19," IDR 1,999,000"
ASICS Gel-Kayano 32 Midnight Stillwater (Women's),ASICS," IDR 1,500,000",https://cdn-old.kickavenue.com/eyJidWNrZXQiOiJraWNrYXZlbnVlLWFzc2V0cyIsImtleSI6InByb2R1Y3RzLzEzOTY2My83MjRlZDFhNGRhNzFlMzkwMTllYTc1ZWUwY2U5NTc3Ni5wbmciLCJlZGl0cyI6eyJyZXNpemUiOnsid2lkdGgiOjQwMH19fQ==," IDR 2,722,500"
Nike Initiator Taupe Grey (Women's),Nike," IDR 1,200,000",https://cdn-old.kickavenue.com/eyJidWNrZXQiOiJraWNrYXZlbnVlLWFzc2V0cyIsImtleSI6InByb2R1Y3RzLzE0MDYxNC9jZDU1ZmY4MWIzMjk4MGE1OGNiMDQ5MTc1ZGJiODgwZi5wbmciLCJlZGl0cyI6eyJyZXNpemUiOnsid2lkdGgiOjQwMH19fQ==,
Nike Sabrina 2 Titan Make Space (Women's),Nike," IDR 2,500,000",https://cdn-old.kickavenue.com/eyJidWNrZXQiOiJraWNrYXZlbnVlLWFzc2V0cyIsImtleSI6InByb2R1Y3RzLzEyNjk3OS9mOGNjOWY2OWNmN2QxMDgzZjk0NDc1ZTIwYTY4Y2NhYy5wbmciLCJlZGl0cyI6eyJyZXNpemUiOnsid2lkdGgiOjQwMH19fQ==,
Nike Air Max 90 Next Nature White Black (Women's),Nike," IDR 1,300,000",https://cdn-old.kickavenue.com/eyJidWNrZXQiOiJraWNrYXZlbnVlLWFzc2V0cyIsImtleSI6InByb2R1Y3RzLzU5MDg3L2M3ODhiNDk3MmU5NjY3Y2U0ZTRhM2U2YTliNjNhYjE1LmpwZWciLCJlZGl0cyI6eyJyZXNpemUiOnsid2lkdGgiOjQwMH19fQ==," IDR 1,980,000"
Nike Pacific Leather Black Cool Grey Gum (Women's),Nike," IDR 1,300,000",https://cdn-old.kickavenue.com/eyJidWNrZXQiOiJraWNrYXZlbnVlLWFzc2V0cyIsImtleSI6InByb2R1Y3RzLzE1MTY4Mi9hMDY2NmQ5NWY0Yzc5NDgwOGM4YTEyZDFlY2NmYjJiMy5wbmciLCJlZGl0cyI6eyJyZXNpemUiOnsid2lkdGgiOjQwMH19fQ==,
Salomon X Ultra 360 Gore-Tex Plum Kitten Phantom (Women's),Salomon," IDR 3,550,000",https://cdn-old.kickavenue.com/eyJidWNrZXQiOiJraWNrYXZlbnVlLWFzc2V0cyIsImtleSI6InByb2R1Y3RzLzE0NjcwNC9iOTFhYjI4MjFkYzc1MWFjOThlYzBjZDg4OTdhZjkwYS5wbmciLCJlZGl0cyI6eyJyZXNpemUiOnsid2lkdGgiOjQwMH19fQ==,
Nike Air Max 95 OG Valentine's Day (2026) (Women's),Nike," IDR 4,700,000",https://cdn-old.kickavenue.com/eyJidWNrZXQiOiJraWNrYXZlbnVlLWFzc2V0cyIsImtleSI6InByb2R1Y3RzLzE1MTcyMi83NTMxZDE4MWE4NWE2MGJmMjhmMTdlZTkyNmFmYzMzYy5wbmciLCJlZGl0cyI6eyJyZXNpemUiOnsid2lkdGgiOjQwMH19fQ==,
Nike Air Max 270 White Vintage Green (Women's),Nike," IDR 2,270,000",https://cdn-old.kickavenue.com/eyJidWNrZXQiOiJraWNrYXZlbnVlLWFzc2V0cyIsImtleSI6InByb2R1Y3RzLzE1NTIzNi8zODg4YjA1ZmVmODY0MWRiNmNiZmUzM2YyNjM1YzEyMC5wbmciLCJlZGl0cyI6eyJyZXNpemUiOnsid2lkdGgiOjQwMH19fQ==," IDR 2,640,000"
Adidas NMD R1 Black Rose Tone (Women's),Adidas," IDR 990,000",https://cdn-old.kickavenue.com/eyJidWNrZXQiOiJraWNrYXZlbnVlLWFzc2V0cyIsImtleSI6InByb2R1Y3RzLzI0MTg0LzZmYmRmZGNkYmMyZWIxZWYyNTE4ZmE3ZjY0ZjY1NzQyLnBuZyIsImVkaXRzIjp7InJlc2l6ZSI6eyJ3aWR0aCI6NDAwfX19," IDR 2,310,000"
Nike Air Force 1 PLT.AF.ORM White Lavender (Women's),Nike," IDR 950,000",https://cdn-old.kickavenue.com/eyJidWNrZXQiOiJraWNrYXZlbnVlLWFzc2V0cyIsImtleSI6InByb2R1Y3RzLzQxOTU2LzdlNmU3MGE4OGE0ZmVmYjEyMzBlZTY2MDFhNTExNDJmLmpwZWciLCJlZGl0cyI6eyJyZXNpemUiOnsid2lkdGgiOjQwMH19fQ==," IDR 1,815,000"
New Balance 550 Sea Salt Lilac Chalk (Women's),New Balance," IDR 1,000,000",https://cdn-old.kickavenue.com/eyJidWNrZXQiOiJraWNrYXZlbnVlLWFzc2V0cyIsImtleSI6InByb2R1Y3RzLzM5MzY3L2JhOWIzMGNhZmUzYTg2ZWM1OWU1OTFkM2RjYmQ1OGNmLnBuZyIsImVkaXRzIjp7InJlc2l6ZSI6eyJ3aWR0aCI6NDAwfX19," IDR 1,999,000"
Adidas Gazelle Indoor Lucid Red Clear Sky (Women's),Adidas," IDR 1,850,000",https://cdn-old.kickavenue.com/eyJidWNrZXQiOiJraWNrYXZlbnVlLWFzc2V0cyIsImtleSI6InByb2R1Y3RzLzE1MjM3OS80MTI3N2I3MmQxNjVhMGJmNmRjNTUyZWRiM2VmNGI1MC5wbmciLCJlZGl0cyI6eyJyZXNpemUiOnsid2lkdGgiOjQwMH19fQ==," IDR 1,980,000"
On Running Cloudtilt Flame Eclipse (W),ON Running," IDR 4,000,000",https://cdn-old.kickavenue.com/eyJidWNrZXQiOiJraWNrYXZlbnVlLWFzc2V0cyIsImtleSI6InByb2R1Y3RzLzExNTQ1My8xMWRiOTlmNjVhYjJmMzY2MjVmZGVkYjM0NjVjMzFhNC5wbmciLCJlZGl0cyI6eyJyZXNpemUiOnsid2lkdGgiOjQwMH19fQ==,
On Running Cloudmonster Void White (Women’s),ON Running," IDR 4,280,000",https://cdn-old.kickavenue.com/eyJidWNrZXQiOiJraWNrYXZlbnVlLWFzc2V0cyIsImtleSI6InByb2R1Y3RzLzEzMzUyNS8yZTYwOTQxNTAwMWE0N2ZjNzkwNzgwY2RiMGVjODVkNS5wbmciLCJlZGl0cyI6eyJyZXNpemUiOnsid2lkdGgiOjQwMH19fQ==,
Nike Dunk Low LX Purple Ink (Women's),Nike," IDR 1,000,000",https://cdn-old.kickavenue.com/eyJidWNrZXQiOiJraWNrYXZlbnVlLWFzc2V0cyIsImtleSI6InByb2R1Y3RzLzc1NDA1L2ZkMjI1ZGRmMzNiN2JlYjM3Zjc3MDhjMWM0NGNmZjU4LnBuZyIsImVkaXRzIjp7InJlc2l6ZSI6eyJ3aWR0aCI6NDAwfX19," IDR 2,099,000"
New Balance 327 Moonbeam Storm Blue (Women's),New Balance," IDR 850,000",https://cdn-old.kickavenue.com/eyJidWNrZXQiOiJraWNrYXZlbnVlLWFzc2V0cyIsImtleSI6InByb2R1Y3RzLzM2NjE4L2QyYzk4MjVhOGJkOWZjNDBmNTE5ZDdhOGViZjlkYjJhLnBuZyIsImVkaXRzIjp7InJlc2l6ZSI6eyJ3aWR0aCI6NDAwfX19," IDR 1,650,000"
Adidas Adizero Evo SL Lucid Lemon (Women's),Adidas," IDR 2,850,000",https://cdn-old.kickavenue.com/eyJidWNrZXQiOiJraWNrYXZlbnVlLWFzc2V0cyIsImtleSI6InByb2R1Y3RzLzEzMjU1MS84MjZhNWQ0MzkzOTQ3MGMxYjU0ZTYxYTQzMGRkOWEwOC5wbmciLCJlZGl0cyI6eyJyZXNpemUiOnsid2lkdGgiOjQwMH19fQ==,
Adidas Pureboost 22 Core Black Pulse Mint (Women's),Adidas," IDR 650,000",https://cdn-old.kickavenue.com/eyJidWNrZXQiOiJraWNrYXZlbnVlLWFzc2V0cyIsImtleSI6InByb2R1Y3RzLzExODE2Mi81ZWZiMTU3ZDIxN2FhNzUyZWM5ZTJkMzljYzNjZWE0OC5wbmciLCJlZGl0cyI6eyJyZXNpemUiOnsid2lkdGgiOjQwMH19fQ==,
Adidas Gazelle Indoor atmos Pink Trinity Leopard Brown (Women's),Adidas," IDR 2,500,000",https://cdn-old.kickavenue.com/eyJidWNrZXQiOiJraWNrYXZlbnVlLWFzc2V0cyIsImtleSI6InByb2R1Y3RzLzE0NDc0NS8yYTBiODM3N2EzMDM4ZDAwZjFiOWQzYjAwNGEwMWRjNS5wbmciLCJlZGl0cyI6eyJyZXNpemUiOnsid2lkdGgiOjQwMH19fQ==,
Adidas Hamburg Blue Yellow Gold (Women's),Adidas," IDR 1,700,000",https://cdn-old.kickavenue.com/eyJidWNrZXQiOiJraWNrYXZlbnVlLWFzc2V0cyIsImtleSI6InByb2R1Y3RzLzEzNTA3Ny8wNDU0N2IyMTI1YTUwM2Y2YmViN2MxNjFiMDAzZWViOS5wbmciLCJlZGl0cyI6eyJyZXNpemUiOnsid2lkdGgiOjQwMH19fQ==,
Nike Dunk Low Harvest Moon (Women's),Nike," IDR 800,000",https://cdn-old.kickavenue.com/eyJidWNrZXQiOiJraWNrYXZlbnVlLWFzc2V0cyIsImtleSI6InByb2R1Y3RzLzI4Nzg3LzU1OTkzNjljMTAyZWI0YWJjYzMxZjQxNWVjZGY3NjJlLnBuZyIsImVkaXRzIjp7InJlc2l6ZSI6eyJ3aWR0aCI6NDAwfX19," IDR 1,549,000"
Vans Old Skool Classic Rose Pink (Women's),Vans," IDR 650,000",https://cdn-old.kickavenue.com/eyJidWNrZXQiOiJraWNrYXZlbnVlLWFzc2V0cyIsImtleSI6InByb2R1Y3RzLzczNzUwLzRmNjQ3YzQ3NDgzOWI4NzhmMTZhYmU1ODc5NDk3OWYzLnBuZyIsImVkaXRzIjp7InJlc2l6ZSI6eyJ3aWR0aCI6NDAwfX19,
Adidas Handball Spezial Alumina Collegiate Green (Women's),Adidas," IDR 1,300,000",https://cdn-old.kickavenue.com/eyJidWNrZXQiOiJraWNrYXZlbnVlLWFzc2V0cyIsImtleSI6InByb2R1Y3RzLzE0NDI3OS81OTNjMTBhYzE3ZmZkOTMwNjdlZmFlODBjNzg0ZWM1Mi5wbmciLCJlZGl0cyI6eyJyZXNpemUiOnsid2lkdGgiOjQwMH19fQ==," IDR 1,650,000"
Nike Court Legacy Lift Black (Women's),Nike," IDR 600,000",https://cdn-old.kickavenue.com/eyJidWNrZXQiOiJraWNrYXZlbnVlLWFzc2V0cyIsImtleSI6InByb2R1Y3RzLzM1MDE4LzEwMTExNTFlYjZlMzZlZjFiMzA5NDgxNTNhYmYxMjU0LnBuZyIsImVkaXRzIjp7InJlc2l6ZSI6eyJ3aWR0aCI6NDAwfX19," IDR 1,419,000"
Nike Flex Experience 11 Next Nature Burgundy Crush (Women's),Nike," IDR 450,000",https://cdn-old.kickavenue.com/eyJidWNrZXQiOiJraWNrYXZlbnVlLWFzc2V0cyIsImtleSI6InByb2R1Y3RzLzc1ODYzLzdjYmNjZTU3OWRhNTMyYTM2Mjg4YmJjOTkwZWY5NmFjLnBuZyIsImVkaXRzIjp7InJlc2l6ZSI6eyJ3aWR0aCI6NDAwfX19,
Nike V2K Run Dusty Cactus (Women's),Nike," IDR 1,000,000",https://cdn-old.kickavenue.com/eyJidWNrZXQiOiJraWNrYXZlbnVlLWFzc2V0cyIsImtleSI6InByb2R1Y3RzLzEyNDMxMy9lNDI5NWI5OGY1MmI3ZGIxNmI3MDhjNzg5NDE4NjkyYy5wbmciLCJlZGl0cyI6eyJyZXNpemUiOnsid2lkdGgiOjQwMH19fQ==,
On Running Cloudrunner 2 Frost White (Women's),ON Running," IDR 2,700,000",https://cdn-old.kickavenue.com/eyJidWNrZXQiOiJraWNrYXZlbnVlLWFzc2V0cyIsImtleSI6InByb2R1Y3RzLzEwOTM0NC9kYTEyODBhMGM2ZTBkYjQ5OWE2OGYxYWZjZTM1MWY0Ny5wbmciLCJlZGl0cyI6eyJyZXNpemUiOnsid2lkdGgiOjQwMH19fQ==,
Converse Chuck Taylor All Star Modern Lift Platform Corduroy Hi Egret (Women's),Converse," IDR 900,000",https://cdn-old.kickavenue.com/eyJidWNrZXQiOiJraWNrYXZlbnVlLWFzc2V0cyIsImtleSI6InByb2R1Y3RzLzEzMjM1NS83NjY1ODYxNWE2MGRmYjZjZTQ4MTRmNTk2NjZmNjkwNy5wbmciLCJlZGl0cyI6eyJyZXNpemUiOnsid2lkdGgiOjQwMH19fQ==,
ON Running Cloudpulse Next Black Stone (Women's),ON Running," IDR 2,750,000",https://cdn-old.kickavenue.com/eyJidWNrZXQiOiJraWNrYXZlbnVlLWFzc2V0cyIsImtleSI6InByb2R1Y3RzLzE0NTQ2Ni8xNzI5OTkxNGY1YjMzNmJjNjZmY2FjMjIxMDYzYzQ3Zi5wbmciLCJlZGl0cyI6eyJyZXNpemUiOnsid2lkdGgiOjQwMH19fQ==,
New Balance XC-72 Marblehead Cobalt,New Balance," IDR 800,000",https://cdn-old.kickavenue.com/eyJidWNrZXQiOiJraWNrYXZlbnVlLWFzc2V0cyIsImtleSI6InByb2R1Y3RzLzYyNzYyLzEyODZiZGRiYThjZDk1YTYwZjJmY2YzM2E4MGU4NGY2LmpwZWciLCJlZGl0cyI6eyJyZXNpemUiOnsid2lkdGgiOjQwMH19fQ==," IDR 1,815,000"
Air Jordan Hex Slides Pistachio Frost (Women's),Air Jordan," IDR 360,000",https://cdn-old.kickavenue.com/eyJidWNrZXQiOiJraWNrYXZlbnVlLWFzc2V0cyIsImtleSI6InByb2R1Y3RzLzc0OTIzLzdjMTg5ZjE0Nzg4Njg3NjE3MmU5YjYzY2ZkNDRhMmQ1LnBuZyIsImVkaXRzIjp7InJlc2l6ZSI6eyJ3aWR0aCI6NDAwfX19," IDR 800,000"
Adidas Japan Alumina Black (Women's),Adidas," IDR 1,900,000",https://cdn-old.kickavenue.com/eyJidWNrZXQiOiJraWNrYXZlbnVlLWFzc2V0cyIsImtleSI6InByb2R1Y3RzLzEzMjMwMC8wZTdiZmFhYmYyNTJmYzBjNDhkM2U3ZTk5YTcyM2JiNy5wbmciLCJlZGl0cyI6eyJyZXNpemUiOnsid2lkdGgiOjQwMH19fQ==," IDR 1,980,000"
Nike Dunk Low Just Do It Bronzine Playful Pink (Women's),Nike," IDR 1,290,000",https://cdn-old.kickavenue.com/eyJidWNrZXQiOiJraWNrYXZlbnVlLWFzc2V0cyIsImtleSI6InByb2R1Y3RzLzc0MDAyLzZmMDJjYjJiZDFjYWJkOGJmNDJhYTI2OTFlN2Q2ZTNiLnBuZyIsImVkaXRzIjp7InJlc2l6ZSI6eyJ3aWR0aCI6NDAwfX19," IDR 1,549,000"
Nike Zoom Fly 6 Light Armory Blue World Indigo (Women's),Nike," IDR 3,350,000",https://cdn-old.kickavenue.com/eyJidWNrZXQiOiJraWNrYXZlbnVlLWFzc2V0cyIsImtleSI6InByb2R1Y3RzLzE0NTY1Ny9kYWQwMzQwYjA0NzVmYjJiMWNlZTIyZmE5ZGJhYWM4Yi5wbmciLCJlZGl0cyI6eyJyZXNpemUiOnsid2lkdGgiOjQwMH19fQ==,
ON Running Cloud 5 All Black (Women's),ON Running," IDR 2,300,000",https://cdn-old.kickavenue.com/eyJidWNrZXQiOiJraWNrYXZlbnVlLWFzc2V0cyIsImtleSI6InByb2R1Y3RzLzY1OTk4LzliYjc3NTcwYjcyMWIzNzAxZWY4MzA1MTc4ZmYwZWIxLnBuZyIsImVkaXRzIjp7InJlc2l6ZSI6eyJ3aWR0aCI6NDAwfX19," IDR 2,310,000"
New Balance 550 White Pink (Women's),New Balance," IDR 1,650,000",https://cdn-old.kickavenue.com/eyJidWNrZXQiOiJraWNrYXZlbnVlLWFzc2V0cyIsImtleSI6InByb2R1Y3RzLzMwODgzLzY3YjhiOWI4NThmMGI2MDgxNTM0Nzc0OTJjMDFjMmU5LnBuZyIsImVkaXRzIjp7InJlc2l6ZSI6eyJ3aWR0aCI6NDAwfX19," IDR 1,999,000"
Nike ReactX Rejuven8 Light Orewood Brown (Women's),Nike," IDR 2,000,000",https://cdn-old.kickavenue.com/eyJidWNrZXQiOiJraWNrYXZlbnVlLWFzc2V0cyIsImtleSI6InByb2R1Y3RzLzEyOTI4MS9hMWY2ZGFkODYwZWRhMzY5NmJkYTcyNTcxMzJiNGExZi5wbmciLCJlZGl0cyI6eyJyZXNpemUiOnsid2lkdGgiOjQwMH19fQ==,
Nike Dunk Low Ocean Bliss Citron Tint (Women's),Nike," IDR 1,000,000",https://cdn-old.kickavenue.com/eyJidWNrZXQiOiJraWNrYXZlbnVlLWFzc2V0cyIsImtleSI6InByb2R1Y3RzLzQyMTU3L2FmYmQ5YTU2ZGMyZDBhMjM2Zjg1YjRmNDcxNmVlNzk5LmpwZWciLCJlZGl0cyI6eyJyZXNpemUiOnsid2lkdGgiOjQwMH19fQ==," IDR 1,549,000"
Nike Revolution 8 Mint Foam Bleached Turquoise White Cannon (Women's),Nike," IDR 450,000",https://cdn-old.kickavenue.com/eyJidWNrZXQiOiJraWNrYXZlbnVlLWFzc2V0cyIsImtleSI6InByb2R1Y3RzLzEzMjA2MC80ZjgxOTMyYTUyNWM5MjBlZmM5ZDY2ZmUyNTE3MjMwMi5wbmciLCJlZGl0cyI6eyJyZXNpemUiOnsid2lkdGgiOjQwMH19fQ==," IDR 1,155,000"
Nike Zoom Vomero 5 Roam Sail Light Stone Gum (Women's),Nike," IDR 2,850,000",https://cdn-old.kickavenue.com/eyJidWNrZXQiOiJraWNrYXZlbnVlLWFzc2V0cyIsImtleSI6InByb2R1Y3RzLzE1MDM2MS9mZGFiYWQ5NmQ1YzQxMGZjZjQ3OTBlN2RjMmVjYmMzYi5wbmciLCJlZGl0cyI6eyJyZXNpemUiOnsid2lkdGgiOjQwMH19fQ==," IDR 3,135,000"
Adidas Adizero Evo SL Putty Mauve Charcoal (Women's),Adidas," IDR 3,680,000",https://cdn-old.kickavenue.com/eyJidWNrZXQiOiJraWNrYXZlbnVlLWFzc2V0cyIsImtleSI6InByb2R1Y3RzLzE1MjY5Ny83MmQzOTMxMjEyZjdjZmY0NzJlZjU4MmIzNWZmOTI0NC5wbmciLCJlZGl0cyI6eyJyZXNpemUiOnsid2lkdGgiOjQwMH19fQ==,
Nike Vaporfly 4 Pink Spell Hyper Pink (Women's),Nike," IDR 3,300,000",https://cdn-old.kickavenue.com/eyJidWNrZXQiOiJraWNrYXZlbnVlLWFzc2V0cyIsImtleSI6InByb2R1Y3RzLzE0NDkxMy83OTJjNmE5YjFkYTllYjc0OTlmYzQ3YjZiMWMwMzc5NS5wbmciLCJlZGl0cyI6eyJyZXNpemUiOnsid2lkdGgiOjQwMH19fQ==,
Adidas Adizero Evo SL Aurora Coffee (Women's),Adidas," IDR 3,680,000",https://cdn-old.kickavenue.com/eyJidWNrZXQiOiJraWNrYXZlbnVlLWFzc2V0cyIsImtleSI6InByb2R1Y3RzLzE1NDIyMi9jMDIzYmJkYTQ5ZGRkZWE0NTIzZDQyOWU5NDkxMDg0MS5wbmciLCJlZGl0cyI6eyJyZXNpemUiOnsid2lkdGgiOjQwMH19fQ==,
Adidas Handball Spezial Collegiate Green (Women's),Adidas," IDR 1,300,000",https://cdn-old.kickavenue.com/eyJidWNrZXQiOiJraWNrYXZlbnVlLWFzc2V0cyIsImtleSI6InByb2R1Y3RzLzk2NzI4L2M1MGNmMTJhZDAxM2NmMWY5YzE4NGI4YjI4Y2U5YTNmLnBuZyIsImVkaXRzIjp7InJlc2l6ZSI6eyJ3aWR0aCI6NDAwfX19,
Nike Shox Z Dark Team Red (Women's),Nike," IDR 1,900,000",https://cdn-old.kickavenue.com/eyJidWNrZXQiOiJraWNrYXZlbnVlLWFzc2V0cyIsImtleSI6InByb2R1Y3RzLzE0NTE5NS8wZDU4N2MxYzhkYzZlOTdlNmFhOGU0YTdlYzEwYjIwNC5wbmciLCJlZGl0cyI6eyJyZXNpemUiOnsid2lkdGgiOjQwMH19fQ==," IDR 2,227,500"
Air Jordan 1 Low Black University Blue White (Women's),Air Jordan," IDR 1,180,000",https://cdn-old.kickavenue.com/eyJidWNrZXQiOiJraWNrYXZlbnVlLWFzc2V0cyIsImtleSI6InByb2R1Y3RzLzI4NTEwL2NlZjg0NjUxMDU5N2IxZWU4NTgwMDMyNTI2MmNlYmM4LnBuZyIsImVkaXRzIjp7InJlc2l6ZSI6eyJ3aWR0aCI6NDAwfX19," IDR 1,650,000"
Air Jordan 1 Low Arctic Pink Gum (Women's),Air Jordan," IDR 800,000",https://cdn-old.kickavenue.com/eyJidWNrZXQiOiJraWNrYXZlbnVlLWFzc2V0cyIsImtleSI6InByb2R1Y3RzLzIyMjg5LzVkNTdmMmYzMzhiODczNzdiNzI1OTU4MTcxNmZkZjg5LnBuZyIsImVkaXRzIjp7InJlc2l6ZSI6eyJ3aWR0aCI6NDAwfX19," IDR 1,485,000"
Air Jordan 1 Low Triple White (Women's),Air Jordan," IDR 1,860,000",https://cdn-old.kickavenue.com/eyJidWNrZXQiOiJraWNrYXZlbnVlLWFzc2V0cyIsImtleSI6InByb2R1Y3RzLzQwNTg4LzllZTZkZTg1NWY2MjAxN2IxNTQ2ZWM2ZGRmNzczODNmLmpwZWciLCJlZGl0cyI6eyJyZXNpemUiOnsid2lkdGgiOjQwMH19fQ==,
Air Jordan 1 Retro High Satin Snake Chicago (Women's),Air Jordan," IDR 1,500,000",https://cdn-old.kickavenue.com/eyJidWNrZXQiOiJraWNrYXZlbnVlLWFzc2V0cyIsImtleSI6InByb2R1Y3RzLzEwMDE1L2NhYjc3NGJkMTYxNTMyNTE4ZmI2MTM0MDdmMmJlM2NhLnBuZyIsImVkaXRzIjp7InJlc2l6ZSI6eyJ3aWR0aCI6NDAwfX19," IDR 2,805,000"
Nike Dunk Low PRM Team Red (Women's),Nike," IDR 1,600,000",https://cdn-old.kickavenue.com/eyJidWNrZXQiOiJraWNrYXZlbnVlLWFzc2V0cyIsImtleSI6InByb2R1Y3RzLzU4MjIyLzI3M2FhZmFhMjZiMDEyNTU4YjRmMGY2MGVkOTg3NTQzLmpwZWciLCJlZGl0cyI6eyJyZXNpemUiOnsid2lkdGgiOjQwMH19fQ==," IDR 1,909,000"
Air Jordan 1 Mid Reverse Chicago (Women's),Air Jordan," IDR 1,000,000",https://cdn-old.kickavenue.com/eyJidWNrZXQiOiJraWNrYXZlbnVlLWFzc2V0cyIsImtleSI6InByb2R1Y3RzLzI5MzA2L2ZkYjRiMjQ5YTE5Zjg3YWY3OGNjMGMyOWQ2YTJiOWU0LnBuZyIsImVkaXRzIjp7InJlc2l6ZSI6eyJ3aWR0aCI6NDAwfX19," IDR 1,815,000"
Adidas Samba OG White Energy Ink (Women's),Adidas," IDR 1,200,000",https://cdn-old.kickavenue.com/eyJidWNrZXQiOiJraWNrYXZlbnVlLWFzc2V0cyIsImtleSI6InByb2R1Y3RzLzc4NTgzLzUxY2QwNTRhYmEyZWU5ZjU4NmMwNjYzMjcwYzhkMjIwLnBuZyIsImVkaXRzIjp7InJlc2l6ZSI6eyJ3aWR0aCI6NDAwfX19,
Nike Air Force 1 Wild Low Cacao Wow (Women's),Nike," IDR 1,050,000",https://cdn-old.kickavenue.com/eyJidWNrZXQiOiJraWNrYXZlbnVlLWFzc2V0cyIsImtleSI6InByb2R1Y3RzLzk2MzA3LzRjMjNkNjQ5ZGUzMzY1ZTAwMjAxMDdiNzNiYmFhYTI2LnBuZyIsImVkaXRzIjp7InJlc2l6ZSI6eyJ3aWR0aCI6NDAwfX19," IDR 2,392,500"
On Running Cloudswift 3 All Black (Women's),ON Running," IDR 2,500,000",https://cdn-old.kickavenue.com/eyJidWNrZXQiOiJraWNrYXZlbnVlLWFzc2V0cyIsImtleSI6InByb2R1Y3RzLzEwOTMzMi85OTI3MTczMmE4NWFhYTQ0YWU3ZDE2ODhkNDQwMzc5MC5wbmciLCJlZGl0cyI6eyJyZXNpemUiOnsid2lkdGgiOjQwMH19fQ==,
Air Jordan 3 Retro A Ma Maniére (Women's),Air Jordan," IDR 5,950,000",https://cdn-old.kickavenue.com/eyJidWNrZXQiOiJraWNrYXZlbnVlLWFzc2V0cyIsImtleSI6InByb2R1Y3RzLzIxNTg5L2ExZGFmN2I1NGI4NGU0NmZhYjM2ZGE5MmQyOGZiMThmLnBuZyIsImVkaXRzIjp7InJlc2l6ZSI6eyJ3aWR0aCI6NDAwfX19,
Adidas Sambae White Black Gum (Women's),Adidas," IDR 1,700,000",https://cdn-old.kickavenue.com/eyJidWNrZXQiOiJraWNrYXZlbnVlLWFzc2V0cyIsImtleSI6InByb2R1Y3RzLzEwNTYwNS8zMmUxNGRhYzRmMDg1ZWU1YzIwZWQ3MjBlYTk5NjI3OC5wbmciLCJlZGl0cyI6eyJyZXNpemUiOnsid2lkdGgiOjQwMH19fQ==,
Adidas Sambae Black White Gum (Women's),Adidas," IDR 950,000",https://cdn-old.kickavenue.com/eyJidWNrZXQiOiJraWNrYXZlbnVlLWFzc2V0cyIsImtleSI6InByb2R1Y3RzLzc2NTk4L2E1NzNjN2VkMDQxNzljMmEzMjIzMzg5ZmM5NjEyZGI0LnBuZyIsImVkaXRzIjp7InJlc2l6ZSI6eyJ3aWR0aCI6NDAwfX19," IDR 1,815,000"
Nike Air Zoom Vomero 5 Metallic Silver Blue Tint (Women's),Nike," IDR 1,950,000",https://cdn-old.kickavenue.com/eyJidWNrZXQiOiJraWNrYXZlbnVlLWFzc2V0cyIsImtleSI6InByb2R1Y3RzLzEwOTg5Ny9kNzE4NWM2ZWMxZTkzODIyMzU4NzYzYWJlYTYzNDE2ZC5wbmciLCJlZGl0cyI6eyJyZXNpemUiOnsid2lkdGgiOjQwMH19fQ==,
Air Jordan 1 Low Sail Rattan (Women's),Air Jordan," IDR 1,150,000",https://cdn-old.kickavenue.com/eyJidWNrZXQiOiJraWNrYXZlbnVlLWFzc2V0cyIsImtleSI6InByb2R1Y3RzLzEzMjM1MS8zZDFiYTFjMTliNzExMTQyYTE2ZDBlNTRkOWE4ZmE2NC5wbmciLCJlZGl0cyI6eyJyZXNpemUiOnsid2lkdGgiOjQwMH19fQ==," IDR 1,897,500"
Air Jordan 1 Low Off Noir (Women's),Air Jordan," IDR 1,900,000",https://cdn-old.kickavenue.com/eyJidWNrZXQiOiJraWNrYXZlbnVlLWFzc2V0cyIsImtleSI6InByb2R1Y3RzLzcwNzA5L2U0MmFjNTYxYTg3N2FiNTk1ZjhkZGIyYjM4Yjg0Y2ZhLnBuZyIsImVkaXRzIjp7InJlc2l6ZSI6eyJ3aWR0aCI6NDAwfX19,
Jordan 4 Retro Seafoam (Women's),Air Jordan," IDR 1,890,000",https://cdn-old.kickavenue.com/eyJidWNrZXQiOiJraWNrYXZlbnVlLWFzc2V0cyIsImtleSI6InByb2R1Y3RzLzQzMTU0L2NiNmQyMDg4Zjg3Y2MyNjk2NzExNDdkYmZjYTQ0MDgyLmpwZWciLCJlZGl0cyI6eyJyZXNpemUiOnsid2lkdGgiOjQwMH19fQ==," IDR 3,465,000"
Air Jordan 1 Mid Alternate Bred Toe (Women's),Air Jordan," IDR 800,000",https://cdn-old.kickavenue.com/eyJidWNrZXQiOiJraWNrYXZlbnVlLWFzc2V0cyIsImtleSI6InByb2R1Y3RzLzM0OTQ1LzBhYWIwOTA4MzM3Y2Y3N2VkNzI3YmY2OWMwYjQ4MTdlLnBuZyIsImVkaXRzIjp7InJlc2l6ZSI6eyJ3aWR0aCI6NDAwfX19," IDR 1,815,000"
Nike Air Force 1 '07 Vintage Pink Foam Grey Fog White (Women's),Nike," IDR 1,710,000",https://cdn-old.kickavenue.com/eyJidWNrZXQiOiJraWNrYXZlbnVlLWFzc2V0cyIsImtleSI6InByb2R1Y3RzLzE0NTY1MS81ZDgxOTE2Yzc2Y2E3NmY3OTU1YzIzZTQ3YzhiYTdmMi5wbmciLCJlZGl0cyI6eyJyZXNpemUiOnsid2lkdGgiOjQwMH19fQ==,
Adidas Handball Spezial Dark Blue Wonder Quartz (Women's),Adidas," IDR 2,200,000",https://cdn-old.kickavenue.com/eyJidWNrZXQiOiJraWNrYXZlbnVlLWFzc2V0cyIsImtleSI6InByb2R1Y3RzLzE0NDYxOS8zZWZiNjY3YTE5ZTA0NWUyYTI2MzljNjIzZDhhYTYwNi5wbmciLCJlZGl0cyI6eyJyZXNpemUiOnsid2lkdGgiOjQwMH19fQ==,
Adidas Samba OG Collegiate Purple Cream (Women's),Adidas," IDR 2,640,000",https://cdn-old.kickavenue.com/eyJidWNrZXQiOiJraWNrYXZlbnVlLWFzc2V0cyIsImtleSI6InByb2R1Y3RzLzEyODAyOS9lMWRlMjFjNTJhOWZhOTRiNmU2NDBiNTg4ZGVhYjBhYS5wbmciLCJlZGl0cyI6eyJyZXNpemUiOnsid2lkdGgiOjQwMH19fQ==,
Air Jordan 1 Low White Baroque Brown (Women's),Air Jordan," IDR 1,740,000",https://cdn-old.kickavenue.com/eyJidWNrZXQiOiJraWNrYXZlbnVlLWFzc2V0cyIsImtleSI6InByb2R1Y3RzLzE0MzU2Ni9iNTgyMDkzODZjYjVhZTNjOWVjZjBiNmJmYWFhOWNiYS5wbmciLCJlZGl0cyI6eyJyZXNpemUiOnsid2lkdGgiOjQwMH19fQ==,
Adidas Gazelle Bold Magic Beige Collegiate Green (Women's),Adidas," IDR 1,350,000",https://cdn-old.kickavenue.com/eyJidWNrZXQiOiJraWNrYXZlbnVlLWFzc2V0cyIsImtleSI6InByb2R1Y3RzLzczNjA0LzI5ZDhhNDUxYTczMzZiNTllZGM1NGU4ZDRlZjUxNDYwLnBuZyIsImVkaXRzIjp7InJlc2l6ZSI6eyJ3aWR0aCI6NDAwfX19," IDR 1,980,000"
Nike Cortez Valentine's Day Pink (Women's),Nike," IDR 1,450,000",https://cdn-old.kickavenue.com/eyJidWNrZXQiOiJraWNrYXZlbnVlLWFzc2V0cyIsImtleSI6InByb2R1Y3RzLzEyMjQwNC8wZWM2NGE2ZGM1ZjkzMzU1MGNkMjhkYjM3NTI1NWE3Ni5wbmciLCJlZGl0cyI6eyJyZXNpemUiOnsid2lkdGgiOjQwMH19fQ==," IDR 1,815,000"
New Balance 574 Grey (Women's),New Balance," IDR 1,200,000",https://cdn-old.kickavenue.com/eyJidWNrZXQiOiJraWNrYXZlbnVlLWFzc2V0cyIsImtleSI6InByb2R1Y3RzLzM4MDU1LzQxOTkxY2EwZGJhYTdkZGZiOTEyNTA3ZWNkYTIzODM2LnBuZyIsImVkaXRzIjp7InJlc2l6ZSI6eyJ3aWR0aCI6NDAwfX19," IDR 1,300,000"
Nike Dunk Low Indigo Haze (Women's),Nike," IDR 1,080,000",https://cdn-old.kickavenue.com/eyJidWNrZXQiOiJraWNrYXZlbnVlLWFzc2V0cyIsImtleSI6InByb2R1Y3RzLzU3Mzc5LzljMWI2YjEyNjBjNWYyYTEyZTNkODRlM2Q4MjJlNmViLmpwZWciLCJlZGl0cyI6eyJyZXNpemUiOnsid2lkdGgiOjQwMH19fQ==," IDR 1,549,000"
Nike Air Zoom Pegasus 40 Sail Black (Women's),Nike," IDR 800,000",https://cdn-old.kickavenue.com/eyJidWNrZXQiOiJraWNrYXZlbnVlLWFzc2V0cyIsImtleSI6InByb2R1Y3RzLzEyNDczOC9mODA2NDQxOTM0NTgyNjg2MzNiODVjOTM5OTI5ZjY2OC5wbmciLCJlZGl0cyI6eyJyZXNpemUiOnsid2lkdGgiOjQwMH19fQ==,
Nike Dunk Low SE Vemero Grey Fog Particle Grey (Women's),Nike," IDR 650,000",https://cdn-old.kickavenue.com/eyJidWNrZXQiOiJraWNrYXZlbnVlLWFzc2V0cyIsImtleSI6InByb2R1Y3RzLzU5NjQ0LzEzYzU3ZjJiZTE4ZjRkNWZlZjkwNjI3ZGJhOTNkNDUxLmpwZWciLCJlZGl0cyI6eyJyZXNpemUiOnsid2lkdGgiOjQwMH19fQ==," IDR 1,549,000"
Adidas Samba LT Cloud White Core Black (Women's),Adidas," IDR 1,800,000",https://cdn-old.kickavenue.com/eyJidWNrZXQiOiJraWNrYXZlbnVlLWFzc2V0cyIsImtleSI6InByb2R1Y3RzLzEwNjk3MC81MWZmNTEwYzg1NjIyMjRkMDFlMWZhOTcyNzY4NTVmMS5wbmciLCJlZGl0cyI6eyJyZXNpemUiOnsid2lkdGgiOjQwMH19fQ==," IDR 1,980,000"
Nike Air Rift Breathe Football Grey (Women's),Nike," IDR 1,550,000",https://cdn-old.kickavenue.com/eyJidWNrZXQiOiJraWNrYXZlbnVlLWFzc2V0cyIsImtleSI6InByb2R1Y3RzLzM1MzYzLzg0Mzk3ZjZlNWE0OTJiZWMzNGIzNDZlMjcyZjNjN2U1LnBuZyIsImVkaXRzIjp7InJlc2l6ZSI6eyJ3aWR0aCI6NDAwfX19," IDR 1,650,000"
ON Running Cloudswift 4 Lilac Wolf (Women's),ON Running," IDR 3,300,000",https://cdn-old.kickavenue.com/eyJidWNrZXQiOiJraWNrYXZlbnVlLWFzc2V0cyIsImtleSI6InByb2R1Y3RzLzEzNTYxNC81NmNmMTY4M2YwZGQ5YzY2ZWM5MmQ2Nzc3NWExMmM1Yy5wbmciLCJlZGl0cyI6eyJyZXNpemUiOnsid2lkdGgiOjQwMH19fQ==,
ON Running Cloudtilt LOEWE Beet Red (Women's),ON Running," IDR 15,500,000",https://cdn-old.kickavenue.com/eyJidWNrZXQiOiJraWNrYXZlbnVlLWFzc2V0cyIsImtleSI6InByb2R1Y3RzLzEyMjYxNC8yMTZiNDZhMWYwMjQwNzNjZGY2OWFmMThiYTRjZmNlMy5wbmciLCJlZGl0cyI6eyJyZXNpemUiOnsid2lkdGgiOjQwMH19fQ==,
ASICS Gel-1130 White Bisque (Women's),ASICS," IDR 1,250,000",https://cdn-old.kickavenue.com/eyJidWNrZXQiOiJraWNrYXZlbnVlLWFzc2V0cyIsImtleSI6InByb2R1Y3RzLzEzMzEwMi9jZDE3ZjJjNDhhNWUyMjEzYmVjMjc4YjEwZjY2MzM2Zi5wbmciLCJlZGl0cyI6eyJyZXNpemUiOnsid2lkdGgiOjQwMH19fQ==,
Air Jordan 1 Retro Low OG Gorge Green Varsity Red (Women's),Nike," IDR 3,200,000",https://cdn-old.kickavenue.com/eyJidWNrZXQiOiJraWNrYXZlbnVlLWFzc2V0cyIsImtleSI6InByb2R1Y3RzLzEwNTQxNS81ZjE3ZWI2MGFkYzAwYWE5OTY4M2U1MzIyMDQ2NzhkMC5wbmciLCJlZGl0cyI6eyJyZXNpemUiOnsid2lkdGgiOjQwMH19fQ==,
ASICS Gel Kayano 27 Wide French Blue Digital Aqua (Women's),ASICS," IDR 2,190,000",https://cdn-old.kickavenue.com/eyJidWNrZXQiOiJraWNrYXZlbnVlLWFzc2V0cyIsImtleSI6InByb2R1Y3RzLzEwMDMyOS85YTQ3YjFjMGUyN2UwMWUzZWY4NGYyMTg0MDc3ZTg5ZS5wbmciLCJlZGl0cyI6eyJyZXNpemUiOnsid2lkdGgiOjQwMH19fQ==,
Nike Air Max Fire White Light Smoke Grey Mint Foam (Women's),Nike," IDR 1,150,000",https://cdn-old.kickavenue.com/eyJidWNrZXQiOiJraWNrYXZlbnVlLWFzc2V0cyIsImtleSI6InByb2R1Y3RzLzEzNTE2MC8wZjEwZTgwZWNjNzVjYjRlOWU1YjRmZWMxZDU2NTZkNS5wbmciLCJlZGl0cyI6eyJyZXNpemUiOnsid2lkdGgiOjQwMH19fQ==," IDR 1,732,500"
Nike Air Rift White Volt (Women's),Nike," IDR 2,010,000",https://cdn-old.kickavenue.com/eyJidWNrZXQiOiJraWNrYXZlbnVlLWFzc2V0cyIsImtleSI6InByb2R1Y3RzLzQyMDMwLzY5MTYzOTgxNTY5YmYwM2FlNTZmYzE3YTY2YWM5OWVmLmpwZWciLCJlZGl0cyI6eyJyZXNpemUiOnsid2lkdGgiOjQwMH19fQ==,
Air Jordan 1 Low SE Light Iron Ore (Women's),Air Jordan," IDR 1,500,000",https://cdn-old.kickavenue.com/eyJidWNrZXQiOiJraWNrYXZlbnVlLWFzc2V0cyIsImtleSI6InByb2R1Y3RzLzMyMTI1LzBiY2RiOTA3MDgxZDRkNGUzN2RlNmMwMzM2M2VmOWUwLnBuZyIsImVkaXRzIjp7InJlc2l6ZSI6eyJ3aWR0aCI6NDAwfX19," IDR 1,980,000"
Nike Cortez Sweet Beet (Women's),Nike," IDR 1,300,000",https://cdn-old.kickavenue.com/eyJidWNrZXQiOiJraWNrYXZlbnVlLWFzc2V0cyIsImtleSI6InByb2R1Y3RzLzE1MDc4Ni9jMTJmYTQ4ZDRiZWIxMDMzYzU1OWEyNzM4YTMwZGQ2Yy5wbmciLCJlZGl0cyI6eyJyZXNpemUiOnsid2lkdGgiOjQwMH19fQ==,
Nike Revolution 7 Hot Punch Crimson Tint (Women's),Nike," IDR 470,000",/static/media/kick_avenue_empty_image.cf172573.png,
Nike Shox TL Off Noir Silver (Women's),Nike," IDR 5,560,000",https://cdn-old.kickavenue.com/eyJidWNrZXQiOiJraWNrYXZlbnVlLWFzc2V0cyIsImtleSI6InByb2R1Y3RzLzE0MDc2OS9kYjhmYjg2NDk3NjY3OTI1NDFiM2Y3MzgwMjE2MjA2NC5wbmciLCJlZGl0cyI6eyJyZXNpemUiOnsid2lkdGgiOjQwMH19fQ==,
Nike GP Challenge Pro White World Indigo Ghost (Women's),Nike," IDR 2,780,000",https://cdn-old.kickavenue.com/eyJidWNrZXQiOiJraWNrYXZlbnVlLWFzc2V0cyIsImtleSI6InByb2R1Y3RzLzE0NTIzOS9kOTM5OWE3YTJlMjBlNzRjYTk0OGZkZjAxNmMwZGY3NC5wbmciLCJlZGl0cyI6eyJyZXNpemUiOnsid2lkdGgiOjQwMH19fQ==,
Nike Air Rift Breeze Polka Dot Black White Orange (Women's),Nike," IDR 1,560,000",https://cdn-old.kickavenue.com/eyJidWNrZXQiOiJraWNrYXZlbnVlLWFzc2V0cyIsImtleSI6InByb2R1Y3RzLzYyNjIxL2E0YWU1YTcyNWVhMzcwZjQ1ODk5ZmZiYTA3Nzg0NmZkLmpwZWciLCJlZGl0cyI6eyJyZXNpemUiOnsid2lkdGgiOjQwMH19fQ==," IDR 1,815,000"
Nike Air Force Low 1 Sun Club (Women's),Nike," IDR 1,500,000",https://cdn-old.kickavenue.com/eyJidWNrZXQiOiJraWNrYXZlbnVlLWFzc2V0cyIsImtleSI6InByb2R1Y3RzLzM2NjI2L2I0ZTQyM2NlY2JjNGZkMzg0OTNjOTdiZDgyZWU3NGYyLnBuZyIsImVkaXRzIjp7InJlc2l6ZSI6eyJ3aWR0aCI6NDAwfX19," IDR 1,963,500"
Air Jordan Hex Slides Off White (Women's),Air Jordan," IDR 360,000",https://cdn-old.kickavenue.com/eyJidWNrZXQiOiJraWNrYXZlbnVlLWFzc2V0cyIsImtleSI6InByb2R1Y3RzLzc0OTI0LzE1YTE1YWM2NjJiM2VhMmUwNWE5ZWFkNWQyNTFkODAzLnBuZyIsImVkaXRzIjp7InJlc2l6ZSI6eyJ3aWR0aCI6NDAwfX19," IDR 800,000"
New Balance 550 Sea Salt Grey Matter (Women's),New Balance," IDR 1,150,000",https://cdn-old.kickavenue.com/eyJidWNrZXQiOiJraWNrYXZlbnVlLWFzc2V0cyIsImtleSI6InByb2R1Y3RzLzEwNTQ3NC84MDI0MTFiNjgzYzI4MGQ1M2Q0ZGFjOTZjMTQzYzhjMS5wbmciLCJlZGl0cyI6eyJyZXNpemUiOnsid2lkdGgiOjQwMH19fQ==," IDR 1,999,000"
ON Running Cloudzone Kith Black (Women's),ON Running," IDR 4,250,000",https://cdn-old.kickavenue.com/eyJidWNrZXQiOiJraWNrYXZlbnVlLWFzc2V0cyIsImtleSI6InByb2R1Y3RzLzE0MTM5NC80YzFlMWJjOTgwYTgwZmZlNGI2MjBlOWFlYjM0MDk4NC5wbmciLCJlZGl0cyI6eyJyZXNpemUiOnsid2lkdGgiOjQwMH19fQ==,
ASICS Magic Speed 4 White Celadon (Women's),ASICS," IDR 1,850,000",https://cdn-old.kickavenue.com/eyJidWNrZXQiOiJraWNrYXZlbnVlLWFzc2V0cyIsImtleSI6InByb2R1Y3RzLzExNTY2OC9iNzU3N2U1ZThjZWJjMjk0MTU3ZWI3ZmJhOTQ5YTkzNi5wbmciLCJlZGl0cyI6eyJyZXNpemUiOnsid2lkdGgiOjQwMH19fQ==," IDR 2,805,000"
Nike Air Max Craze White Copper Moon (Women's),Nike," IDR 1,800,000",https://cdn-old.kickavenue.com/eyJidWNrZXQiOiJraWNrYXZlbnVlLWFzc2V0cyIsImtleSI6InByb2R1Y3RzLzEyOTUwOS9jYjExNjI1YmMzZDAxNjgzZjBiYjY3OTBmZWJhYTg5Mi5wbmciLCJlZGl0cyI6eyJyZXNpemUiOnsid2lkdGgiOjQwMH19fQ==,
Nike A'ja Wilson A One Gold Dynasty (Women's),Nike," IDR 1,850,000",https://cdn-old.kickavenue.com/eyJidWNrZXQiOiJraWNrYXZlbnVlLWFzc2V0cyIsImtleSI6InByb2R1Y3RzLzE0MzgwOC9hYjA0MjdmZTFhNTllNjUzMjFkNjcxMzA3NDhjMmI4NC5wbmciLCJlZGl0cyI6eyJyZXNpemUiOnsid2lkdGgiOjQwMH19fQ==,
Nike Field General Suede Thunder Blue Pink Foam (Women's),Nike," IDR 1,500,000",https://cdn-old.kickavenue.com/eyJidWNrZXQiOiJraWNrYXZlbnVlLWFzc2V0cyIsImtleSI6InByb2R1Y3RzLzE0MjkxOC85ZGViMDk2MTM0MTM5ZjcxZDAxY2Q0OWMyYzZmMzNiOC5wbmciLCJlZGl0cyI6eyJyZXNpemUiOnsid2lkdGgiOjQwMH19fQ==," IDR 1,897,500"
Nike Blazer Low Triple White (Women's),Nike," IDR 730,000",https://cdn-old.kickavenue.com/eyJidWNrZXQiOiJraWNrYXZlbnVlLWFzc2V0cyIsImtleSI6InByb2R1Y3RzLzIxOTE0LzdkYzk0ZmQyODljNjQ1YzBhMjgxYTNhMmVjNmFjMGZiLnBuZyIsImVkaXRzIjp7InJlc2l6ZSI6eyJ3aWR0aCI6NDAwfX19," IDR 1,200,000"
Air Jordan 1 Retro High Silver Toe (Women's),Air Jordan," IDR 1,840,000",https://cdn-old.kickavenue.com/eyJidWNrZXQiOiJraWNrYXZlbnVlLWFzc2V0cyIsImtleSI6InByb2R1Y3RzLzE3MDQyL2QyMTk4ZGVmZWIzYzIxMTc5OTAyOTlhYTRlNjRhMjE5LnBuZyIsImVkaXRzIjp7InJlc2l6ZSI6eyJ3aWR0aCI6NDAwfX19,
Adidas Gazelle Blue Orchid Fusion (Women's),Adidas," IDR 1,100,000",https://cdn-old.kickavenue.com/eyJidWNrZXQiOiJraWNrYXZlbnVlLWFzc2V0cyIsImtleSI6InByb2R1Y3RzLzEyNzA3OC9mZmVkYWYwMDNmMDg1YTVmOTBmZjY3ZjQ5ZjYyZjEwNC5wbmciLCJlZGl0cyI6eyJyZXNpemUiOnsid2lkdGgiOjQwMH19fQ==,
Nike Blazer Mid '77 Next Nature White Black (Women's),Nike," IDR 950,000",https://cdn-old.kickavenue.com/eyJidWNrZXQiOiJraWNrYXZlbnVlLWFzc2V0cyIsImtleSI6InByb2R1Y3RzLzI2OTMyL2UyYTY1ZDJiM2M5ZWVmNzE3YWZmYmI3YmEwM2NhNWNkLnBuZyIsImVkaXRzIjp7InJlc2l6ZSI6eyJ3aWR0aCI6NDAwfX19," IDR 1,650,000"
On Running Cloudsurfer Next Ivory Nimbus (Women's),ON Running," IDR 3,200,000",https://cdn-old.kickavenue.com/eyJidWNrZXQiOiJraWNrYXZlbnVlLWFzc2V0cyIsImtleSI6InByb2R1Y3RzLzE0Njc0Ny83ODYzZWU5OTZkYzBmMzYwZWQwOWQ0M2E2ZTJkYTU3NC5wbmciLCJlZGl0cyI6eyJyZXNpemUiOnsid2lkdGgiOjQwMH19fQ==,
New Balance 550 Lilac (Women's),New Balance," IDR 950,000",https://cdn-old.kickavenue.com/eyJidWNrZXQiOiJraWNrYXZlbnVlLWFzc2V0cyIsImtleSI6InByb2R1Y3RzLzY4MTk4L2FhZmRhMTdkMjA5MTM4NjYxNWEwYmQ4Y2UwNmY1Y2I4LnBuZyIsImVkaXRzIjp7InJlc2l6ZSI6eyJ3aWR0aCI6NDAwfX19," IDR 1,999,000"
Adidas Samba OG Off White Dark Brown (Women's),Adidas," IDR 2,650,000",https://cdn-old.kickavenue.com/eyJidWNrZXQiOiJraWNrYXZlbnVlLWFzc2V0cyIsImtleSI6InByb2R1Y3RzLzEzNTc3Ni9jMTc1ZjExMzc0ZWJmNWI4MWNiMmJhZjlkMDY3ODEzMC5wbmciLCJlZGl0cyI6eyJyZXNpemUiOnsid2lkdGgiOjQwMH19fQ==,
Nike Bella Kai Thong Barely Rose (Women's),Nike," IDR 200,000",https://cdn-old.kickavenue.com/eyJidWNrZXQiOiJraWNrYXZlbnVlLWFzc2V0cyIsImtleSI6InByb2R1Y3RzLzc4OTE2LzQ0NzNmMWQ3N2UwNjJlZjI2MzNlZDBlZTllYzE4ZGUwLnBuZyIsImVkaXRzIjp7InJlc2l6ZSI6eyJ3aWR0aCI6NDAwfX19,
Nike Air Force 1 Low '07 SE Just Do It Photon Dust Team Red (Women's),Nike," IDR 1,390,000",https://cdn-old.kickavenue.com/eyJidWNrZXQiOiJraWNrYXZlbnVlLWFzc2V0cyIsImtleSI6InByb2R1Y3RzLzQzNzE2LzM1MTE4ODg3ZGE5ZTg3NzVmNDc5ODMwOWI3YzQ4ZjY2LmpwZWciLCJlZGl0cyI6eyJyZXNpemUiOnsid2lkdGgiOjQwMH19fQ==," IDR 1,815,000"
Nike Dunk High Up Varsity Maize (Women's),Nike," IDR 850,000",https://cdn-old.kickavenue.com/eyJidWNrZXQiOiJraWNrYXZlbnVlLWFzc2V0cyIsImtleSI6InByb2R1Y3RzLzM2NDM4LzBjOGU4NzE1Y2RlMWI5MjE1MmJiYTI1ZjAyYzNmZTRmLnBuZyIsImVkaXRzIjp7InJlc2l6ZSI6eyJ3aWR0aCI6NDAwfX19," IDR 1,980,000"
New Balance Fresh Foam X Hierro v7 Timberwolf Workwear (Women's),New Balance," IDR 1,980,000",https://cdn-old.kickavenue.com/eyJidWNrZXQiOiJraWNrYXZlbnVlLWFzc2V0cyIsImtleSI6InByb2R1Y3RzLzk5Nzk4LzA5NTYzZjlhN2IzMWZjYjQyMDhjOGU4NDVhMDdiMmU3LnBuZyIsImVkaXRzIjp7InJlc2l6ZSI6eyJ3aWR0aCI6NDAwfX19,
Nike Zoom Vomero 5 Design By Japan (Women's),Nike," IDR 3,230,000",https://cdn-old.kickavenue.com/eyJidWNrZXQiOiJraWNrYXZlbnVlLWFzc2V0cyIsImtleSI6InByb2R1Y3RzLzk2NzIwLzQzOWI5MWUyMjUyY2I3NDAyYzkyZjdmNjA4NzRlOWY4LnBuZyIsImVkaXRzIjp7InJlc2l6ZSI6eyJ3aWR0aCI6NDAwfX19,
Nike Air Max Plus Red Sepia Silt Red (Women's),Nike," IDR 3,150,000",https://cdn-old.kickavenue.com/eyJidWNrZXQiOiJraWNrYXZlbnVlLWFzc2V0cyIsImtleSI6InByb2R1Y3RzLzE0NDE0NC8zYTE4NjhiZDNhOWY4NjI3ODNkZjU4OTdkODFjZjc0YS5wbmciLCJlZGl0cyI6eyJyZXNpemUiOnsid2lkdGgiOjQwMH19fQ==,
Adidas Gazelle Indoor Wonder Clay Gum (Women's),Adidas," IDR 1,200,000",https://cdn-old.kickavenue.com/eyJidWNrZXQiOiJraWNrYXZlbnVlLWFzc2V0cyIsImtleSI6InByb2R1Y3RzLzEwOTUxMy80MmE5YmYzYzg3MDViNTI5MmIyYWU0M2MzYmM2MGJiMi5wbmciLCJlZGl0cyI6eyJyZXNpemUiOnsid2lkdGgiOjQwMH19fQ==,
ASICS Gel Nimbus 27 White Glacier Grey (Women's),ASICS," IDR 1,750,000",https://cdn-old.kickavenue.com/eyJidWNrZXQiOiJraWNrYXZlbnVlLWFzc2V0cyIsImtleSI6InByb2R1Y3RzLzExOTA0MC9jNTIyNmRiNGY5ZGFkNzVlNDA4MTE0Njk3ZjE1MjUwOS5wbmciLCJlZGl0cyI6eyJyZXNpemUiOnsid2lkdGgiOjQwMH19fQ==,
Nike Air Max Muse Desert Sand Plata Metalizado Metallic Pewter (Women's),Nike," IDR 1,400,000",https://cdn-old.kickavenue.com/eyJidWNrZXQiOiJraWNrYXZlbnVlLWFzc2V0cyIsImtleSI6InByb2R1Y3RzLzE0NDE1My8yYWQ1NWE5MzAxOGM2Mzg1N2RhNDBlNGVkNDJiMWZiNi5wbmciLCJlZGl0cyI6eyJyZXNpemUiOnsid2lkdGgiOjQwMH19fQ==,
Nike Dunk Low Sail White Light British Tan (Women's),Nike," IDR 2,100,000",https://cdn-old.kickavenue.com/eyJidWNrZXQiOiJraWNrYXZlbnVlLWFzc2V0cyIsImtleSI6InByb2R1Y3RzLzE1MTY2My8yMTBiN2Y0MzRhYTJiZmJkZGUwYzE5NDkwNjI5NWZkOS5wbmciLCJlZGl0cyI6eyJyZXNpemUiOnsid2lkdGgiOjQwMH19fQ==,
Air Jordan 1 Low Football Grey Aluminum (Women's),Air Jordan," IDR 980,000",https://cdn-old.kickavenue.com/eyJidWNrZXQiOiJraWNrYXZlbnVlLWFzc2V0cyIsImtleSI6InByb2R1Y3RzLzMwMDk2L2M4NjRkYjU2MDlkZDU3YWZjMWRmZDA0NTI2ZWE5MmVjLnBuZyIsImVkaXRzIjp7InJlc2l6ZSI6eyJ3aWR0aCI6NDAwfX19," IDR 1,650,000"
Adidas Gazelle Indoor Hazy Green Crew Yellow (Women's),Adidas," IDR 1,150,000",https://cdn-old.kickavenue.com/eyJidWNrZXQiOiJraWNrYXZlbnVlLWFzc2V0cyIsImtleSI6InByb2R1Y3RzLzExMDU3Ny9iZTgwMDBlNDVlY2M4NjNjN2ZkMTUxNmIwM2FmYzI2Yi5wbmciLCJlZGl0cyI6eyJyZXNpemUiOnsid2lkdGgiOjQwMH19fQ==," IDR 1,980,000"
Adidas Japan Black White (Women's),Adidas," IDR 1,300,000",https://cdn-old.kickavenue.com/eyJidWNrZXQiOiJraWNrYXZlbnVlLWFzc2V0cyIsImtleSI6InByb2R1Y3RzLzExMjE5OC9hYTc3YzBkODc2NzJkNzFhMzQ5YWUxMmNlNGUzZmI4Mi5wbmciLCJlZGl0cyI6eyJyZXNpemUiOnsid2lkdGgiOjQwMH19fQ==,
New Balance 993 MiUSA Grey (Women's),New Balance," IDR 2,490,000",https://cdn-old.kickavenue.com/eyJidWNrZXQiOiJraWNrYXZlbnVlLWFzc2V0cyIsImtleSI6InByb2R1Y3RzLzcwOTU1LzMzODRjNjQ4MWRlMDc3ODdmZTc4NGVmOGQ5MGQyYWVlLnBuZyIsImVkaXRzIjp7InJlc2l6ZSI6eyJ3aWR0aCI6NDAwfX19," IDR 2,557,500"
Hoka One One Clifton 10 Carnation Starlight Glow (Women's),HOKA," IDR 1,810,000",https://cdn-old.kickavenue.com/eyJidWNrZXQiOiJraWNrYXZlbnVlLWFzc2V0cyIsImtleSI6InByb2R1Y3RzLzEyODc2Ny85OTE2ODE5OWYyYTcxODdkMDk3MDdmZGQ0YmQ2ZmZlZS5wbmciLCJlZGl0cyI6eyJyZXNpemUiOnsid2lkdGgiOjQwMH19fQ==," IDR 2,475,000"
Hoka One One Clifton 10 Frost Orange Zest (Women's),HOKA," IDR 2,500,000",https://cdn-old.kickavenue.com/eyJidWNrZXQiOiJraWNrYXZlbnVlLWFzc2V0cyIsImtleSI6InByb2R1Y3RzLzEyODc2MS81NGQ0MDYwYWRjMjhhYTlhNWY2YTU0ZDUwY2UzM2NmYy5wbmciLCJlZGl0cyI6eyJyZXNpemUiOnsid2lkdGgiOjQwMH19fQ==,
Nike Gamma White Smoke Grey (Women's),Nike," IDR 690,000",https://cdn-old.kickavenue.com/eyJidWNrZXQiOiJraWNrYXZlbnVlLWFzc2V0cyIsImtleSI6InByb2R1Y3RzLzEwMzM2MC9hYTBhYTIwYzA3MTRiYjZhNGVjMTJiZWE0MWRhZGNkMS5wbmciLCJlZGl0cyI6eyJyZXNpemUiOnsid2lkdGgiOjQwMH19fQ==,
On Running Cloudmonster 2 Ivory Silver Red (Women's),ON Running," IDR 4,680,000",https://cdn-old.kickavenue.com/eyJidWNrZXQiOiJraWNrYXZlbnVlLWFzc2V0cyIsImtleSI6InByb2R1Y3RzLzE1MDI2Mi9kMTBiZDFiZWIzNmU5MDY2NzllNGQ5ZjZkZGM5M2M5Zi5wbmciLCJlZGl0cyI6eyJyZXNpemUiOnsid2lkdGgiOjQwMH19fQ==,
Air Jordan 1 Low Sport Blue Gym Red (Women's),Air Jordan," IDR 1,300,000",https://cdn-old.kickavenue.com/eyJidWNrZXQiOiJraWNrYXZlbnVlLWFzc2V0cyIsImtleSI6InByb2R1Y3RzLzYyMzAwLzA2MjkwZWU0OTkzYTAyNmViNjkwZTdlYmIwNmVlYjEzLmpwZWciLCJlZGl0cyI6eyJyZXNpemUiOnsid2lkdGgiOjQwMH19fQ==," IDR 1,815,000"
Nike Court Vision Alta Low Triple White (Women's),Nike," IDR 700,000",https://cdn-old.kickavenue.com/eyJidWNrZXQiOiJraWNrYXZlbnVlLWFzc2V0cyIsImtleSI6InByb2R1Y3RzLzM5NjIyLzY1N2EwNzc0NTk4ZDQ4NDgzOTlkMGU4YTI0ZDZiODI0LnBuZyIsImVkaXRzIjp7InJlc2l6ZSI6eyJ3aWR0aCI6NDAwfX19," IDR 1,320,000"
Adidas Sambae White Collegiate Green Gum (Women's),Adidas," IDR 1,250,000",https://cdn-old.kickavenue.com/eyJidWNrZXQiOiJraWNrYXZlbnVlLWFzc2V0cyIsImtleSI6InByb2R1Y3RzLzc2NjA5LzIwZGE3N2FhZTg3ZTM1ZDcxMmJiNDRjZjhiYjI2MmEwLnBuZyIsImVkaXRzIjp7InJlc2l6ZSI6eyJ3aWR0aCI6NDAwfX19," IDR 1,815,000"
Nike Air Force 1 Low '07 Essential White Green Paisley (Women's),Nike," IDR 1,150,000",https://cdn-old.kickavenue.com/eyJidWNrZXQiOiJraWNrYXZlbnVlLWFzc2V0cyIsImtleSI6InByb2R1Y3RzLzMwMzE1Lzc0OGQ4ZjUyM2NkZjJlYTEwOTQzMGJlYjQ4YTdlNGUxLnBuZyIsImVkaXRzIjp7InJlc2l6ZSI6eyJ3aWR0aCI6NDAwfX19," IDR 1,650,000"
Nike Air Zoom Vomero 5 Primary Colors (Women's),Nike," IDR 2,470,000",https://cdn-old.kickavenue.com/eyJidWNrZXQiOiJraWNrYXZlbnVlLWFzc2V0cyIsImtleSI6InByb2R1Y3RzLzkwMDIwLzNlZDA1MDlkZDk1YWM2N2VhZTZjNTIzMmE4ZThmMTc0LnBuZyIsImVkaXRzIjp7InJlc2l6ZSI6eyJ3aWR0aCI6NDAwfX19,
On Running Cloudmonster Hyper POST ARCHIVE FACTION White (Women's),ON Running," IDR 6,800,000",https://cdn-old.kickavenue.com/eyJidWNrZXQiOiJraWNrYXZlbnVlLWFzc2V0cyIsImtleSI6InByb2R1Y3RzLzE0NDQ0OS9iZmNlY2VmYjk2NzBiZTlmMDdkYTdmY2Y0YWUyMzA3My5wbmciLCJlZGl0cyI6eyJyZXNpemUiOnsid2lkdGgiOjQwMH19fQ==,
Air Jordan 1 Low Dark Beetroot (Women's),Air Jordan," IDR 1,000,000",https://cdn-old.kickavenue.com/eyJidWNrZXQiOiJraWNrYXZlbnVlLWFzc2V0cyIsImtleSI6InByb2R1Y3RzLzM2Mjc3LzgyNmI2MjQyZmQ3ZTZmMDk5OTRiZmI5ODdjNGFjM2IzLnBuZyIsImVkaXRzIjp7InJlc2l6ZSI6eyJ3aWR0aCI6NDAwfX19," IDR 1,980,000"
New Balance 327 Stone Pink (Women's),New Balance," IDR 1,500,000",https://cdn-old.kickavenue.com/eyJidWNrZXQiOiJraWNrYXZlbnVlLWFzc2V0cyIsImtleSI6InByb2R1Y3RzLzU4MTU5LzEwZDkxOWUxN2U2ZDFmNjZjMDljY2U3MzBjODFjNDRiLnBuZyIsImVkaXRzIjp7InJlc2l6ZSI6eyJ3aWR0aCI6NDAwfX19," IDR 1,980,000"
Nike Zoom Vomero 5 Plum Eclipse (Women's),Nike," IDR 1,900,000",https://cdn-old.kickavenue.com/eyJidWNrZXQiOiJraWNrYXZlbnVlLWFzc2V0cyIsImtleSI6InByb2R1Y3RzLzc0MzIyLzRlYTE5ZWJjZDY4MWUzOWNkY2FlODk4M2RiOGY0MDRiLnBuZyIsImVkaXRzIjp7InJlc2l6ZSI6eyJ3aWR0aCI6NDAwfX19,
Air Jordan 1 Mid SE Light Iron Ore (Women's),Air Jordan," IDR 1,700,000",https://cdn-old.kickavenue.com/eyJidWNrZXQiOiJraWNrYXZlbnVlLWFzc2V0cyIsImtleSI6InByb2R1Y3RzLzI5MzA4LzFkOWMzNTYzNzI5NjI1NWI2YWQ2Y2M3ZjViM2NkMGViLnBuZyIsImVkaXRzIjp7InJlc2l6ZSI6eyJ3aWR0aCI6NDAwfX19," IDR 1,980,000"
Air Jordan 1 Low Sunset Haze (Women's),Air Jordan," IDR 800,000",https://cdn-old.kickavenue.com/eyJidWNrZXQiOiJraWNrYXZlbnVlLWFzc2V0cyIsImtleSI6InByb2R1Y3RzLzQyNTYxLzc4ZmNlMWFmOTEwNGM3YTIyOWE3YTExZGI1NWE5ZGIwLnBuZyIsImVkaXRzIjp7InJlc2l6ZSI6eyJ3aWR0aCI6NDAwfX19," IDR 1,815,000"
Adidas Samba OG Black Embroidered Floral (Women's),Adidas," IDR 1,700,000",https://cdn-old.kickavenue.com/eyJidWNrZXQiOiJraWNrYXZlbnVlLWFzc2V0cyIsImtleSI6InByb2R1Y3RzLzExMDQzMy85ZGM3MTE5Yjc3MDQzNDQyOGU1NjJhZjRkMDY3MDU3OC5wbmciLCJlZGl0cyI6eyJyZXNpemUiOnsid2lkdGgiOjQwMH19fQ==,
Adidas Samba OG White Alumina Ash Blue (Women's),Adidas," IDR 2,100,000",https://cdn-old.kickavenue.com/eyJidWNrZXQiOiJraWNrYXZlbnVlLWFzc2V0cyIsImtleSI6InByb2R1Y3RzLzEzNTUxNi80ODJlMjhkN2Y0NDA4MTkxZWUwMjczYmI4NGY0ZWI0ZS5wbmciLCJlZGl0cyI6eyJyZXNpemUiOnsid2lkdGgiOjQwMH19fQ==,
Nike Air Force 1 Low Our Force 1 Snakeskin (Women's),Nike," IDR 940,000",https://cdn-old.kickavenue.com/eyJidWNrZXQiOiJraWNrYXZlbnVlLWFzc2V0cyIsImtleSI6InByb2R1Y3RzLzMyMTgzLzBlOWQ4NzFiNDczYjg1MWM2ZTY3OTkwMjNkOWVmMDgzLnBuZyIsImVkaXRzIjp7InJlc2l6ZSI6eyJ3aWR0aCI6NDAwfX19," IDR 1,732,500"
Air Jordan 1 Mid Olive Toe (Women's),Air Jordan," IDR 1,090,000",https://cdn-old.kickavenue.com/eyJidWNrZXQiOiJraWNrYXZlbnVlLWFzc2V0cyIsImtleSI6InByb2R1Y3RzLzM3NDc5L2ZiMGQwNmYzNGNhYWU3ZTY0NDEwNzdjYzg1NjA2OWI1LnBuZyIsImVkaXRzIjp7InJlc2l6ZSI6eyJ3aWR0aCI6NDAwfX19," IDR 2,227,500"
Air Jordan 1 Elevate Low Dark Beetroot (Women's),Air Jordan," IDR 1,070,000",https://cdn-old.kickavenue.com/eyJidWNrZXQiOiJraWNrYXZlbnVlLWFzc2V0cyIsImtleSI6InByb2R1Y3RzLzMzNzA1Lzk5ZjJmYzk5MzM4MjQ1YzhkZjVjMzJiZGJmZWRiMzI2LnBuZyIsImVkaXRzIjp7InJlc2l6ZSI6eyJ3aWR0aCI6NDAwfX19," IDR 2,227,500"
Nike Vomero Plus Summit White Phantom Chalk (Women's),Nike," IDR 2,880,000",https://cdn-old.kickavenue.com/eyJidWNrZXQiOiJraWNrYXZlbnVlLWFzc2V0cyIsImtleSI6InByb2R1Y3RzLzE1MjAxNy8wMTExYmNjNjNjOWY5NzNmMTcyNjhkZmZhYjRlYmQ5OC5wbmciLCJlZGl0cyI6eyJyZXNpemUiOnsid2lkdGgiOjQwMH19fQ==," IDR 2,970,000"
Nike Dunk Low Pale Ivory Redwood (Women's),Nike," IDR 1,600,000",https://cdn-old.kickavenue.com/eyJidWNrZXQiOiJraWNrYXZlbnVlLWFzc2V0cyIsImtleSI6InByb2R1Y3RzLzQyMjI0L2U5NjI5MWJlMmRjY2IwOTk5ZDNmMjY3NjkzMTExYWU4LmpwZWciLCJlZGl0cyI6eyJyZXNpemUiOnsid2lkdGgiOjQwMH19fQ==,
Nike Air Force 1 Low LXX Vechetta Tan (Women's),Nike," IDR 2,300,000",https://cdn-old.kickavenue.com/eyJidWNrZXQiOiJraWNrYXZlbnVlLWFzc2V0cyIsImtleSI6InByb2R1Y3RzLzQwMTU3L2EwZjUyOThlYTBhYTlhZTI5ZTllY2RkYzk3ODM1YWZkLmpwZWciLCJlZGl0cyI6eyJyZXNpemUiOnsid2lkdGgiOjQwMH19fQ==," IDR 2,310,000"
Nike Air Pegasus 2005 COR Ashen Slate (Women's),Nike," IDR 1,450,000",https://cdn-old.kickavenue.com/eyJidWNrZXQiOiJraWNrYXZlbnVlLWFzc2V0cyIsImtleSI6InByb2R1Y3RzLzEwOTE1MS82ZTNjMmUzZjIwOWNmZWE1YzRmYWU1ODZkOWU5OGJkZC5wbmciLCJlZGl0cyI6eyJyZXNpemUiOnsid2lkdGgiOjQwMH19fQ==,
Puma Palermo Moda Xtra Poison Pink Redmazing (Women's),Puma," IDR 840,000",https://cdn-old.kickavenue.com/eyJidWNrZXQiOiJraWNrYXZlbnVlLWFzc2V0cyIsImtleSI6InByb2R1Y3RzLzEzNjM1NC9mYzAzZDlmYzk5NDgzMDEwY2EwMDBiYTk4NjQzYmRjMi5wbmciLCJlZGl0cyI6eyJyZXNpemUiOnsid2lkdGgiOjQwMH19fQ==," IDR 1,650,000"
Air Jordan 1 Mid Dark Teal Green (Women's),Air Jordan," IDR 2,400,000",https://cdn-old.kickavenue.com/eyJidWNrZXQiOiJraWNrYXZlbnVlLWFzc2V0cyIsImtleSI6InByb2R1Y3RzLzMxMjQ4L2JkYTE3MWQ4Nzg2Y2U3MzA4YjllMDg0OGVjZjAxMGM1LnBuZyIsImVkaXRzIjp7InJlc2l6ZSI6eyJ3aWR0aCI6NDAwfX19,
Adidas Taekwondo Mei Ballet White Black (Women's),Adidas," IDR 1,610,000",https://cdn-old.kickavenue.com/eyJidWNrZXQiOiJraWNrYXZlbnVlLWFzc2V0cyIsImtleSI6InByb2R1Y3RzLzEyNzg0OS8yNDgwNGNjMDVhMTJjYjI0ZWJhNzJmZTk5MDAzMmIyOS5wbmciLCJlZGl0cyI6eyJyZXNpemUiOnsid2lkdGgiOjQwMH19fQ==,
On Running Cloudmonster Moon Fawn (Women's),ON Running," IDR 3,070,000",https://cdn-old.kickavenue.com/eyJidWNrZXQiOiJraWNrYXZlbnVlLWFzc2V0cyIsImtleSI6InByb2R1Y3RzLzEwOTMwOS83YjM2MTA0ZWNjODc4MTc0ZGRjZTRjOWM2YTM2ZWVkOS5wbmciLCJlZGl0cyI6eyJyZXNpemUiOnsid2lkdGgiOjQwMH19fQ==,
Adidas Samba OG Mineral Green (Women's),Adidas," IDR 2,500,000",https://cdn-old.kickavenue.com/eyJidWNrZXQiOiJraWNrYXZlbnVlLWFzc2V0cyIsImtleSI6InByb2R1Y3RzLzExMDMzMi9hZjZlNmQxNWU5NThhNWU0Mzk0NjNiOTY4YTVlMjBmYy5wbmciLCJlZGl0cyI6eyJyZXNpemUiOnsid2lkdGgiOjQwMH19fQ==,
Nike Air Force 1 Low Retro Premium Ribbon Lace Pink Foam (Women's),Nike," IDR 3,000,000",https://cdn-old.kickavenue.com/eyJidWNrZXQiOiJraWNrYXZlbnVlLWFzc2V0cyIsImtleSI6InByb2R1Y3RzLzE1Njg0Ni9hMGIzYTQ3ZDliZGUwZjI1ODNkNjY0MzI0MDliYmQzNS5wbmciLCJlZGl0cyI6eyJyZXNpemUiOnsid2lkdGgiOjQwMH19fQ==,
Nike Winflo 11 SE Cave Purple Metallic Silver (Women's),Nike," IDR 1,050,000",https://cdn-old.kickavenue.com/eyJidWNrZXQiOiJraWNrYXZlbnVlLWFzc2V0cyIsImtleSI6InByb2R1Y3RzLzE1MDc4NC8wMjZjOWQ5MDk2Nzc3OGJjZjBiOWMxMGJlMTU0YTc5Yi5wbmciLCJlZGl0cyI6eyJyZXNpemUiOnsid2lkdGgiOjQwMH19fQ==,
Air Jordan 1 Low SE Denim Worn Blue (Women's),Air Jordan," IDR 1,750,000",https://cdn-old.kickavenue.com/eyJidWNrZXQiOiJraWNrYXZlbnVlLWFzc2V0cyIsImtleSI6InByb2R1Y3RzLzEzOTk2MS80OGRmNzJkZGZjNmQ4ZTM4M2FkODc2YjE2MDA2YzUwMy5wbmciLCJlZGl0cyI6eyJyZXNpemUiOnsid2lkdGgiOjQwMH19fQ==," IDR 2,145,000"
Air Jordan Flight Court Black Rattan Coconut Milk (Women's),Air Jordan," IDR 1,400,000",https://cdn-old.kickavenue.com/eyJidWNrZXQiOiJraWNrYXZlbnVlLWFzc2V0cyIsImtleSI6InByb2R1Y3RzLzE0NTA0Ny9lNTVlMjY0YTcwOGZmMWI1NGRjMTgyZDQwMDQxYzFjNi5wbmciLCJlZGl0cyI6eyJyZXNpemUiOnsid2lkdGgiOjQwMH19fQ==," IDR 1,732,500"
Nike Revolution 7 Black White (Women's),Nike," IDR 500,000",https://cdn-old.kickavenue.com/eyJidWNrZXQiOiJraWNrYXZlbnVlLWFzc2V0cyIsImtleSI6InByb2R1Y3RzLzg3OTE3LzExNzliODI2OWM3YjA1MDExOGVjNzdhMjc1YTFjODM0LnBuZyIsImVkaXRzIjp7InJlc2l6ZSI6eyJ3aWR0aCI6NDAwfX19,
Adidas SL 72 Collegiate Green (Women's),Adidas," IDR 890,000",https://cdn-old.kickavenue.com/eyJidWNrZXQiOiJraWNrYXZlbnVlLWFzc2V0cyIsImtleSI6InByb2R1Y3RzLzEwMzIwNi84NDA5NWMzYTVjYTdmMDlkMjliM2Q5ZDMzYmRjYjBmNi5wbmciLCJlZGl0cyI6eyJyZXNpemUiOnsid2lkdGgiOjQwMH19fQ==," IDR 1,650,000"
Air Jordan 4 Retro Vivid Sulfur (Women's),Air Jordan," IDR 1,800,000",https://cdn-old.kickavenue.com/eyJidWNrZXQiOiJraWNrYXZlbnVlLWFzc2V0cyIsImtleSI6InByb2R1Y3RzLzEwMzQyNC8wMDVjMGY3ZTI0ZTViZDdiYjY5YmVlNTZkZjViYjk4Zi5wbmciLCJlZGl0cyI6eyJyZXNpemUiOnsid2lkdGgiOjQwMH19fQ==," IDR 3,465,000"
Nike Shox Z White Light Magenta (Women's),Nike," IDR 2,450,000",https://cdn-old.kickavenue.com/eyJidWNrZXQiOiJraWNrYXZlbnVlLWFzc2V0cyIsImtleSI6InByb2R1Y3RzLzE1MjI5Mi9hZDBjYjNkZDJhZDIxZWZmMGZjYzE4YTYzOWY3Mzk5YS5wbmciLCJlZGl0cyI6eyJyZXNpemUiOnsid2lkdGgiOjQwMH19fQ==,
Air Jordan 1 High OG First in Flight (Women's),Air Jordan," IDR 3,030,000",https://cdn-old.kickavenue.com/eyJidWNrZXQiOiJraWNrYXZlbnVlLWFzc2V0cyIsImtleSI6InByb2R1Y3RzLzEwNzk4OC9iZmE4YzdjNmMwOTdmYzUzZTQzMjhhNjA2OWQ4ZTc2OS5wbmciLCJlZGl0cyI6eyJyZXNpemUiOnsid2lkdGgiOjQwMH19fQ==,
Adidas Handball Spezial Light Sky Blue Gum (Women's),Adidas," IDR 1,640,000",https://cdn-old.kickavenue.com/eyJidWNrZXQiOiJraWNrYXZlbnVlLWFzc2V0cyIsImtleSI6InByb2R1Y3RzLzk3MjkzL2M0NGI2ZTk2NWZiYmYxYTIwMGE2NWVlYmU0ZTA5MmQzLnBuZyIsImVkaXRzIjp7InJlc2l6ZSI6eyJ3aWR0aCI6NDAwfX19,
Adidas Samba OG Black Wonder Quartz Ribbon (Women's),Adidas," IDR 2,270,000",https://cdn-old.kickavenue.com/eyJidWNrZXQiOiJraWNrYXZlbnVlLWFzc2V0cyIsImtleSI6InByb2R1Y3RzLzExMzgwMS9jMTI0ZTZlOGIyM2I1Mzk0MzFjMTViNmVlYWY3MGZmNi5wbmciLCJlZGl0cyI6eyJyZXNpemUiOnsid2lkdGgiOjQwMH19fQ==,
Adidas Adizero Evo SL White Blue Fusion (Women's),Adidas," IDR 2,330,000",https://cdn-old.kickavenue.com/eyJidWNrZXQiOiJraWNrYXZlbnVlLWFzc2V0cyIsImtleSI6InByb2R1Y3RzLzEzMjcxOS85ZTI4NmM5YmMxN2RhYWQyNzU4Y2M5ZjViZjY0NTlmZi5wbmciLCJlZGl0cyI6eyJyZXNpemUiOnsid2lkdGgiOjQwMH19fQ==," IDR 2,475,000"
Air Jordan Pointe Black Sail (Women's),Air Jordan," IDR 3,000,000",https://cdn-old.kickavenue.com/eyJidWNrZXQiOiJraWNrYXZlbnVlLWFzc2V0cyIsImtleSI6InByb2R1Y3RzLzE1NjIzMC9mMjNiNWJjNzQ0YTlhMGMwNDc5YjAyMDU2MGJlMjk3NS5wbmciLCJlZGl0cyI6eyJyZXNpemUiOnsid2lkdGgiOjQwMH19fQ==,
Air Jordan 1 Mid White Yellow (Women's),Air Jordan," IDR 750,000",https://cdn-old.kickavenue.com/eyJidWNrZXQiOiJraWNrYXZlbnVlLWFzc2V0cyIsImtleSI6InByb2R1Y3RzLzMzMDAzL2VlZTFkNmZhNDg2Mzk3ZTQ3YmMyNjRjZWEwMWU3MjQ5LnBuZyIsImVkaXRzIjp7InJlc2l6ZSI6eyJ3aWR0aCI6NDAwfX19," IDR 1,980,000"
Puma Palermo Astro Escape Silver (Women's),Puma," IDR 1,510,000",https://cdn-old.kickavenue.com/eyJidWNrZXQiOiJraWNrYXZlbnVlLWFzc2V0cyIsImtleSI6InByb2R1Y3RzLzEzNDQxOS8xNzNhMGViZmQ5YmJiOTI4MWJkNDI2YTVhZTg0ZGVhOS5wbmciLCJlZGl0cyI6eyJyZXNpemUiOnsid2lkdGgiOjQwMH19fQ==,
Adidas Taekwondo Mei Ballet Silver Metallic Gum (Women's),Adidas," IDR 2,050,000",https://cdn-old.kickavenue.com/eyJidWNrZXQiOiJraWNrYXZlbnVlLWFzc2V0cyIsImtleSI6InByb2R1Y3RzLzEyNzg1MC8zOWJkYTYwMjY4ZGFkYTZjZDdjNjZmYTY3NTNlMjA3MC5wbmciLCJlZGl0cyI6eyJyZXNpemUiOnsid2lkdGgiOjQwMH19fQ==,
Adidas Gazelle Bold Earth Strata (Women's),Adidas," IDR 990,000",https://cdn-old.kickavenue.com/eyJidWNrZXQiOiJraWNrYXZlbnVlLWFzc2V0cyIsImtleSI6InByb2R1Y3RzLzEzMjM1Mi9iYzZhMTI1ZjU3Yjk3Zjc0MzQ5NzcxYjlmYjkzMWVjNi5wbmciLCJlZGl0cyI6eyJyZXNpemUiOnsid2lkdGgiOjQwMH19fQ==,
New Balance 237v1 Night Air (Women's),New Balance," IDR 1,300,000",https://cdn-old.kickavenue.com/eyJidWNrZXQiOiJraWNrYXZlbnVlLWFzc2V0cyIsImtleSI6InByb2R1Y3RzLzM2MjQ0LzlmYjVlM2M5NGNkOTE0OGU0NzNkNTgyZDUwMWVlNGQxLnBuZyIsImVkaXRzIjp7InJlc2l6ZSI6eyJ3aWR0aCI6NDAwfX19," IDR 1,402,500"
New Balance 237 Blacktop Lilac Cloud (Women's),New Balance," IDR 880,000",https://cdn-old.kickavenue.com/eyJidWNrZXQiOiJraWNrYXZlbnVlLWFzc2V0cyIsImtleSI6InByb2R1Y3RzLzcwODcyL2JkNTdlMGI4NDdkZGE0MDAyNGRhYmE3ODcwM2NjNjJlLnBuZyIsImVkaXRzIjp7InJlc2l6ZSI6eyJ3aWR0aCI6NDAwfX19,
Adidas Ozweego Vivd Pink Solar Green (Women's),Adidas," IDR 590,000",https://cdn-old.kickavenue.com/eyJidWNrZXQiOiJraWNrYXZlbnVlLWFzc2V0cyIsImtleSI6InByb2R1Y3RzLzYwNTY2L2M2Mjc5NTgzMDZjNzY3ZDBhOGRmY2I2MDZmNGFiYmMzLmpwZWciLCJlZGl0cyI6eyJyZXNpemUiOnsid2lkdGgiOjQwMH19fQ==,
New Balance ROAV City Grit Pack (Women's),New Balance," IDR 650,000",https://cdn-old.kickavenue.com/eyJidWNrZXQiOiJraWNrYXZlbnVlLWFzc2V0cyIsImtleSI6InByb2R1Y3RzLzI4MjUxL2U1NWNlOTYyOGEyYmMwNzNhMDEzNWJjYmQyNzI4MDg1LnBuZyIsImVkaXRzIjp7InJlc2l6ZSI6eyJ3aWR0aCI6NDAwfX19," IDR 1,320,000"
New Balance 680 V6 (Women's),New Balance," IDR 1,000,000",https://cdn-old.kickavenue.com/eyJidWNrZXQiOiJraWNrYXZlbnVlLWFzc2V0cyIsImtleSI6InByb2R1Y3RzLzU5MjEzLzVkMTMyMGUwZDJkZGJhOThhNDc1NjAxZjc4NDc1ZDY4LmpwZWciLCJlZGl0cyI6eyJyZXNpemUiOnsid2lkdGgiOjQwMH19fQ==,
Converse Chuck Taylor All Star Lift Hi Ritual Red (Women's),Converse," IDR 850,000",https://cdn-old.kickavenue.com/eyJidWNrZXQiOiJraWNrYXZlbnVlLWFzc2V0cyIsImtleSI6InByb2R1Y3RzLzc2NTQ1L2UzNTM5MWZhNDk0MTU5MDVkZTliOGVlYTgwNjBlNTEzLnBuZyIsImVkaXRzIjp7InJlc2l6ZSI6eyJ3aWR0aCI6NDAwfX19,
Puma Carina 3.0 White Mauve Mist (Women's),Puma," IDR 950,000",https://cdn-old.kickavenue.com/eyJidWNrZXQiOiJraWNrYXZlbnVlLWFzc2V0cyIsImtleSI6InByb2R1Y3RzLzEzNjQ1NS82ZTQ1NWU3MjVkZmQyMTg4MzMyZjg5ODMxNDljYmQyOC5wbmciLCJlZGl0cyI6eyJyZXNpemUiOnsid2lkdGgiOjQwMH19fQ==,
MLB Bigball Chunky A New York Yankees Black (Women's),MLB," IDR 1,300,000",https://cdn-old.kickavenue.com/eyJidWNrZXQiOiJraWNrYXZlbnVlLWFzc2V0cyIsImtleSI6InByb2R1Y3RzLzk3MDMzL2M0NDYzMDk5YjRjZWY5YTc0ZmFmMzFmNzYxNzVkMTFkLnBuZyIsImVkaXRzIjp7InJlc2l6ZSI6eyJ3aWR0aCI6NDAwfX19,
Adidas Adizero Evo SL White Pure Teal (Women's),Adidas," IDR 2,800,000",https://cdn-old.kickavenue.com/eyJidWNrZXQiOiJraWNrYXZlbnVlLWFzc2V0cyIsImtleSI6InByb2R1Y3RzLzEzMjQ3Mi82NGJkNDQ0YmY5MWQzYmIwZGM2YjYzNjM1YzhlMzJlMi5wbmciLCJlZGl0cyI6eyJyZXNpemUiOnsid2lkdGgiOjQwMH19fQ==,
ASICS Gel-Nimbus 9 Cream Mineral Beige (Women's),ASICS," IDR 2,300,000",https://cdn-old.kickavenue.com/eyJidWNrZXQiOiJraWNrYXZlbnVlLWFzc2V0cyIsImtleSI6InByb2R1Y3RzLzY3MzI1Lzg3NzUwZDdkOGMwZTc1YzBiNzViZTAyOGIzZjlmMGE1LnBuZyIsImVkaXRzIjp7InJlc2l6ZSI6eyJ3aWR0aCI6NDAwfX19," IDR 2,640,000"
ON Running Cloud 6 Black White (Women's),ON Running," IDR 2,550,000",https://cdn-old.kickavenue.com/eyJidWNrZXQiOiJraWNrYXZlbnVlLWFzc2V0cyIsImtleSI6InByb2R1Y3RzLzEyMzUxMi84YWRhY2VlZDBlNTY3ODQ4Y2ZhMzI0YzM0MTQyY2I2MC5wbmciLCJlZGl0cyI6eyJyZXNpemUiOnsid2lkdGgiOjQwMH19fQ==,
Nike Air Max 90 LV8 White Team Gold (Women's),Nike," IDR 1,100,000",https://cdn-old.kickavenue.com/eyJidWNrZXQiOiJraWNrYXZlbnVlLWFzc2V0cyIsImtleSI6InByb2R1Y3RzLzE1MTM0MS9mZmYwM2ZhY2RiYzI0ZTA2N2Y2NzFmNDQ5MmQ4YjA4NC5wbmciLCJlZGl0cyI6eyJyZXNpemUiOnsid2lkdGgiOjQwMH19fQ==,
Puma Speedcat Mid LaQuan Smith Red Black (Women's),Puma," IDR 4,140,000",https://cdn-old.kickavenue.com/eyJidWNrZXQiOiJraWNrYXZlbnVlLWFzc2V0cyIsImtleSI6InByb2R1Y3RzLzEzNDI2Mi9jNzdiMzcxYTRhNjA1YTcyZWJiZTczNjI3MTdhMDM3My5wbmciLCJlZGl0cyI6eyJyZXNpemUiOnsid2lkdGgiOjQwMH19fQ==,
Nike Initiator Particle Pink Silt Red White (Women's),Nike," IDR 1,370,000",https://cdn-old.kickavenue.com/eyJidWNrZXQiOiJraWNrYXZlbnVlLWFzc2V0cyIsImtleSI6InByb2R1Y3RzLzE0NDI3NC82ZDM4ZTFiMzE4ZDAzYmQwMTMyMjY3YWZmZmIyMTBiOS5wbmciLCJlZGl0cyI6eyJyZXNpemUiOnsid2lkdGgiOjQwMH19fQ==,
Puma Teveris Nitro Thrifted Grey White (Women's),Puma," IDR 2,000,000",https://cdn-old.kickavenue.com/eyJidWNrZXQiOiJraWNrYXZlbnVlLWFzc2V0cyIsImtleSI6InByb2R1Y3RzLzc4ODk3L2QzNzQxOWYxNmYwZDE0ODdmOGZkOTQ2MTlhNmY0MjQ5LnBuZyIsImVkaXRzIjp7InJlc2l6ZSI6eyJ3aWR0aCI6NDAwfX19,
Adidas Superstar II Valentine's Day (2026) (Women's),Adidas," IDR 4,070,000",https://cdn-old.kickavenue.com/eyJidWNrZXQiOiJraWNrYXZlbnVlLWFzc2V0cyIsImtleSI6InByb2R1Y3RzLzE1MjcxMC8wYzM5NTcxNjc0NmMzMWJkNGYxMWQ3N2JhZTk4ZWQyYi5wbmciLCJlZGl0cyI6eyJyZXNpemUiOnsid2lkdGgiOjQwMH19fQ==,
Nike V2K Run Particle Beige (Women's),Nike," IDR 1,520,000",https://cdn-old.kickavenue.com/eyJidWNrZXQiOiJraWNrYXZlbnVlLWFzc2V0cyIsImtleSI6InByb2R1Y3RzLzEyODczMS9jMzk0Y2RhNDU2NzBjZmQ4MDU1Y2JiOGQxZjU0ZGQwYi5wbmciLCJlZGl0cyI6eyJyZXNpemUiOnsid2lkdGgiOjQwMH19fQ==,
Hoka One One Transport Eggnog (Women's),HOKA," IDR 2,550,000",https://cdn-old.kickavenue.com/eyJidWNrZXQiOiJraWNrYXZlbnVlLWFzc2V0cyIsImtleSI6InByb2R1Y3RzLzk3NDQ0LzcxZDI3NzNkZTVmYmY0MmRkNTU4ZGMyZmFkZTliODA1LnBuZyIsImVkaXRzIjp7InJlc2l6ZSI6eyJ3aWR0aCI6NDAwfX19,
On Running Cloudhorizon Alloy Frost (Women's),ON Running," IDR 4,770,000",https://cdn-old.kickavenue.com/eyJidWNrZXQiOiJraWNrYXZlbnVlLWFzc2V0cyIsImtleSI6InByb2R1Y3RzLzE0Njg3NC80Yjc3OWM4MDRmYWY1MTk3MWVlYjAxMDJkMzAyY2NmMS5wbmciLCJlZGl0cyI6eyJyZXNpemUiOnsid2lkdGgiOjQwMH19fQ==,
New Balance 574 Boulder Permafrost (Women's),New Balance," IDR 690,000",https://cdn-old.kickavenue.com/eyJidWNrZXQiOiJraWNrYXZlbnVlLWFzc2V0cyIsImtleSI6InByb2R1Y3RzLzE0MDE3MS9jNDhjY2E3OTg1NDk1MWU4NWQ0ZWY0YTQzZjQ4MWIwZS5wbmciLCJlZGl0cyI6eyJyZXNpemUiOnsid2lkdGgiOjQwMH19fQ==,
Nike Air Max 1 '87 Flax Sesame (Women's),Nike," IDR 950,000",https://cdn-old.kickavenue.com/eyJidWNrZXQiOiJraWNrYXZlbnVlLWFzc2V0cyIsImtleSI6InByb2R1Y3RzLzExMzY3MS82YjA1MzIyNjMzYzU0Yzg2YjA2NjkzYzc4YWU1NTYwOS5wbmciLCJlZGl0cyI6eyJyZXNpemUiOnsid2lkdGgiOjQwMH19fQ==," IDR 2,475,000"
Nike Air Max 95 OG Big Bubble Soft Pearl (Women's),Nike," IDR 4,000,000",https://cdn-old.kickavenue.com/eyJidWNrZXQiOiJraWNrYXZlbnVlLWFzc2V0cyIsImtleSI6InByb2R1Y3RzLzEyOTc1NC83MDgzNjU0NGM3NjIxZDNhYzNkZDBlOTU2OWJiMDg1ZS5wbmciLCJlZGl0cyI6eyJyZXNpemUiOnsid2lkdGgiOjQwMH19fQ==,
Adidas Ultra Boost 4.0 DNA Cloud White (Women's),Adidas," IDR 2,000,000",https://cdn-old.kickavenue.com/eyJidWNrZXQiOiJraWNrYXZlbnVlLWFzc2V0cyIsImtleSI6InByb2R1Y3RzLzYzMDQxLzdiYjIyNGM2MTIzMTNiYmI5ZDJmZmU2ZDNhNWMzMzM5LmpwZWciLCJlZGl0cyI6eyJyZXNpemUiOnsid2lkdGgiOjQwMH19fQ==," IDR 2,970,000"
Nike Air Force 1 '07 SE White Sea Coral (Women's),Nike," IDR 1,150,000",https://cdn-old.kickavenue.com/eyJidWNrZXQiOiJraWNrYXZlbnVlLWFzc2V0cyIsImtleSI6InByb2R1Y3RzLzU4MjI3L2MzM2UzOGFlYmEyN2U3Nzc1ZDE5ODY5NjRhMDMyMTdkLmpwZWciLCJlZGl0cyI6eyJyZXNpemUiOnsid2lkdGgiOjQwMH19fQ==," IDR 1,897,500"
Nike Court Lite 4 White Hot Lava (Women's),Nike," IDR 1,149,000",https://cdn-old.kickavenue.com/eyJidWNrZXQiOiJraWNrYXZlbnVlLWFzc2V0cyIsImtleSI6InByb2R1Y3RzLzE0NjI4OC82ZTQyNTExMzA3MjZlZjYxMjVhOWE1MTcyMTAzMjAwZi5wbmciLCJlZGl0cyI6eyJyZXNpemUiOnsid2lkdGgiOjQwMH19fQ==," IDR 1,402,500"
Adidas Gazelle Indoor Aurora Ivy Shock Pink (Women's),Adidas," IDR 1,700,000",https://cdn-old.kickavenue.com/eyJidWNrZXQiOiJraWNrYXZlbnVlLWFzc2V0cyIsImtleSI6InByb2R1Y3RzLzE1MjM3Ny8zMWVkZDk1MTU4ZTZjZjU4ODE2ODgwODExZjQ0ZDdlMy5wbmciLCJlZGl0cyI6eyJyZXNpemUiOnsid2lkdGgiOjQwMH19fQ==," IDR 1,980,000"
New Balance 327 Lace Pack Rose Sugar (Women's),New Balance," IDR 1,600,000",https://cdn-old.kickavenue.com/eyJidWNrZXQiOiJraWNrYXZlbnVlLWFzc2V0cyIsImtleSI6InByb2R1Y3RzLzEzNTAyMy84M2ZjYWY5ODZjNGQzMDc4OTc5ZDc3NDZiMjUwNzM3NS5wbmciLCJlZGl0cyI6eyJyZXNpemUiOnsid2lkdGgiOjQwMH19fQ==," IDR 1,650,000"
Nike Air Zoom Pegasus 41 Playful Pink Hyper Pink (Women's),Nike," IDR 1,950,000",https://cdn-old.kickavenue.com/eyJidWNrZXQiOiJraWNrYXZlbnVlLWFzc2V0cyIsImtleSI6InByb2R1Y3RzLzE0Mzk0OS85M2Q2NGFjMDNhM2EzM2VkODJlMDQzN2IxZGJmNzQ1My5wbmciLCJlZGl0cyI6eyJyZXNpemUiOnsid2lkdGgiOjQwMH19fQ==," IDR 2,310,000"
Air Jordan 1 Elevate High Black Atmosphere (Women's),Air Jordan," IDR 1,400,000",https://cdn-old.kickavenue.com/eyJidWNrZXQiOiJraWNrYXZlbnVlLWFzc2V0cyIsImtleSI6InByb2R1Y3RzLzkyMjU3LzEwZGY4NjQ2OWRjMGZhNWMyMGI5YjQ3ZGE1MzAxMzk1LnBuZyIsImVkaXRzIjp7InJlc2l6ZSI6eyJ3aWR0aCI6NDAwfX19,
ON Running Cloud 6 Push Horizon Honeydew (Women's),ON Running," IDR 2,000,000",https://cdn-old.kickavenue.com/eyJidWNrZXQiOiJraWNrYXZlbnVlLWFzc2V0cyIsImtleSI6InByb2R1Y3RzLzEzMTU0NS8yZGM4ODcwZGUxN2NjNWViMjc5ZmNlZGYxNGFkMDVhNC5wbmciLCJlZGl0cyI6eyJyZXNpemUiOnsid2lkdGgiOjQwMH19fQ==,
ASICS Gel-Cumulus 27 Atc Standard Track Club White Safety Yellow (Women's),ASICS," IDR 1,150,000",https://cdn-old.kickavenue.com/eyJidWNrZXQiOiJraWNrYXZlbnVlLWFzc2V0cyIsImtleSI6InByb2R1Y3RzLzEzNTg0MS9jMDkyMzU4YzM0MDNjMDM5N2FkMGQ1Mzc4MmI4YjdlYi5wbmciLCJlZGl0cyI6eyJyZXNpemUiOnsid2lkdGgiOjQwMH19fQ==," IDR 2,310,000"
On Running Cloudboom Strike White Black (Women's),ON Running," IDR 5,680,000",https://cdn-old.kickavenue.com/eyJidWNrZXQiOiJraWNrYXZlbnVlLWFzc2V0cyIsImtleSI6InByb2R1Y3RzLzExMzQ1MC9lYTQ3ZTU5MTRlZDdjMmE4MDVjYzgwZGRkNzcxZmM4NC5wbmciLCJlZGl0cyI6eyJyZXNpemUiOnsid2lkdGgiOjQwMH19fQ==,
Nike Astra Ultra Burgundy Crush Gum (Women's),Nike," IDR 900,000",https://cdn-old.kickavenue.com/eyJidWNrZXQiOiJraWNrYXZlbnVlLWFzc2V0cyIsImtleSI6InByb2R1Y3RzLzEzNzM5NS82ZTNmNTQyZDMyYTI0ZGQwNzAwYzY3NjczNTEyNzBkYS5wbmciLCJlZGl0cyI6eyJyZXNpemUiOnsid2lkdGgiOjQwMH19fQ==," IDR 1,897,500"
Adidas Hamburg White Sky Rush Gum (Women's),Adidas," IDR 1,250,000",https://cdn-old.kickavenue.com/eyJidWNrZXQiOiJraWNrYXZlbnVlLWFzc2V0cyIsImtleSI6InByb2R1Y3RzLzEzNTA2OC8xZGFhNjYyMjhkMzUzMmYxMzMwODI3ODQzODQ2YTNlYS5wbmciLCJlZGl0cyI6eyJyZXNpemUiOnsid2lkdGgiOjQwMH19fQ==,
Nike Air Force 1 Mid '07 Summit White Canvas (Women's),Nike," IDR 750,000",https://cdn-old.kickavenue.com/eyJidWNrZXQiOiJraWNrYXZlbnVlLWFzc2V0cyIsImtleSI6InByb2R1Y3RzLzY0MzUyLzc2ZDBiZTA3ZWJjOTg5NmI2M2RiYTZmMWMxOTZkNGJmLnBuZyIsImVkaXRzIjp7InJlc2l6ZSI6eyJ3aWR0aCI6NDAwfX19," IDR 2,060,000"
Adidas Gazelle Indoor Green Glow Pink (Women's),Adidas," IDR 2,500,000",https://cdn-old.kickavenue.com/eyJidWNrZXQiOiJraWNrYXZlbnVlLWFzc2V0cyIsImtleSI6InByb2R1Y3RzLzE0NDM0NS85YzE2Njk4YjAxYjY4YjUzYmQ2OWU0ZGM2ZWYzYWVmMS5wbmciLCJlZGl0cyI6eyJyZXNpemUiOnsid2lkdGgiOjQwMH19fQ==,
Nike Sabrina 2 Tunnel Vision (Women's),Nike," IDR 4,000,000",https://cdn-old.kickavenue.com/eyJidWNrZXQiOiJraWNrYXZlbnVlLWFzc2V0cyIsImtleSI6InByb2R1Y3RzLzEwNTM0MS83YzIyNGVhNGE4NTBjODllMjBjNmRmYWQ4NGI0OWViOC5wbmciLCJlZGl0cyI6eyJyZXNpemUiOnsid2lkdGgiOjQwMH19fQ==,
Nike Dunk Low SE Just Do It Sail Team Red (Women's),Nike," IDR 1,990,000",https://cdn-old.kickavenue.com/eyJidWNrZXQiOiJraWNrYXZlbnVlLWFzc2V0cyIsImtleSI6InByb2R1Y3RzLzU2NjE0LzgwYTYyOWQxMDIzMWRhYTMwYzQwNTUxY2Y1OTMxY2VmLmpwZWciLCJlZGl0cyI6eyJyZXNpemUiOnsid2lkdGgiOjQwMH19fQ==,
New Balance Tektrel Stoneware (Women's),New Balance," IDR 800,000",https://cdn-old.kickavenue.com/eyJidWNrZXQiOiJraWNrYXZlbnVlLWFzc2V0cyIsImtleSI6InByb2R1Y3RzLzExNTE1Ny9lZTI4N2M5YTk4ZjZlZjQ4ZTg1ZjcxOTI1MTVkYzMxZi5wbmciLCJlZGl0cyI6eyJyZXNpemUiOnsid2lkdGgiOjQwMH19fQ==,
Air Jordan Pointe Metallic Silver Photon Dust Grey (Women's),Air Jordan," IDR 3,000,000",https://cdn-old.kickavenue.com/eyJidWNrZXQiOiJraWNrYXZlbnVlLWFzc2V0cyIsImtleSI6InByb2R1Y3RzLzE1NjA4MS9lYjMyYmJkNDgwNmNkNjg0YzU2ZTM0MGEwYjdhOTUxMi5wbmciLCJlZGl0cyI6eyJyZXNpemUiOnsid2lkdGgiOjQwMH19fQ==,
Adidas Adizero Evo SL Semi Flash Aqua Lucid Lemon (Women's),Adidas," IDR 3,000,000",https://cdn-old.kickavenue.com/eyJidWNrZXQiOiJraWNrYXZlbnVlLWFzc2V0cyIsImtleSI6InByb2R1Y3RzLzEzNjk0Ny9lM2IwN2M5NDgxMmNlZWYxYTgyOWRlMGY3YWI3MDcwNi5wbmciLCJlZGl0cyI6eyJyZXNpemUiOnsid2lkdGgiOjQwMH19fQ==,
Nike Air Max 90 White Glacier Blue (Women's),Nike," IDR 850,000",https://cdn-old.kickavenue.com/eyJidWNrZXQiOiJraWNrYXZlbnVlLWFzc2V0cyIsImtleSI6InByb2R1Y3RzLzExMTIwNy80ODI1NjY4ZmMyYWUxN2Y4OTc3ZmU1MGM4YzI1OTFjMS5wbmciLCJlZGl0cyI6eyJyZXNpemUiOnsid2lkdGgiOjQwMH19fQ==," IDR 2,145,000"
ON Running Cloudmonster 2 Black Eclipse (Women’s),ON Running," IDR 4,680,000",https://cdn-old.kickavenue.com/eyJidWNrZXQiOiJraWNrYXZlbnVlLWFzc2V0cyIsImtleSI6InByb2R1Y3RzLzEyMTA4NS85ZDY4NDM5YzRmY2FiM2EzZTY4YTcyOTgzNDkxYjQ0NS5wbmciLCJlZGl0cyI6eyJyZXNpemUiOnsid2lkdGgiOjQwMH19fQ==,
New Balance 550 White Mauve (Women's),New Balance," IDR 1,100,000",https://cdn-old.kickavenue.com/eyJidWNrZXQiOiJraWNrYXZlbnVlLWFzc2V0cyIsImtleSI6InByb2R1Y3RzLzExMDQzOS8yMzhiMDdlZDNiNTgxMGI1MDU0YjNmZmQxNGU5ZDZhZS5wbmciLCJlZGl0cyI6eyJyZXNpemUiOnsid2lkdGgiOjQwMH19fQ==," IDR 1,999,000"
Adidas Response Super 2.0 Core Black (Women's),Adidas," IDR 600,000",https://cdn-old.kickavenue.com/eyJidWNrZXQiOiJraWNrYXZlbnVlLWFzc2V0cyIsImtleSI6InByb2R1Y3RzLzc1NDc1L2UwNmFkYzZkNmY5NzllNTZiZDRmZWEzNTUwM2Y5ZmI2LnBuZyIsImVkaXRzIjp7InJlc2l6ZSI6eyJ3aWR0aCI6NDAwfX19,
Adidas Alphatorsion 2.0 Chalk White (Women's),Adidas," IDR 850,000",https://cdn-old.kickavenue.com/eyJidWNrZXQiOiJraWNrYXZlbnVlLWFzc2V0cyIsImtleSI6InByb2R1Y3RzLzc1MDg5L2VmMTljN2ZiMTk3ZDU5N2JjOWIzNjY5OTY4YmFjZGQ3LnBuZyIsImVkaXRzIjp7InJlc2l6ZSI6eyJ3aWR0aCI6NDAwfX19,
ON Running Cloud 6 Coast White Glacier (Women's),ON Running," IDR 3,270,000",https://cdn-old.kickavenue.com/eyJidWNrZXQiOiJraWNrYXZlbnVlLWFzc2V0cyIsImtleSI6InByb2R1Y3RzLzEyNzAwNS83ZDA5ODUwZjE5NmVmNWMwMzMzNzI1NDNjYzBiZjcyZi5wbmciLCJlZGl0cyI6eyJyZXNpemUiOnsid2lkdGgiOjQwMH19fQ==,
Nike Dunk High Blue Tint (Women's),Nike," IDR 900,000",https://cdn-old.kickavenue.com/eyJidWNrZXQiOiJraWNrYXZlbnVlLWFzc2V0cyIsImtleSI6InByb2R1Y3RzLzgyNjU3L2ZmMWI5NzFkMDgzYWUzY2EyYmVmYzZiNmJjYWY5YzU3LnBuZyIsImVkaXRzIjp7InJlc2l6ZSI6eyJ3aWR0aCI6NDAwfX19,
New Balance 550 White Beige (Women's),New Balance," IDR 1,870,000",https://cdn-old.kickavenue.com/eyJidWNrZXQiOiJraWNrYXZlbnVlLWFzc2V0cyIsImtleSI6InByb2R1Y3RzLzMwOTk0LzliZDYwZTQ4YzU5YzJiNTllYTU1ZDUxMjFlMWVjOWU2LnBuZyIsImVkaXRzIjp7InJlc2l6ZSI6eyJ3aWR0aCI6NDAwfX19," IDR 1,999,000"
On Running Cloudnova Form 2 Black Ivory (Women's),ON Running," IDR 3,190,000",https://cdn-old.kickavenue.com/eyJidWNrZXQiOiJraWNrYXZlbnVlLWFzc2V0cyIsImtleSI6InByb2R1Y3RzLzExOTY5NS8wZTBjZTM4NWU5MWI4NmNiNDcyYmM3YjFhOWI4ZWY3Zi5wbmciLCJlZGl0cyI6eyJyZXNpemUiOnsid2lkdGgiOjQwMH19fQ==,
Nike Air Rift Healing Orange (Women's),Nike," IDR 1,900,000",https://cdn-old.kickavenue.com/eyJidWNrZXQiOiJraWNrYXZlbnVlLWFzc2V0cyIsImtleSI6InByb2R1Y3RzLzEzNTIyMS9kYmJmZDAxM2Q2ZTA2MzA4MDVkN2RlMDczMDg4Yzc1NC5wbmciLCJlZGl0cyI6eyJyZXNpemUiOnsid2lkdGgiOjQwMH19fQ==," IDR 2,145,000"
Adidas SL 72 OG Blue Bird Off White (Women's),Adidas," IDR 1,500,000",https://cdn-old.kickavenue.com/eyJidWNrZXQiOiJraWNrYXZlbnVlLWFzc2V0cyIsImtleSI6InByb2R1Y3RzLzEyODAxOC8zZGE3NTU4NmRjMjEwMDRkMjk2M2YyNTRhYjI4NDU1ZS5wbmciLCJlZGl0cyI6eyJyZXNpemUiOnsid2lkdGgiOjQwMH19fQ==,
Air Jordan 1 Low Siren Red (Women's),Air Jordan," IDR 1,650,000",https://cdn-old.kickavenue.com/eyJidWNrZXQiOiJraWNrYXZlbnVlLWFzc2V0cyIsImtleSI6InByb2R1Y3RzLzE4Mzc3LzYxMWEyMTNhMDdhZWUyMTRlNjgwOTc5Nzg3ZWNiMGMzLnBuZyIsImVkaXRzIjp7InJlc2l6ZSI6eyJ3aWR0aCI6NDAwfX19,
Air Jordan 1 Retro High OG Satin Shadow (Women's),Air Jordan," IDR 1,290,000",https://cdn-old.kickavenue.com/eyJidWNrZXQiOiJraWNrYXZlbnVlLWFzc2V0cyIsImtleSI6InByb2R1Y3RzLzEwOTkxNi80NDc1ZmQxZjNjODdhYTA1OTI0NjE0MGY0OWVhYTk5ZS5wbmciLCJlZGl0cyI6eyJyZXNpemUiOnsid2lkdGgiOjQwMH19fQ==,
Nike React Pegasus Trail 5 Cannon Mink Brown Orange Chalk Soft Pearl (Women's),Nike," IDR 1,800,000",https://cdn-old.kickavenue.com/eyJidWNrZXQiOiJraWNrYXZlbnVlLWFzc2V0cyIsImtleSI6InByb2R1Y3RzLzEzMzMzMi9iMjFjY2RmNTE0YWQ1Zjk1ZTZhMjMxMzgyMmI1ODQ0MC5wbmciLCJlZGl0cyI6eyJyZXNpemUiOnsid2lkdGgiOjQwMH19fQ==,
Air Jordan 1 Mid Burgundy Dusty Pink (Women's),Air Jordan," IDR 900,000",https://cdn-old.kickavenue.com/eyJidWNrZXQiOiJraWNrYXZlbnVlLWFzc2V0cyIsImtleSI6InByb2R1Y3RzLzE3ODYzLzFlOWNlZGNhYTBjNmVmMzQ5N2I5M2ZiNWU0ODFlYTJmLnBuZyIsImVkaXRzIjp7InJlc2l6ZSI6eyJ3aWR0aCI6NDAwfX19,
Nike Air Zoom Pegasus 41 Guava Ice Malt Cave Stone (Women's),Nike," IDR 1,950,000",https://cdn-old.kickavenue.com/eyJidWNrZXQiOiJraWNrYXZlbnVlLWFzc2V0cyIsImtleSI6InByb2R1Y3RzLzE0NTQ4MS9hNjMyZmI2YjE1YmIwZGY2NTdmOTNlZDcwZmI4OTE1Zi5wbmciLCJlZGl0cyI6eyJyZXNpemUiOnsid2lkdGgiOjQwMH19fQ==," IDR 2,392,500"
Nike Rejuven8 Run OG Metallic Silver Voltage Green (Women's),Nike," IDR 3,000,000",https://cdn-old.kickavenue.com/eyJidWNrZXQiOiJraWNrYXZlbnVlLWFzc2V0cyIsImtleSI6InByb2R1Y3RzLzE1MDYxOS9hMjMwNjE5MGM4MGI5MjA1NzhjMzU2NjZkODk3NGJjNC5wbmciLCJlZGl0cyI6eyJyZXNpemUiOnsid2lkdGgiOjQwMH19fQ==,
Nike Cortez TXT Midnight Navy (Women's),Nike," IDR 1,200,000",https://cdn-old.kickavenue.com/eyJidWNrZXQiOiJraWNrYXZlbnVlLWFzc2V0cyIsImtleSI6InByb2R1Y3RzLzEyNTc3MS9lODNmY2ExY2UyYTZlYjBkYjQ1ZjNkMzAyZjUyNGJhMS5wbmciLCJlZGl0cyI6eyJyZXNpemUiOnsid2lkdGgiOjQwMH19fQ==,
Adidas Handball Spezial Aurora Ivy Ash Green (Women's),Adidas," IDR 2,100,000",https://cdn-old.kickavenue.com/eyJidWNrZXQiOiJraWNrYXZlbnVlLWFzc2V0cyIsImtleSI6InByb2R1Y3RzLzE0MDM2Ni9jOTY0OTIyYzNjZjA5NjVhMjM5ZjgxOWI1YzAyYzhhYi5wbmciLCJlZGl0cyI6eyJyZXNpemUiOnsid2lkdGgiOjQwMH19fQ==,
Adidas Samba Ruffle Stripes Pack Clear Sky (Women's),Adidas," IDR 1,900,000",https://cdn-old.kickavenue.com/eyJidWNrZXQiOiJraWNrYXZlbnVlLWFzc2V0cyIsImtleSI6InByb2R1Y3RzLzEzNTUwNy9kZWI5NTdlYmQ5MTk2NzI5OWJhNGFlZjFkMTliZDdjNC5wbmciLCJlZGl0cyI6eyJyZXNpemUiOnsid2lkdGgiOjQwMH19fQ==,
On Running Cloud 5 Waterproof Rose Fossil (Women's),ON Running," IDR 2,500,000",https://cdn-old.kickavenue.com/eyJidWNrZXQiOiJraWNrYXZlbnVlLWFzc2V0cyIsImtleSI6InByb2R1Y3RzLzk2OTA4L2UwNmIyNjljMDk5MGMzOTE2ZTQ5YzkwMmVlMDYyODdmLnBuZyIsImVkaXRzIjp7InJlc2l6ZSI6eyJ3aWR0aCI6NDAwfX19," IDR 2,805,000"
Nike Air Force 1 Shadow White Sundial (Women's),Nike," IDR 800,000",https://cdn-old.kickavenue.com/eyJidWNrZXQiOiJraWNrYXZlbnVlLWFzc2V0cyIsImtleSI6InByb2R1Y3RzLzYzMTgyL2M1YzhmYTQ2YmRiYjQ0OTY1ZmQ5ZDVhMmEyMzJhOTQzLnBuZyIsImVkaXRzIjp7InJlc2l6ZSI6eyJ3aWR0aCI6NDAwfX19,
Nike Shox Z White Varsity Red Dark Charcoal (Women's),Nike," IDR 1,450,000",https://cdn-old.kickavenue.com/eyJidWNrZXQiOiJraWNrYXZlbnVlLWFzc2V0cyIsImtleSI6InByb2R1Y3RzLzE0NDY3Ni83NjczODI4MTgwNTU2ZGQxMjZlNzQ5YWVkMzBmMDZlNC5wbmciLCJlZGl0cyI6eyJyZXNpemUiOnsid2lkdGgiOjQwMH19fQ==,
Nike Zoom Vomero 5 Light Bone Yellow (Women's),Nike," IDR 1,500,000",https://cdn-old.kickavenue.com/eyJidWNrZXQiOiJraWNrYXZlbnVlLWFzc2V0cyIsImtleSI6InByb2R1Y3RzLzkwMDUyLzk2MjAzZWVmNjIzMjgwZDQyMzU1MjNmZjBiNTM3MGQxLnBuZyIsImVkaXRzIjp7InJlc2l6ZSI6eyJ3aWR0aCI6NDAwfX19,
Nike Air Force 1 Low Butterfly White (Women's),Nike," IDR 1,700,000",https://cdn-old.kickavenue.com/eyJidWNrZXQiOiJraWNrYXZlbnVlLWFzc2V0cyIsImtleSI6InByb2R1Y3RzLzE0MTk4NC84MTk2ZDE0OWMzODUzYmVkZjY4YTJjMTkzYTYxMGZiZS5wbmciLCJlZGl0cyI6eyJyZXNpemUiOnsid2lkdGgiOjQwMH19fQ==," IDR 2,145,000"
Adidas Handball Spezial Semi Pink Spark Blue (Women's),Adidas," IDR 1,850,000",https://cdn-old.kickavenue.com/eyJidWNrZXQiOiJraWNrYXZlbnVlLWFzc2V0cyIsImtleSI6InByb2R1Y3RzLzEwODA0OC8zNGJjMzFlZGZlZmE5NmQ5MzU1ZmJlNjE3NDBkZjUzNy5wbmciLCJlZGl0cyI6eyJyZXNpemUiOnsid2lkdGgiOjQwMH19fQ==,
Nike Blazer Mid 77 Sunset Pulse (Women's),Nike," IDR 1,300,000",https://cdn-old.kickavenue.com/eyJidWNrZXQiOiJraWNrYXZlbnVlLWFzc2V0cyIsImtleSI6InByb2R1Y3RzLzE4Njc5L2IzM2Y1YWQ1MmRkODQwMDM4ZmFlMjEwZTcxNjZiZmM4LnBuZyIsImVkaXRzIjp7InJlc2l6ZSI6eyJ3aWR0aCI6NDAwfX19," IDR 1,650,000"
New Balance 740 Silver White Orange (Women's),New Balance," IDR 950,000",https://cdn-old.kickavenue.com/eyJidWNrZXQiOiJraWNrYXZlbnVlLWFzc2V0cyIsImtleSI6InByb2R1Y3RzLzE1NTU4OC81MWI5NDg3ZGYzMTk0MDg2ZmRmMjA5OWVlMGUyZTBhZC5wbmciLCJlZGl0cyI6eyJyZXNpemUiOnsid2lkdGgiOjQwMH19fQ==,
Adidas Falcon Triple Blue (Women's),Adidas," IDR 550,000",https://cdn-old.kickavenue.com/eyJidWNrZXQiOiJraWNrYXZlbnVlLWFzc2V0cyIsImtleSI6InByb2R1Y3RzLzEwODg0L2RjODRlYjM0MTExMjhmNjVjM2UwNGRjYjE3OTMwODBlLnBuZyIsImVkaXRzIjp7InJlc2l6ZSI6eyJ3aWR0aCI6NDAwfX19," IDR 1,650,000"
Nike Cortez Sesame (Women's),Nike," IDR 950,000",https://cdn-old.kickavenue.com/eyJidWNrZXQiOiJraWNrYXZlbnVlLWFzc2V0cyIsImtleSI6InByb2R1Y3RzLzg3MzU2L2RiMGE0NjFlZDhiODU0YzIxNmUxMTdiNWRmOWZiNmI2LnBuZyIsImVkaXRzIjp7InJlc2l6ZSI6eyJ3aWR0aCI6NDAwfX19,
Adidas Samba OG Aluminum Gum (Women's),Adidas," IDR 1,580,000",https://cdn-old.kickavenue.com/eyJidWNrZXQiOiJraWNrYXZlbnVlLWFzc2V0cyIsImtleSI6InByb2R1Y3RzLzczNjE1LzBiOTI0YjQxMzU4MjVlYzRiYTY1NzMxNTI0MTlmNmRjLnBuZyIsImVkaXRzIjp7InJlc2l6ZSI6eyJ3aWR0aCI6NDAwfX19," IDR 1,650,000"
Nike Air Force 1 Low Shadow Triple White (Women's),Nike," IDR 980,000",https://cdn-old.kickavenue.com/eyJidWNrZXQiOiJraWNrYXZlbnVlLWFzc2V0cyIsImtleSI6InByb2R1Y3RzLzUzMjcvZjc2YjNmOTk2YmY0NDc0NGVkMTc0MTQxMzNlNzQ1ZmIucG5nIiwiZWRpdHMiOnsicmVzaXplIjp7IndpZHRoIjo0MDB9fX0=," IDR 1,980,000"
Jordan 1 Mid SE Chenille Sky J Light Purple (Women's),Air Jordan," IDR 2,170,000",https://cdn-old.kickavenue.com/eyJidWNrZXQiOiJraWNrYXZlbnVlLWFzc2V0cyIsImtleSI6InByb2R1Y3RzLzkyMzU3L2Y4NjhkYWU1M2IxNzE4NGExZjc3OTkxNTE1YjMxNGZkLnBuZyIsImVkaXRzIjp7InJlc2l6ZSI6eyJ3aWR0aCI6NDAwfX19,
Nike Dunk Low Next Nature Light Smoke Grey Pink Rise (Women's),Nike," IDR 1,250,000",https://cdn-old.kickavenue.com/eyJidWNrZXQiOiJraWNrYXZlbnVlLWFzc2V0cyIsImtleSI6InByb2R1Y3RzLzE0MzcwNC9hZDM5MDkxMjQyMGRjM2Y1ODZiZTdkZGFjMjM0NDhlZS5wbmciLCJlZGl0cyI6eyJyZXNpemUiOnsid2lkdGgiOjQwMH19fQ==," IDR 1,897,500"
ASICS Gel-Kayano 14 Baked Pink Cream (Women's),ASICS," IDR 3,000,000",https://cdn-old.kickavenue.com/eyJidWNrZXQiOiJraWNrYXZlbnVlLWFzc2V0cyIsImtleSI6InByb2R1Y3RzLzExMzI3NC84ZGUxODQ3ZjU2NTQ4MDVmMDdjY2QwOGJhODJlZDFjMC5wbmciLCJlZGl0cyI6eyJyZXNpemUiOnsid2lkdGgiOjQwMH19fQ==,
Nike Cortez TXT Fir (Women's),Nike," IDR 950,000",https://cdn-old.kickavenue.com/eyJidWNrZXQiOiJraWNrYXZlbnVlLWFzc2V0cyIsImtleSI6InByb2R1Y3RzLzcyMTY3LzM2YTUwZWMyMTQ3ODk2ZjY4YWFmZTUzMGM4ZTA2ZjZhLnBuZyIsImVkaXRzIjp7InJlc2l6ZSI6eyJ3aWR0aCI6NDAwfX19," IDR 1,485,000"
Nike Court Vision Low White Adobe Red (Women's),Nike," IDR 800,000",https://cdn-old.kickavenue.com/eyJidWNrZXQiOiJraWNrYXZlbnVlLWFzc2V0cyIsImtleSI6InByb2R1Y3RzLzk2NTQ1LzQzYjdjYTAzMjJmNThhZDUzODM4YjRjZjkxMzY0MmI0LnBuZyIsImVkaXRzIjp7InJlc2l6ZSI6eyJ3aWR0aCI6NDAwfX19,
New Balance 327 Maroon (Women's),New Balance," IDR 1,360,000",https://cdn-old.kickavenue.com/eyJidWNrZXQiOiJraWNrYXZlbnVlLWFzc2V0cyIsImtleSI6InByb2R1Y3RzLzQxODI5L2Q2NTIzOWViNGE3NWRlNTE4NTI1Y2VhZDJkZGQzOTI1LmpwZWciLCJlZGl0cyI6eyJyZXNpemUiOnsid2lkdGgiOjQwMH19fQ==," IDR 1,650,000"
Nike Dunk Low SE Primal Black (Women's),Nike," IDR 800,000",https://cdn-old.kickavenue.com/eyJidWNrZXQiOiJraWNrYXZlbnVlLWFzc2V0cyIsImtleSI6InByb2R1Y3RzLzI4NTU3Lzc4N2VlYTY5ZTQyMjA1ZTg2MjFiZTc4ZTYzZWY5ZDg3LnBuZyIsImVkaXRzIjp7InJlc2l6ZSI6eyJ3aWR0aCI6NDAwfX19," IDR 1,549,000"
On Running Cloudflow 5 AD IKON Obsidian Evergreen (Women's),ON Running," IDR 2,550,000",https://cdn-old.kickavenue.com/eyJidWNrZXQiOiJraWNrYXZlbnVlLWFzc2V0cyIsImtleSI6InByb2R1Y3RzLzE1MDI0Ni9kZTlhYTRkMGU3OTdjOTc1Mzc1ZmE4YWVhMjIxMmQwOS5wbmciLCJlZGl0cyI6eyJyZXNpemUiOnsid2lkdGgiOjQwMH19fQ==," IDR 3,630,000"
Nike Cortez 23 Premium Black Sail (Women's),Nike," IDR 2,550,000",https://cdn-old.kickavenue.com/eyJidWNrZXQiOiJraWNrYXZlbnVlLWFzc2V0cyIsImtleSI6InByb2R1Y3RzLzc1MTczLzg2YmNiOGY3YWRjYmY3M2JjYjRhN2EwYTA3ZjVhNzcyLnBuZyIsImVkaXRzIjp7InJlc2l6ZSI6eyJ3aWR0aCI6NDAwfX19,
Nike Court Vision Alta Pale Ivory Washed Coral (Women's),Nike," IDR 1,050,000",https://cdn-old.kickavenue.com/eyJidWNrZXQiOiJraWNrYXZlbnVlLWFzc2V0cyIsImtleSI6InByb2R1Y3RzLzE1MTYwMS9hYTJkZmRkZjI0Y2VmMGMxZTgxMDlkNjA2OWVhYTJiYi5wbmciLCJlZGl0cyI6eyJyZXNpemUiOnsid2lkdGgiOjQwMH19fQ==," IDR 1,485,000"
Nike Dunk Low SE 85 Neptune Green (Women's),Nike," IDR 2,150,000",https://cdn-old.kickavenue.com/eyJidWNrZXQiOiJraWNrYXZlbnVlLWFzc2V0cyIsImtleSI6InByb2R1Y3RzLzM3OTE0LzAxZmY2NzdkZDU0MTNjODgyODlmNmVhZGFiYjQxYWJiLnBuZyIsImVkaXRzIjp7InJlc2l6ZSI6eyJ3aWR0aCI6NDAwfX19,
Nike Blazer Mid '77 Vintage Summit White Pink (Women's),Nike," IDR 800,000",https://cdn-old.kickavenue.com/eyJidWNrZXQiOiJraWNrYXZlbnVlLWFzc2V0cyIsImtleSI6InByb2R1Y3RzLzI2OTMxLzg4NTYyNWRlMDIwZWQ3NTk4ZDA4ZjA0MTQ5ZGVmNDgxLnBuZyIsImVkaXRzIjp7InJlc2l6ZSI6eyJ3aWR0aCI6NDAwfX19," IDR 1,650,000"
Air Jordan 1 Mid Dutch Green (Women's),Air Jordan," IDR 1,500,000",https://cdn-old.kickavenue.com/eyJidWNrZXQiOiJraWNrYXZlbnVlLWFzc2V0cyIsImtleSI6InByb2R1Y3RzLzIyMTc3L2ZhZTIyNTZjMTU3MDcwYmIwZjE1ZmRhMTVhZWNiMWUwLnBuZyIsImVkaXRzIjp7InJlc2l6ZSI6eyJ3aWR0aCI6NDAwfX19,
Air Jordan 1 Mid Shadow (Women's),Air Jordan," IDR 1,650,000",https://cdn-old.kickavenue.com/eyJidWNrZXQiOiJraWNrYXZlbnVlLWFzc2V0cyIsImtleSI6InByb2R1Y3RzLzMyNDkzLzBiYWYxM2EwNjYwN2EzYzk3YzYwNWUxZTQ5M2Y0MGE5LnBuZyIsImVkaXRzIjp7InJlc2l6ZSI6eyJ3aWR0aCI6NDAwfX19," IDR 1,980,000"
Nike Air Force 1 Low Pegasus Pack Sail (Women's),Nike," IDR 2,350,000",https://cdn-old.kickavenue.com/eyJidWNrZXQiOiJraWNrYXZlbnVlLWFzc2V0cyIsImtleSI6InByb2R1Y3RzLzE1MjE0OC8xMTE0Mzc2YjQ2ZDc2NTMxYWU4NjU4ZWQyYjE2MDZiMC5wbmciLCJlZGl0cyI6eyJyZXNpemUiOnsid2lkdGgiOjQwMH19fQ==,
Air Jordan 1 High Zoom Air CMFT 2 University Blue Volt (Women's),Air Jordan," IDR 750,000",https://cdn-old.kickavenue.com/eyJidWNrZXQiOiJraWNrYXZlbnVlLWFzc2V0cyIsImtleSI6InByb2R1Y3RzLzkyMjg5LzVhMjU1NTk4ZWMwMGZlMDJlMzQ2YjBmMzE1MWYyODY5LnBuZyIsImVkaXRzIjp7InJlc2l6ZSI6eyJ3aWR0aCI6NDAwfX19,
Air Jordan 1 Elevate Low French Blue (Women's),Air Jordan," IDR 1,300,000",https://cdn-old.kickavenue.com/eyJidWNrZXQiOiJraWNrYXZlbnVlLWFzc2V0cyIsImtleSI6InByb2R1Y3RzLzU5MTM4LzRmOGI4MTdlNGEyZGQ2NGJiMmIwZGNlZGRhNjY1NTZlLmpwZWciLCJlZGl0cyI6eyJyZXNpemUiOnsid2lkdGgiOjQwMH19fQ==," IDR 2,227,500"
On Running Cloud 5 Black White (Women's),ON Running," IDR 2,000,000",https://cdn-old.kickavenue.com/eyJidWNrZXQiOiJraWNrYXZlbnVlLWFzc2V0cyIsImtleSI6InByb2R1Y3RzLzY2MDAwL2YyYmYxNTVjODNjYjRhMGVmN2RlMDRkYTYwZTgwODBlLnBuZyIsImVkaXRzIjp7InJlc2l6ZSI6eyJ3aWR0aCI6NDAwfX19," IDR 2,310,000"
Adidas Gazelle Indoor Shadow Fig (Women's),Adidas," IDR 1,500,000",https://cdn-old.kickavenue.com/eyJidWNrZXQiOiJraWNrYXZlbnVlLWFzc2V0cyIsImtleSI6InByb2R1Y3RzLzEwNTU4My8wYjYwN2FlYWMyYmExNjI4MDU5NWMyYjAxMTAzODExMy5wbmciLCJlZGl0cyI6eyJyZXNpemUiOnsid2lkdGgiOjQwMH19fQ==," IDR 1,980,000"
Nike Dunk High Vintage Black (Women's),Nike," IDR 2,000,000",https://cdn-old.kickavenue.com/eyJidWNrZXQiOiJraWNrYXZlbnVlLWFzc2V0cyIsImtleSI6InByb2R1Y3RzLzI4NjMyLzE0YTU0NGQyNmY0ZDVkOTBjNjAyMzI4ZmY4MTgyZWZhLnBuZyIsImVkaXRzIjp7InJlc2l6ZSI6eyJ3aWR0aCI6NDAwfX19,
Air Jordan 1 Mid Kentucky Blue (Women's),Air Jordan," IDR 750,000",https://cdn-old.kickavenue.com/eyJidWNrZXQiOiJraWNrYXZlbnVlLWFzc2V0cyIsImtleSI6InByb2R1Y3RzLzI0NjQ4LzAyMmY1NTZjODE2YjI1MmEyZDdhNmIzZjk0NzhkYzg2LnBuZyIsImVkaXRzIjp7InJlc2l6ZSI6eyJ3aWR0aCI6NDAwfX19," IDR 1,897,500"
Air Jordan 1 High OG Denim (Women's),Air Jordan," IDR 4,000,000",https://cdn-old.kickavenue.com/eyJidWNrZXQiOiJraWNrYXZlbnVlLWFzc2V0cyIsImtleSI6InByb2R1Y3RzLzMxNzI4LzFmY2YxOTRiMmJiZjljNmUyODlhZjkwOGFiYmEyNGQxLnBuZyIsImVkaXRzIjp7InJlc2l6ZSI6eyJ3aWR0aCI6NDAwfX19,
Nike Air Force 1 Low 07 PRM Safari Oil Green (Women's),Nike," IDR 1,120,000",https://cdn-old.kickavenue.com/eyJidWNrZXQiOiJraWNrYXZlbnVlLWFzc2V0cyIsImtleSI6InByb2R1Y3RzLzEzMDA5Mi9iYjYxZDllZmM3ZGRhYjk0OWQ3NTdmNTQxOWZhNDhjZi5wbmciLCJlZGl0cyI6eyJyZXNpemUiOnsid2lkdGgiOjQwMH19fQ==," IDR 2,145,000"
Adidas Gazelle Lo Pro Clear Sky Gum (Women's),Adidas," IDR 1,200,000",https://cdn-old.kickavenue.com/eyJidWNrZXQiOiJraWNrYXZlbnVlLWFzc2V0cyIsImtleSI6InByb2R1Y3RzLzE0MTMxMC8xZGY5NWVhMTA4ZDk3ZjRmNzIzMTkxY2Y1MjNkYjNhMC5wbmciLCJlZGl0cyI6eyJyZXNpemUiOnsid2lkdGgiOjQwMH19fQ==,
Nike Vista Sport Black White (Women's),Nike," IDR 570,000",https://cdn-old.kickavenue.com/eyJidWNrZXQiOiJraWNrYXZlbnVlLWFzc2V0cyIsImtleSI6InByb2R1Y3RzLzU4MTY5L2MzYzViMTVjMDUwZjA2YjIzNzZjODJlYzgxMDQ4MjdiLmpwZWciLCJlZGl0cyI6eyJyZXNpemUiOnsid2lkdGgiOjQwMH19fQ==," IDR 907,500"
Nike Air Max 270 White Black (Women's),Nike," IDR 990,000",https://cdn-old.kickavenue.com/eyJidWNrZXQiOiJraWNrYXZlbnVlLWFzc2V0cyIsImtleSI6InByb2R1Y3RzLzQ3NjcvYmE3NTA0MTctOGZjZS00ZDAxLTgyNWQtNTYxMjE4MmNkZmMyLmpwZWciLCJlZGl0cyI6eyJyZXNpemUiOnsid2lkdGgiOjQwMH19fQ==," IDR 2,475,000"
Air Jordan 5 Retro Dunk on Mars (Women's),Air Jordan," IDR 1,600,000",https://cdn-old.kickavenue.com/eyJidWNrZXQiOiJraWNrYXZlbnVlLWFzc2V0cyIsImtleSI6InByb2R1Y3RzLzkyNjQxLzhiNDQ4OWRjYWNhOWNkOTlmMWIyZTNjYmZiOTQ1NmQ5LnBuZyIsImVkaXRzIjp7InJlc2l6ZSI6eyJ3aWR0aCI6NDAwfX19,
Nike Dunk Low Twist Panda (Women's),Nike," IDR 1,380,000",https://cdn-old.kickavenue.com/eyJidWNrZXQiOiJraWNrYXZlbnVlLWFzc2V0cyIsImtleSI6InByb2R1Y3RzLzU4OTI4LzU3ZjY1Y2U3NGZiYzAyZTNjNmZmNDc3ZjI5ZTIxM2M0LmpwZWciLCJlZGl0cyI6eyJyZXNpemUiOnsid2lkdGgiOjQwMH19fQ==," IDR 1,549,000"
Nike Air Force 1 Low '07 Suede Cacao Wow (Women's),Nike," IDR 2,860,000",https://cdn-old.kickavenue.com/eyJidWNrZXQiOiJraWNrYXZlbnVlLWFzc2V0cyIsImtleSI6InByb2R1Y3RzLzc5ODEzL2Q4NWJhN2U3Mjg0MjM3NjgzYTMxZjFiNTRjOTEzOGNhLnBuZyIsImVkaXRzIjp7InJlc2l6ZSI6eyJ3aWR0aCI6NDAwfX19,
Air Jordan 1 Retro High Satin Shattered Backboard (Women's),Air Jordan," IDR 50,000,000",https://cdn-old.kickavenue.com/eyJidWNrZXQiOiJraWNrYXZlbnVlLWFzc2V0cyIsImtleSI6InByb2R1Y3RzLzExNTcvNmFiZGQ0YWU2YmJlN2UwMmZmMWViNWE2OTkxNjI1NzkucG5nIiwiZWRpdHMiOnsicmVzaXplIjp7IndpZHRoIjo0MDB9fX0=,
Nike Cortez Textile White Phantom Alabaster Deep Night (Women's),Nike," IDR 1,000,000",https://cdn-old.kickavenue.com/eyJidWNrZXQiOiJraWNrYXZlbnVlLWFzc2V0cyIsImtleSI6InByb2R1Y3RzLzEyNzM5MS9mNzdkYThiMjJmODI0ZTkyNTViYzBjNzExYmFmN2YzNi5wbmciLCJlZGl0cyI6eyJyZXNpemUiOnsid2lkdGgiOjQwMH19fQ==,
New Balance 327 Black Moonbeam (Women's),New Balance," IDR 1,250,000",https://cdn-old.kickavenue.com/eyJidWNrZXQiOiJraWNrYXZlbnVlLWFzc2V0cyIsImtleSI6InByb2R1Y3RzLzYxNjU1L2EyMTE2NDRiMWQ4MWVmYzU4YTEyMmZkYWEyMzI3MWRiLmpwZWciLCJlZGl0cyI6eyJyZXNpemUiOnsid2lkdGgiOjQwMH19fQ==," IDR 1,485,000"
Nike Zoom Fly 6 Pale Ivory Crimson Tint (Women's),Nike," IDR 2,160,000",https://cdn-old.kickavenue.com/eyJidWNrZXQiOiJraWNrYXZlbnVlLWFzc2V0cyIsImtleSI6InByb2R1Y3RzLzExNDUwOC9hMzZlYzgwNjFmOTU1OTU1ZTU5ZjQzNDZmY2E2ODhjNi5wbmciLCJlZGl0cyI6eyJyZXNpemUiOnsid2lkdGgiOjQwMH19fQ==," IDR 2,805,000"
On Running Cloudmonster White Black (Women's),ON Running," IDR 3,100,000",https://cdn-old.kickavenue.com/eyJidWNrZXQiOiJraWNrYXZlbnVlLWFzc2V0cyIsImtleSI6InByb2R1Y3RzLzk2OTMwLzM5YTNmMDdjMTIwZTMzZTIzMDdiNTc1YjhlNjg4YzZjLnBuZyIsImVkaXRzIjp7InJlc2l6ZSI6eyJ3aWR0aCI6NDAwfX19,
Nike Dunk Low SE Black Multicolor (Women's),Nike," IDR 1,860,000",https://cdn-old.kickavenue.com/eyJidWNrZXQiOiJraWNrYXZlbnVlLWFzc2V0cyIsImtleSI6InByb2R1Y3RzLzc1MzcxLzlhZjQ1YmY4MWZlZjJlYTk3OTk2YjhmNGFiYzYzNWU3LnBuZyIsImVkaXRzIjp7InJlc2l6ZSI6eyJ3aWR0aCI6NDAwfX19,
Nike Air Force 1 '07 Mink Brown Black (Women's),Nike," IDR 1,790,000",https://cdn-old.kickavenue.com/eyJidWNrZXQiOiJraWNrYXZlbnVlLWFzc2V0cyIsImtleSI6InByb2R1Y3RzLzE0NTY0Ny81ZWI5MjUyOTk2NjcxYzQwZGQ3OWU0ZGRmMzNiZjg1Yi5wbmciLCJlZGl0cyI6eyJyZXNpemUiOnsid2lkdGgiOjQwMH19fQ==,
Nike Cortez SE Valentine's Day (2024) (Women's),Nike," IDR 1,660,000",https://cdn-old.kickavenue.com/eyJidWNrZXQiOiJraWNrYXZlbnVlLWFzc2V0cyIsImtleSI6InByb2R1Y3RzLzk1OTI4LzFlYTJmMDA2NWU0ZGQyNWQyMWQ2YWI2OTc2ZmM1YTljLnBuZyIsImVkaXRzIjp7InJlc2l6ZSI6eyJ3aWR0aCI6NDAwfX19,
Nike Air Max 1 '87 Malachite (Women's),Nike," IDR 1,800,000",https://cdn-old.kickavenue.com/eyJidWNrZXQiOiJraWNrYXZlbnVlLWFzc2V0cyIsImtleSI6InByb2R1Y3RzLzk2Njg0L2EzMzM3ZWNjOWRhNzNkMzFhMjcxYmEyMmFkYTVjYTkxLnBuZyIsImVkaXRzIjp7InJlc2l6ZSI6eyJ3aWR0aCI6NDAwfX19," IDR 2,310,000"
Adidas Campus 00s Core Black (Women's),Adidas," IDR 1,350,000",https://cdn-old.kickavenue.com/eyJidWNrZXQiOiJraWNrYXZlbnVlLWFzc2V0cyIsImtleSI6InByb2R1Y3RzLzEwOTI3Ni85MmZjYmYwYTI1ZjU5YjRlNzgyM2U5ZmY5YzBhMTY1ZC5wbmciLCJlZGl0cyI6eyJyZXNpemUiOnsid2lkdGgiOjQwMH19fQ==,
Adidas Samba OG Core Black Matte Silver (Women's),Adidas," IDR 1,650,000",https://cdn-old.kickavenue.com/eyJidWNrZXQiOiJraWNrYXZlbnVlLWFzc2V0cyIsImtleSI6InByb2R1Y3RzLzEwNzI5My83YTRkN2U5NzExNzIyNmQyOTg4MDA5YjU0MzlhNDAwNC5wbmciLCJlZGl0cyI6eyJyZXNpemUiOnsid2lkdGgiOjQwMH19fQ==,
Nike Total 90 White (Women's),Nike," IDR 1,750,000",https://cdn-old.kickavenue.com/eyJidWNrZXQiOiJraWNrYXZlbnVlLWFzc2V0cyIsImtleSI6InByb2R1Y3RzLzE0MzY3MS85N2FhOTU1N2JkNjc1MzBjNTgzZjRkMjU0YTMyZGE2Yy5wbmciLCJlZGl0cyI6eyJyZXNpemUiOnsid2lkdGgiOjQwMH19fQ==,
On Running Cloudmonster Hyper POST ARCHIVE FACTION Phantom Apollo (Women's),ON Running," IDR 6,800,000",https://cdn-old.kickavenue.com/eyJidWNrZXQiOiJraWNrYXZlbnVlLWFzc2V0cyIsImtleSI6InByb2R1Y3RzLzE0NDQ1MC8zNWI2MjU5MzExNDEzMGI3MGYxNTZlYmZlZDhkZWZiYS5wbmciLCJlZGl0cyI6eyJyZXNpemUiOnsid2lkdGgiOjQwMH19fQ==,
New Balance 327 Moonbeam Outerspace (Women's),New Balance," IDR 1,300,000",https://cdn-old.kickavenue.com/eyJidWNrZXQiOiJraWNrYXZlbnVlLWFzc2V0cyIsImtleSI6InByb2R1Y3RzLzM5MjU5LzE5NTEwN2NjMDBmNTA5NGRlMmE4OWI1NzNiZGY1ZTQ0LnBuZyIsImVkaXRzIjp7InJlc2l6ZSI6eyJ3aWR0aCI6NDAwfX19," IDR 1,485,000"
Nike Shox TL Pearl White (Women's),Nike," IDR 1,850,000",https://cdn-old.kickavenue.com/eyJidWNrZXQiOiJraWNrYXZlbnVlLWFzc2V0cyIsImtleSI6InByb2R1Y3RzLzEzOTU1MC85NGE1YjUwZWFmYjAxODJiNjU4M2UxZGY5MWM5NmNjMC5wbmciLCJlZGl0cyI6eyJyZXNpemUiOnsid2lkdGgiOjQwMH19fQ==," IDR 2,970,000"
Air Jordan 1 Mid University Black White (Women's),Air Jordan," IDR 1,000,000",https://cdn-old.kickavenue.com/eyJidWNrZXQiOiJraWNrYXZlbnVlLWFzc2V0cyIsImtleSI6InByb2R1Y3RzLzIzMDIzL2FlYTg0Y2ZkYTdlODQ2M2RmMGI0NTBjZDUxNjhhN2JkLnBuZyIsImVkaXRzIjp7InJlc2l6ZSI6eyJ3aWR0aCI6NDAwfX19," IDR 1,815,000"
Nike Blazer Low '77 White Black (Women's),Nike," IDR 600,000",https://cdn-old.kickavenue.com/eyJidWNrZXQiOiJraWNrYXZlbnVlLWFzc2V0cyIsImtleSI6InByb2R1Y3RzLzIyNTA2L2NhZmNjYmNlNmEyMTFiZTk0N2YzN2IzZjUzNjJiMzJiLnBuZyIsImVkaXRzIjp7InJlc2l6ZSI6eyJ3aWR0aCI6NDAwfX19," IDR 1,402,500"
Nike Air Force 1 07 Sail Sesame (Women's),Nike," IDR 1,000,000",https://cdn-old.kickavenue.com/eyJidWNrZXQiOiJraWNrYXZlbnVlLWFzc2V0cyIsImtleSI6InByb2R1Y3RzLzc4MjM1L2E4MjdmZjA5Yjg0NTViYTA1ZGQ3NTg1M2Q1M2MwMmI0LnBuZyIsImVkaXRzIjp7InJlc2l6ZSI6eyJ3aWR0aCI6NDAwfX19," IDR 1,897,500"
Adidas ZX Torsion Light Brown (Women's),Adidas," IDR 600,000",https://cdn-old.kickavenue.com/eyJidWNrZXQiOiJraWNrYXZlbnVlLWFzc2V0cyIsImtleSI6InByb2R1Y3RzLzEwMjgzLzk0NjNjNjRmOGJhZTE2OWMxNWY3YzIwYWQ4ZTdlYjY4LnBuZyIsImVkaXRzIjp7InJlc2l6ZSI6eyJ3aWR0aCI6NDAwfX19,
Reebok Court Advance Clip Chalk Dusty Pink (Women's),Reebok," IDR 800,000",https://cdn-old.kickavenue.com/eyJidWNrZXQiOiJraWNrYXZlbnVlLWFzc2V0cyIsImtleSI6InByb2R1Y3RzLzEzNDYwOS9kZmNkYjc3MDk1YmI3OGViMjI2OWM4NmQyYzRmNmEwOC5wbmciLCJlZGl0cyI6eyJyZXNpemUiOnsid2lkdGgiOjQwMH19fQ==,
Adidas G.S Court Cloud White Collegiate Royal (Women's),Adidas," IDR 850,000",https://cdn-old.kickavenue.com/eyJidWNrZXQiOiJraWNrYXZlbnVlLWFzc2V0cyIsImtleSI6InByb2R1Y3RzLzc0NTAyLzI5NDQxMWYwNjMzZDA5ZmQyMmFjYjZhZGVlZTUxYzMzLnBuZyIsImVkaXRzIjp7InJlc2l6ZSI6eyJ3aWR0aCI6NDAwfX19,
Adidas Superstar White semi orange (Women's),Adidas," IDR 1,150,000",https://cdn-old.kickavenue.com/eyJidWNrZXQiOiJraWNrYXZlbnVlLWFzc2V0cyIsImtleSI6InByb2R1Y3RzLzcyMDg2LzMwY2M3NWVlZjExY2NmNDE4MDYwNWU0ODFlYTljMjdiLnBuZyIsImVkaXRzIjp7InJlc2l6ZSI6eyJ3aWR0aCI6NDAwfX19,
Nike Zoom Terra Kiger 5 Off-White White (Women's),Nike," IDR 1,750,000",https://cdn-old.kickavenue.com/eyJidWNrZXQiOiJraWNrYXZlbnVlLWFzc2V0cyIsImtleSI6InByb2R1Y3RzLzM4MzQvYzc5YmViNWExYzdmOTI5MjliN2ZhMWY2OWZmZDM2OTQucG5nIiwiZWRpdHMiOnsicmVzaXplIjp7IndpZHRoIjo0MDB9fX0=," IDR 2,970,000"
Puma Inhale A$AP Rocky Reflective Silver (Women's),Puma," IDR 2,350,000",https://cdn-old.kickavenue.com/eyJidWNrZXQiOiJraWNrYXZlbnVlLWFzc2V0cyIsImtleSI6InByb2R1Y3RzLzEzMjI0OS9lMWI1OWZjNGI2OWU3YzJjMDFmYzhlYTAyMmY2MTZiMS5wbmciLCJlZGl0cyI6eyJyZXNpemUiOnsid2lkdGgiOjQwMH19fQ==,
Nike Air Rift White (Women's),Nike," IDR 3,090,000",https://cdn-old.kickavenue.com/eyJidWNrZXQiOiJraWNrYXZlbnVlLWFzc2V0cyIsImtleSI6InByb2R1Y3RzLzEzNTIyNi9jOGM2MzI5NTdiZTY1OTFjZDU3MWViODg3MjgwNTBhOC5wbmciLCJlZGl0cyI6eyJyZXNpemUiOnsid2lkdGgiOjQwMH19fQ==,
Nike Air Max 90 Apricot Agate (Women's),Nike," IDR 1,250,000",https://cdn-old.kickavenue.com/eyJidWNrZXQiOiJraWNrYXZlbnVlLWFzc2V0cyIsImtleSI6InByb2R1Y3RzLzEyODczNC9lYWEwMjZiYzkwMDMzNzAzODE2ZTI3MmFiMWI5NGUzMC5wbmciLCJlZGl0cyI6eyJyZXNpemUiOnsid2lkdGgiOjQwMH19fQ==,
Nike Air Zoom Alphafly Next% 2 White Clear Jade (Women's),Nike," IDR 1,500,000",https://cdn-old.kickavenue.com/eyJidWNrZXQiOiJraWNrYXZlbnVlLWFzc2V0cyIsImtleSI6InByb2R1Y3RzLzkwMjIzLzMxNDY4Y2QxZDdmMjc2NDU3N2Q4YmRhZjBlODU5YzkzLnBuZyIsImVkaXRzIjp7InJlc2l6ZSI6eyJ3aWR0aCI6NDAwfX19,
Adidas Samba OG White Wonder Gold Metallic (Women's),Adidas," IDR 1,200,000",https://cdn-old.kickavenue.com/eyJidWNrZXQiOiJraWNrYXZlbnVlLWFzc2V0cyIsImtleSI6InByb2R1Y3RzLzE1MTE1OC8wMDUxMDVhNmQ5MDE2Nzg0MDY1NWY4ZDJlYTM2NGI3MS5wbmciLCJlZGl0cyI6eyJyZXNpemUiOnsid2lkdGgiOjQwMH19fQ==," IDR 1,815,000"
Nike Cortez Textile Black Sail (Women's),Nike," IDR 1,400,000",https://cdn-old.kickavenue.com/eyJidWNrZXQiOiJraWNrYXZlbnVlLWFzc2V0cyIsImtleSI6InByb2R1Y3RzLzE1MDc4Ny8wNDRlYzgwNGM4YzY5MTE3NDJjZjQxMTRmNTBiYzM0YS5wbmciLCJlZGl0cyI6eyJyZXNpemUiOnsid2lkdGgiOjQwMH19fQ==,
Nike Air Max Plus White Pure Platinum (Women's),Nike," IDR 1,650,000",https://cdn-old.kickavenue.com/eyJidWNrZXQiOiJraWNrYXZlbnVlLWFzc2V0cyIsImtleSI6InByb2R1Y3RzLzc2ODYzLzFjZDUwN2Y1NGRiYThiODM1MjdlYjJhMmFhNmMyMTVkLnBuZyIsImVkaXRzIjp7InJlc2l6ZSI6eyJ3aWR0aCI6NDAwfX19," IDR 2,640,000"
Air Jordan 1 Mid Black Siren Red (Women's),Air Jordan," IDR 900,000",https://cdn-old.kickavenue.com/eyJidWNrZXQiOiJraWNrYXZlbnVlLWFzc2V0cyIsImtleSI6InByb2R1Y3RzLzE3MTM1LzNmYWJhMTcwMzQyOTVmNjlmNzgyNTk0NjY5MDk4YzY0LnBuZyIsImVkaXRzIjp7InJlc2l6ZSI6eyJ3aWR0aCI6NDAwfX19,
Nike Air Max 1 SE Hangul Day (2023) (Women's),Nike," IDR 1,650,000",https://cdn-old.kickavenue.com/eyJidWNrZXQiOiJraWNrYXZlbnVlLWFzc2V0cyIsImtleSI6InByb2R1Y3RzLzc0NjcxLzA4OTA2MWY2Y2NlZWYxMjdmN2I4YmQ2MTcyYzA4MTdiLnBuZyIsImVkaXRzIjp7InJlc2l6ZSI6eyJ3aWR0aCI6NDAwfX19," IDR 2,380,000"
Puma Speedcat OG All Time Red White (Women's),Puma," IDR 1,980,000",https://cdn-old.kickavenue.com/eyJidWNrZXQiOiJraWNrYXZlbnVlLWFzc2V0cyIsImtleSI6InByb2R1Y3RzLzEyMDI5Ny81YTc3M2FmYzdmMWM2NzY2NmMxMmQ0NWYyY2ZhMmI3Zi5wbmciLCJlZGl0cyI6eyJyZXNpemUiOnsid2lkdGgiOjQwMH19fQ==,
Nike Wmns NikeCourt Air Zoom Vapor Pro 'Pearl White Bleached Coral',Puma," IDR 5,780,000",https://cdn-old.kickavenue.com/eyJidWNrZXQiOiJraWNrYXZlbnVlLWFzc2V0cyIsImtleSI6InByb2R1Y3RzLzg3Njc1LzUwNjlhOWNmNjhhMGY0ZGRjZDFkNWNhOGM4ZTUzN2MzLnBuZyIsImVkaXRzIjp7InJlc2l6ZSI6eyJ3aWR0aCI6NDAwfX19,
Salomon Elixir Gore Tex Vanilla Ice Metal (Women's),Salomon," IDR 4,830,000",https://cdn-old.kickavenue.com/eyJidWNrZXQiOiJraWNrYXZlbnVlLWFzc2V0cyIsImtleSI6InByb2R1Y3RzLzEwMjQ2Ni9iNjgxZDg5ZGUwOGZiZDRiOTY1NGU1NmM4OWM5NjU3NC5wbmciLCJlZGl0cyI6eyJyZXNpemUiOnsid2lkdGgiOjQwMH19fQ==,
Nike Cortez LX Leather Summit White (Women's),Nike," IDR 1,100,000",https://cdn-old.kickavenue.com/eyJidWNrZXQiOiJraWNrYXZlbnVlLWFzc2V0cyIsImtleSI6InByb2R1Y3RzLzEyOTUzMi9mMTliMmI3NzJjYTFiNGQ3YmMxMTQ2MzBhZjhiZmQ5OC5wbmciLCJlZGl0cyI6eyJyZXNpemUiOnsid2lkdGgiOjQwMH19fQ==,
Nike Air Rift Breathe Black Rush Orange (Women's),Nike," IDR 1,650,000",https://cdn-old.kickavenue.com/eyJidWNrZXQiOiJraWNrYXZlbnVlLWFzc2V0cyIsImtleSI6InByb2R1Y3RzLzQyNTkxLzljMzlhNjk3Njg2ZmE3ODZkYzVhNTczNGY1Mzg2ZGI1LmpwZWciLCJlZGl0cyI6eyJyZXNpemUiOnsid2lkdGgiOjQwMH19fQ==,
Nike Dunk Low SE Primal Pink (Women's),Nike," IDR 1,400,000",https://cdn-old.kickavenue.com/eyJidWNrZXQiOiJraWNrYXZlbnVlLWFzc2V0cyIsImtleSI6InByb2R1Y3RzLzI4Mzk2L2YzNTNiZDQ2NDdiNDBjNDdiMjMyODBhZjc4OTExYmFjLnBuZyIsImVkaXRzIjp7InJlc2l6ZSI6eyJ3aWR0aCI6NDAwfX19," IDR 1,549,000"
Nike Air Zoom Terra Kiger 7 Black Lapis Flash Crimson (Women's),Nike," IDR 1,640,000",https://cdn-old.kickavenue.com/eyJidWNrZXQiOiJraWNrYXZlbnVlLWFzc2V0cyIsImtleSI6InByb2R1Y3RzLzg3MjQ5LzcyODdmZGU2ZGMwNjc3OGVlYTBjNGE1OWNhYjZjNzljLnBuZyIsImVkaXRzIjp7InJlc2l6ZSI6eyJ3aWR0aCI6NDAwfX19,
Sparco xSpeed Cat OG Ribbon Red (Women's),Puma," IDR 2,690,000",https://cdn-old.kickavenue.com/eyJidWNrZXQiOiJraWNrYXZlbnVlLWFzc2V0cyIsImtleSI6InByb2R1Y3RzLzExMDI3OC8xNDFmOTViZDdhNzcxZmQ0ZTRlYmU1YjE3NmZiMTkyNi5wbmciLCJlZGl0cyI6eyJyZXNpemUiOnsid2lkdGgiOjQwMH19fQ==,
New Balance FuelCell Rebel V2 Citrus Punch Vivid Coral (Women's),New Balance," IDR 1,260,000",https://cdn-old.kickavenue.com/eyJidWNrZXQiOiJraWNrYXZlbnVlLWFzc2V0cyIsImtleSI6InByb2R1Y3RzLzk5ODI4L2M0OWU5ZGY3NjUzYThhN2QzOWUzNGM1ZDMyZjQ0YTU1LnBuZyIsImVkaXRzIjp7InJlc2l6ZSI6eyJ3aWR0aCI6NDAwfX19,
Nike Air Rift Magma Orange and Rattan (Women's),Nike," IDR 4,410,000",https://cdn-old.kickavenue.com/eyJidWNrZXQiOiJraWNrYXZlbnVlLWFzc2V0cyIsImtleSI6InByb2R1Y3RzLzMzMjU4L2M3ODM2M2E0OGM3N2RkOWUxYmQyZmM4NTM1NTYzYTFiLnBuZyIsImVkaXRzIjp7InJlc2l6ZSI6eyJ3aWR0aCI6NDAwfX19,
Nike Calm Mules Platinum Violet (Women's),Nike," IDR 1,680,000",https://cdn-old.kickavenue.com/eyJidWNrZXQiOiJraWNrYXZlbnVlLWFzc2V0cyIsImtleSI6InByb2R1Y3RzLzEwMzYyOC9mZTdiZmNmZjUxNzgzOGJjM2NhYWM5MTkzNTE5ZjU2Ni5wbmciLCJlZGl0cyI6eyJyZXNpemUiOnsid2lkdGgiOjQwMH19fQ==,
On Running Cloudnova Z5 Rush Pearl Black (Women's),ON Running," IDR 3,990,000",https://cdn-old.kickavenue.com/eyJidWNrZXQiOiJraWNrYXZlbnVlLWFzc2V0cyIsImtleSI6InByb2R1Y3RzLzEwOTM0OC9iOWQ0NjBhNGFhY2M5M2E2NzA4MTAyZDFlN2RkZjg1ZS5wbmciLCJlZGl0cyI6eyJyZXNpemUiOnsid2lkdGgiOjQwMH19fQ==,
ON Running Cloudswift 3 AD All Black (Women's),ON Running," IDR 2,180,000",https://cdn-old.kickavenue.com/eyJidWNrZXQiOiJraWNrYXZlbnVlLWFzc2V0cyIsImtleSI6InByb2R1Y3RzLzEwNzM4Ny81ZDJlMTQxOWZiN2MwNjBkMTc2NTE1ZDBiNmQ0NmQzZi5wbmciLCJlZGl0cyI6eyJyZXNpemUiOnsid2lkdGgiOjQwMH19fQ==,
Nike Dunk Low Fierce Pink (Women's),Nike," IDR 1,150,000",https://cdn-old.kickavenue.com/eyJidWNrZXQiOiJraWNrYXZlbnVlLWFzc2V0cyIsImtleSI6InByb2R1Y3RzLzY2MjIxLzFhMmNmMDRkMjcyMTY5OWViZGUyNDkzYWJhMWQ3NTEyLnBuZyIsImVkaXRzIjp7InJlc2l6ZSI6eyJ3aWR0aCI6NDAwfX19," IDR 1,549,000"
Adidas SL 72 OG Semi Pink Spark Red (Women's),Adidas," IDR 1,200,000",https://cdn-old.kickavenue.com/eyJidWNrZXQiOiJraWNrYXZlbnVlLWFzc2V0cyIsImtleSI6InByb2R1Y3RzLzE1MzQxNC9kNzE3MTczZmE1NWY0MjU3MTNhOWY2OWJkMmE4ODllNS5wbmciLCJlZGl0cyI6eyJyZXNpemUiOnsid2lkdGgiOjQwMH19fQ==," IDR 1,650,000"
Nike Total 90 Shox Magia Pecan Metallic Silver (Women's),Nike," IDR 1,400,000",https://cdn-old.kickavenue.com/eyJidWNrZXQiOiJraWNrYXZlbnVlLWFzc2V0cyIsImtleSI6InByb2R1Y3RzLzE1MjYxNC9mYTY5Mzg3NGUwMTQ4NWYyN2E3NDVkZmJiNmE1MDhmZS5wbmciLCJlZGl0cyI6eyJyZXNpemUiOnsid2lkdGgiOjQwMH19fQ==," IDR 2,557,500"
Nike Sabrina 3 Gamer (Women's),Nike," IDR 2,000,000",https://cdn-old.kickavenue.com/eyJidWNrZXQiOiJraWNrYXZlbnVlLWFzc2V0cyIsImtleSI6InByb2R1Y3RzLzE0NTQzMC80NTUyNmYwOWIxMGY2YTYyNjBhM2U2OTc3ZTJiYWQ3MC5wbmciLCJlZGl0cyI6eyJyZXNpemUiOnsid2lkdGgiOjQwMH19fQ==," IDR 2,392,500"
Adidas Handball Spezial Linen Green Silver (Women's),Adidas," IDR 1,850,000",https://cdn-old.kickavenue.com/eyJidWNrZXQiOiJraWNrYXZlbnVlLWFzc2V0cyIsImtleSI6InByb2R1Y3RzLzE1MjM1Mi82MjEwMGU5MzZkOWY4MTg4OGU2OGQ4ZTQ5NDEyYjA0My5wbmciLCJlZGl0cyI6eyJyZXNpemUiOnsid2lkdGgiOjQwMH19fQ==,
Nike Rejuven8 Run OG SE Dark Field Brown Bright Cactus (Women's),Nike," IDR 2,100,000",https://cdn-old.kickavenue.com/eyJidWNrZXQiOiJraWNrYXZlbnVlLWFzc2V0cyIsImtleSI6InByb2R1Y3RzLzE1NDY2MS83MTkzODllMjNlMTI2YzM4MjcxZTM1MDRmYTVmYzZkYy5wbmciLCJlZGl0cyI6eyJyZXNpemUiOnsid2lkdGgiOjQwMH19fQ==," IDR 2,227,500"
ON Running Cloudmonster 2 Asphalt Iron (Women's),ON Running," IDR 3,000,000",https://cdn-old.kickavenue.com/eyJidWNrZXQiOiJraWNrYXZlbnVlLWFzc2V0cyIsImtleSI6InByb2R1Y3RzLzExMzU1MC8wYjgwZGRkNGI0ZjQ2ODdlYTkwODM2MTczYzhiNTVmMC5wbmciLCJlZGl0cyI6eyJyZXNpemUiOnsid2lkdGgiOjQwMH19fQ==,
Air Jordan 1 Low SE Light Smoke Grey (Women's),Air Jordan," IDR 1,240,000",https://cdn-old.kickavenue.com/eyJidWNrZXQiOiJraWNrYXZlbnVlLWFzc2V0cyIsImtleSI6InByb2R1Y3RzLzE0MzU2OC84YTM4Y2EwZjkwMjQ0ZmM1NmVhNDYyYTI3YzkyZTNhYy5wbmciLCJlZGl0cyI6eyJyZXNpemUiOnsid2lkdGgiOjQwMH19fQ==,
On Running Cloudhorizon Waterproof Ivory Ice (Women's),ON Running," IDR 3,200,000",https://cdn-old.kickavenue.com/eyJidWNrZXQiOiJraWNrYXZlbnVlLWFzc2V0cyIsImtleSI6InByb2R1Y3RzLzE0Njc0NC81MjhmOWVlNzgwOWUyNDUwNzcwYzliMmYxNmQ1ZWE5OC5wbmciLCJlZGl0cyI6eyJyZXNpemUiOnsid2lkdGgiOjQwMH19fQ==," IDR 3,300,000"
ON Running Cloudzone Moon Zendaya Lavender Lilac (Women's),ON Running," IDR 4,550,000",https://cdn-old.kickavenue.com/eyJidWNrZXQiOiJraWNrYXZlbnVlLWFzc2V0cyIsImtleSI6InByb2R1Y3RzLzE0MDUwNy9mMGE1Y2NkZGIyMjViZGQ0MzlkMzcyMTM5ZWFlNWViNS5wbmciLCJlZGl0cyI6eyJyZXNpemUiOnsid2lkdGgiOjQwMH19fQ==,
ON Running Cloud 6 Coast Blonde Mauve (Women's),ON Running," IDR 3,300,000",https://cdn-old.kickavenue.com/eyJidWNrZXQiOiJraWNrYXZlbnVlLWFzc2V0cyIsImtleSI6InByb2R1Y3RzLzEyNzg0Mi9kYTM2ZDczMzVlNTc2YWUyMWI2NTJjMzIyZWNmNjcxMi5wbmciLCJlZGl0cyI6eyJyZXNpemUiOnsid2lkdGgiOjQwMH19fQ==,
Adidas Stan Smith Disney Bambi (Women's),Adidas," IDR 950,000",https://cdn-old.kickavenue.com/eyJidWNrZXQiOiJraWNrYXZlbnVlLWFzc2V0cyIsImtleSI6InByb2R1Y3RzLzM2NjQ5L2EyYzg4YzZkNGU1ZTY2MGIzM2JkM2E1OTIyYjZmY2QyLnBuZyIsImVkaXRzIjp7InJlc2l6ZSI6eyJ3aWR0aCI6NDAwfX19," IDR 1,485,000"
Adidas Handball Spezial Lucid Pink Almost Yellow (Women's),Adidas," IDR 2,000,000",https://cdn-old.kickavenue.com/eyJidWNrZXQiOiJraWNrYXZlbnVlLWFzc2V0cyIsImtleSI6InByb2R1Y3RzLzEwOTYxMi81NzMxZjQ5ZTc4Yjc3YmQxOTQ1NTViYjFmZmNjY2I2OC5wbmciLCJlZGl0cyI6eyJyZXNpemUiOnsid2lkdGgiOjQwMH19fQ==,
Nike V2K Run Summit White Vast Grey Pink Spell (Women's),Nike," IDR 1,250,000",https://cdn-old.kickavenue.com/eyJidWNrZXQiOiJraWNrYXZlbnVlLWFzc2V0cyIsImtleSI6InByb2R1Y3RzLzE0NDA4OS83ODc1MmU0OTczMWQ4OWNhMWQ4MjI2ZDA0ZDJiMzAxZS5wbmciLCJlZGl0cyI6eyJyZXNpemUiOnsid2lkdGgiOjQwMH19fQ==,
Nike Pegasus Premium Moon Particle Life Lime (Women's),Nike," IDR 3,950,000",https://cdn-old.kickavenue.com/eyJidWNrZXQiOiJraWNrYXZlbnVlLWFzc2V0cyIsImtleSI6InByb2R1Y3RzLzE1MTYyNi84OGUyMmViMzRlOWU4YjEzZTI4Yjc1ZDgwZjJmMzA2Ny5wbmciLCJlZGl0cyI6eyJyZXNpemUiOnsid2lkdGgiOjQwMH19fQ==,
On Running Cloud 5 Waterproof Glacier Grey White (Women's),ON Running," IDR 2,850,000",https://cdn-old.kickavenue.com/eyJidWNrZXQiOiJraWNrYXZlbnVlLWFzc2V0cyIsImtleSI6InByb2R1Y3RzLzk2OTA0LzI2Y2I5ZjgyOTM2MzIwNzEzZDc0NmM3YjJhYTFkMzZlLnBuZyIsImVkaXRzIjp7InJlc2l6ZSI6eyJ3aWR0aCI6NDAwfX19,
Jordan 4 Retro Shimmer (Women's),Air Jordan," IDR 1,500,000",https://cdn-old.kickavenue.com/eyJidWNrZXQiOiJraWNrYXZlbnVlLWFzc2V0cyIsImtleSI6InByb2R1Y3RzLzI1MzI3LzQ1YTU5MTg3YWU2ZGNiNWI1NzI0OThkNDYwY2Y4MDAyLnBuZyIsImVkaXRzIjp7InJlc2l6ZSI6eyJ3aWR0aCI6NDAwfX19,
Nike React Miler 2 Black Pink (Women's),Nike," IDR 790,000",https://cdn-old.kickavenue.com/eyJidWNrZXQiOiJraWNrYXZlbnVlLWFzc2V0cyIsImtleSI6InByb2R1Y3RzLzc1ODY2LzdiOGU5ZDUwMjczZTI5MDc5NjFhOTQwN2FhZTcxY2ZlLnBuZyIsImVkaXRzIjp7InJlc2l6ZSI6eyJ3aWR0aCI6NDAwfX19,
Nike Waffle One Vintage (Women's),Nike," IDR 850,000",https://cdn-old.kickavenue.com/eyJidWNrZXQiOiJraWNrYXZlbnVlLWFzc2V0cyIsImtleSI6InByb2R1Y3RzLzY0MTc0LzFkY2Q1Njg0MTMyMTVhNTNmZmNlODFiYmQ1ZTk0YmE0LmpwZWciLCJlZGl0cyI6eyJyZXNpemUiOnsid2lkdGgiOjQwMH19fQ==," IDR 3,118,500"
Nike Dunk High Sail Crimson Tint (Women's),Nike," IDR 840,000",https://cdn-old.kickavenue.com/eyJidWNrZXQiOiJraWNrYXZlbnVlLWFzc2V0cyIsImtleSI6InByb2R1Y3RzLzIzNTI0LzBkMWI0Y2I2MTQwM2QzZmZhMmUxZTgyNzEzMWI5ZjRmLnBuZyIsImVkaXRzIjp7InJlc2l6ZSI6eyJ3aWR0aCI6NDAwfX19," IDR 2,062,500"
Adidas Samba OG Bold Green Off White Gold (Women's),Adidas," IDR 3,000,000",https://cdn-old.kickavenue.com/eyJidWNrZXQiOiJraWNrYXZlbnVlLWFzc2V0cyIsImtleSI6InByb2R1Y3RzLzE1MTAzNi8xNGEyZGEyMjdjODJjYzAyMjBmYTE1YjZjYTY2MjYxZC5wbmciLCJlZGl0cyI6eyJyZXNpemUiOnsid2lkdGgiOjQwMH19fQ==,
Adidas Samba OG Cloud White Orange (Women's),Adidas," IDR 1,400,000",https://cdn-old.kickavenue.com/eyJidWNrZXQiOiJraWNrYXZlbnVlLWFzc2V0cyIsImtleSI6InByb2R1Y3RzLzEwNTc5NS9mZDAyZjI4MzMzYmQ4NzVkNDAyOGRjZmYzYmQxN2QwMy5wbmciLCJlZGl0cyI6eyJyZXNpemUiOnsid2lkdGgiOjQwMH19fQ==," IDR 1,650,000"
Nike Wmns Metcon 9 'Mica Green Guava Ice',Nike," IDR 3,500,000",https://cdn-old.kickavenue.com/eyJidWNrZXQiOiJraWNrYXZlbnVlLWFzc2V0cyIsImtleSI6InByb2R1Y3RzLzg3NjU0Lzg2Y2UzNDg2NGVhMzVhNGEwOTBkMDRkZDBiMDViMzgwLnBuZyIsImVkaXRzIjp7InJlc2l6ZSI6eyJ3aWR0aCI6NDAwfX19,
Adidas Samba OG Putty Grey Black (Women's),Adidas," IDR 1,710,000",https://cdn-old.kickavenue.com/eyJidWNrZXQiOiJraWNrYXZlbnVlLWFzc2V0cyIsImtleSI6InByb2R1Y3RzLzc5NDM4L2JjNzg2M2RkMWRlMGFlYzE1MGY1YWE0NjI3YjU4MjczLnBuZyIsImVkaXRzIjp7InJlc2l6ZSI6eyJ3aWR0aCI6NDAwfX19,
Adidas Gazelle Bold Green Blue Gum (Women's),Adidas," IDR 1,800,000",https://cdn-old.kickavenue.com/eyJidWNrZXQiOiJraWNrYXZlbnVlLWFzc2V0cyIsImtleSI6InByb2R1Y3RzLzExMDA5Ny80MGE2ZDdjZGNjNGQwMGY1YzU0YTM1ZWFmODA3NzI2Yi5wbmciLCJlZGl0cyI6eyJyZXNpemUiOnsid2lkdGgiOjQwMH19fQ==,
Air Jordan 1 Low Mulberry (Women's),Air Jordan," IDR 900,000",https://cdn-old.kickavenue.com/eyJidWNrZXQiOiJraWNrYXZlbnVlLWFzc2V0cyIsImtleSI6InByb2R1Y3RzLzI5NjY5LzdkOWJjMjg2YzBmOWZkZTU4ZmUzYjFhOGE1Nzk0N2RlLnBuZyIsImVkaXRzIjp7InJlc2l6ZSI6eyJ3aWR0aCI6NDAwfX19," IDR 1,815,000"
Nike Dunk Low Cracked Orange (Women's),Nike," IDR 1,100,000",https://cdn-old.kickavenue.com/eyJidWNrZXQiOiJraWNrYXZlbnVlLWFzc2V0cyIsImtleSI6InByb2R1Y3RzLzcxMDA0L2Y4ZTVmNzZiMDg2ZDM0ZDBjNDdmNzIwOWNmZTMxNzQ2LnBuZyIsImVkaXRzIjp7InJlc2l6ZSI6eyJ3aWR0aCI6NDAwfX19," IDR 1,549,000"
Nike Air Max Muse Triple Black (Women's),Nike," IDR 2,200,000",https://cdn-old.kickavenue.com/eyJidWNrZXQiOiJraWNrYXZlbnVlLWFzc2V0cyIsImtleSI6InByb2R1Y3RzLzEyNzY0MC8wNTIwZGYxYTNlYjc0YjBjYzVjMGMyM2Q3NTQxMDE0My5wbmciLCJlZGl0cyI6eyJyZXNpemUiOnsid2lkdGgiOjQwMH19fQ==,
Air Jordan 1 Low Dark Beetroot Black (Women's),Air Jordan," IDR 1,500,000",https://cdn-old.kickavenue.com/eyJidWNrZXQiOiJraWNrYXZlbnVlLWFzc2V0cyIsImtleSI6InByb2R1Y3RzLzE0MzgyL2NlOTUwMjc5ZDA1YTFmYmE2NmZmNTNkMzY5NTY5MzNhLnBuZyIsImVkaXRzIjp7InJlc2l6ZSI6eyJ3aWR0aCI6NDAwfX19," IDR 1,732,500"
Adidas Samba OG Giraffe Print Crystal Linen (Women's),Adidas," IDR 1,200,000",https://cdn-old.kickavenue.com/eyJidWNrZXQiOiJraWNrYXZlbnVlLWFzc2V0cyIsImtleSI6InByb2R1Y3RzLzE1NDA4MS9iY2ViNDk2ZDZiYWIzZGI1YzM5YjY0NTU2N2M2NTAxOC5wbmciLCJlZGl0cyI6eyJyZXNpemUiOnsid2lkdGgiOjQwMH19fQ==," IDR 1,815,000"
Nike Dunk High SP Varsity Purple (Women's),Nike," IDR 800,000",https://cdn-old.kickavenue.com/eyJidWNrZXQiOiJraWNrYXZlbnVlLWFzc2V0cyIsImtleSI6InByb2R1Y3RzLzE2MDA4L2U1NWY5MjZlMDBhMDJjYjczN2I0MTE5YWUzNWI1ODgxLnBuZyIsImVkaXRzIjp7InJlc2l6ZSI6eyJ3aWR0aCI6NDAwfX19,
Air Jordan 4 Retro Seafoam Sail (Women's),Air Jordan," IDR 2,380,000",https://cdn-old.kickavenue.com/eyJidWNrZXQiOiJraWNrYXZlbnVlLWFzc2V0cyIsImtleSI6InByb2R1Y3RzLzEyNjM0Ni84NjUxNjMzYTM1NjM3YmY2Zjk1NGVkMzdkNjRkNDQ0ZC5wbmciLCJlZGl0cyI6eyJyZXNpemUiOnsid2lkdGgiOjQwMH19fQ==," IDR 3,547,500"
Hoka One One Clifton 10 White Cielo Blue (Women's),HOKA," IDR 2,750,000",https://cdn-old.kickavenue.com/eyJidWNrZXQiOiJraWNrYXZlbnVlLWFzc2V0cyIsImtleSI6InByb2R1Y3RzLzEyODc1Mi85ZmE2OTliNWQ3ZTZmZjc3N2VmMzhlMGNkYjE5NjRjNi5wbmciLCJlZGl0cyI6eyJyZXNpemUiOnsid2lkdGgiOjQwMH19fQ==,
Adidas Sambae Leopard Off White (Women's),Adidas," IDR 1,360,000",https://cdn-old.kickavenue.com/eyJidWNrZXQiOiJraWNrYXZlbnVlLWFzc2V0cyIsImtleSI6InByb2R1Y3RzLzEzNjc4OS9hODFkYjI5ZmMzNjdlNDMyYTYxMmNjZTZkYzYzZWY5My5wbmciLCJlZGl0cyI6eyJyZXNpemUiOnsid2lkdGgiOjQwMH19fQ==," IDR 1,815,000"
Nike Air Force 1 '07 SE Recycled Wool Pack - White Black (Women's),Nike," IDR 1,140,000",https://cdn-old.kickavenue.com/eyJidWNrZXQiOiJraWNrYXZlbnVlLWFzc2V0cyIsImtleSI6InByb2R1Y3RzLzE3NTU4LzY0ZmY3NjAzNGIxZmM5Yzg2YjhhY2M2ZjRhZjJiM2E3LnBuZyIsImVkaXRzIjp7InJlc2l6ZSI6eyJ3aWR0aCI6NDAwfX19,
Nike Pegasus 40 SE Black Baltic Blue Hyper Pink (Women's),Nike," IDR 1,440,000",https://cdn-old.kickavenue.com/eyJidWNrZXQiOiJraWNrYXZlbnVlLWFzc2V0cyIsImtleSI6InByb2R1Y3RzLzYzNjc5L2RjYmE5MjMwMDJlYTNhOTFkOWU0YTQ1NGM1NjNjNzQ4LmpwZWciLCJlZGl0cyI6eyJyZXNpemUiOnsid2lkdGgiOjQwMH19fQ==," IDR 2,310,000"
Nike Air Force 1 Fontanka Phantom (Women's),Nike," IDR 990,000",https://cdn-old.kickavenue.com/eyJidWNrZXQiOiJraWNrYXZlbnVlLWFzc2V0cyIsImtleSI6InByb2R1Y3RzLzI4MzAxLzA0OWRhMTJlMThlM2I5MmZlNTVjM2RhODIwYzU0NTE2LnBuZyIsImVkaXRzIjp7InJlc2l6ZSI6eyJ3aWR0aCI6NDAwfX19," IDR 1,815,000"
Nike Zoom Vomero 5 Oatmeal (Women's),Nike," IDR 1,930,000",https://cdn-old.kickavenue.com/eyJidWNrZXQiOiJraWNrYXZlbnVlLWFzc2V0cyIsImtleSI6InByb2R1Y3RzLzc4NTIyL2NjNzFiODhkOGE2MjQ0NmNmYmVjMzc5NTRkZGVhYjVkLnBuZyIsImVkaXRzIjp7InJlc2l6ZSI6eyJ3aWR0aCI6NDAwfX19," IDR 2,489,000"
Nike Zoom Vomero 5 Sanddrift (Women's),Nike," IDR 1,400,000",https://cdn-old.kickavenue.com/eyJidWNrZXQiOiJraWNrYXZlbnVlLWFzc2V0cyIsImtleSI6InByb2R1Y3RzLzEzMzYzNC85NmQxNDkzMDViMjVkMTFjYzlmYTM5YmI0ZjUyYWE0Zi5wbmciLCJlZGl0cyI6eyJyZXNpemUiOnsid2lkdGgiOjQwMH19fQ==,
Air Jordan 1 Low LV8D Elevated Bred (Women's),Air Jordan," IDR 2,060,000",https://cdn-old.kickavenue.com/eyJidWNrZXQiOiJraWNrYXZlbnVlLWFzc2V0cyIsImtleSI6InByb2R1Y3RzLzMwMTA1L2NiZGI5Mzk3NTRmOWQ0OWQwMDBmNDBlYmFlYzQ3NjU1LnBuZyIsImVkaXRzIjp7InJlc2l6ZSI6eyJ3aWR0aCI6NDAwfX19," IDR 2,475,000"
On The Roger Pro 2 White Lime (Women's),ON Running," IDR 5,200,000",https://cdn-old.kickavenue.com/eyJidWNrZXQiOiJraWNrYXZlbnVlLWFzc2V0cyIsImtleSI6InByb2R1Y3RzLzEyNDMyOS80ODU3OGQ4ZGViY2JmMzU2ZjdkNzY5MTUzMmU3YTdhMC5wbmciLCJlZGl0cyI6eyJyZXNpemUiOnsid2lkdGgiOjQwMH19fQ==,
Nike Court Vision Low NN White Smokey Blue (Women's),Nike," IDR 950,000",https://cdn-old.kickavenue.com/eyJidWNrZXQiOiJraWNrYXZlbnVlLWFzc2V0cyIsImtleSI6InByb2R1Y3RzLzEzNDU0Ni8wOGYxM2RlYWZkYjEwYmU1ZjkwZjU4OGE3MTY4ZWYyOS5wbmciLCJlZGl0cyI6eyJyZXNpemUiOnsid2lkdGgiOjQwMH19fQ==,
Nike Dunk Low Archeo Pink (Women's),Nike," IDR 1,650,000",https://cdn-old.kickavenue.com/eyJidWNrZXQiOiJraWNrYXZlbnVlLWFzc2V0cyIsImtleSI6InByb2R1Y3RzLzI2OTM3LzY4NjA3NGFiZjEwN2QzZDIyOGE5YzZkZWE3YmJjMDRlLnBuZyIsImVkaXRzIjp7InJlc2l6ZSI6eyJ3aWR0aCI6NDAwfX19,
Nike Go FlyEase White Black (Women's),Nike," IDR 1,090,000",https://cdn-old.kickavenue.com/eyJidWNrZXQiOiJraWNrYXZlbnVlLWFzc2V0cyIsImtleSI6InByb2R1Y3RzLzg5MzY3L2E2MjZlNjkzMDM3M2JhMTVkZTIxM2FlOWRjMzBmNmRmLnBuZyIsImVkaXRzIjp7InJlc2l6ZSI6eyJ3aWR0aCI6NDAwfX19,
Nike Court Vision Alta Pink Oxford (Women's),Nike," IDR 750,000",https://cdn-old.kickavenue.com/eyJidWNrZXQiOiJraWNrYXZlbnVlLWFzc2V0cyIsImtleSI6InByb2R1Y3RzLzQyMDg1LzQ3NzY0NjU0NjQzNmRhNjgzYWVjN2Q2MzZiYzdlODk5LmpwZWciLCJlZGl0cyI6eyJyZXNpemUiOnsid2lkdGgiOjQwMH19fQ==,
Nike Air Zoom Pegasus Premium White Metallic Silver (Women's),Nike," IDR 2,400,000",https://cdn-old.kickavenue.com/eyJidWNrZXQiOiJraWNrYXZlbnVlLWFzc2V0cyIsImtleSI6InByb2R1Y3RzLzE0NjgzOS84YjQ1MDE4NWQwM2EyOGIzZmE3OGY0Y2U2ZjVhOWI2NS5wbmciLCJlZGl0cyI6eyJyZXNpemUiOnsid2lkdGgiOjQwMH19fQ==," IDR 3,465,000"
Nike ReactX Rejuven8 Black (Women's),Nike," IDR 1,450,000",https://cdn-old.kickavenue.com/eyJidWNrZXQiOiJraWNrYXZlbnVlLWFzc2V0cyIsImtleSI6InByb2R1Y3RzLzEyOTI4MC8yYzM3ZGU1MDE5NDY2NjkwMTRlNzhiNGQzNGUyYTMzNS5wbmciLCJlZGl0cyI6eyJyZXNpemUiOnsid2lkdGgiOjQwMH19fQ==,
Nike Air Zoom Pegasus 38 Shield Triple Black (Women's),Nike," IDR 900,000",https://cdn-old.kickavenue.com/eyJidWNrZXQiOiJraWNrYXZlbnVlLWFzc2V0cyIsImtleSI6InByb2R1Y3RzLzU3MjM1L2Y1OTI2MDk2NTk4MTRmN2I4ZDI1M2YyMDQzYTNmNmRiLmpwZWciLCJlZGl0cyI6eyJyZXNpemUiOnsid2lkdGgiOjQwMH19fQ==," IDR 2,145,000"
Nike Downshifter 11 Black Metallic Copper Coin (Women's),Nike," IDR 500,000",https://cdn-old.kickavenue.com/eyJidWNrZXQiOiJraWNrYXZlbnVlLWFzc2V0cyIsImtleSI6InByb2R1Y3RzLzg3NDUwLzU0M2YzMzQyMzkxODlhMTY5NDk4OTQyNTY1NWUyNzczLnBuZyIsImVkaXRzIjp7InJlc2l6ZSI6eyJ3aWR0aCI6NDAwfX19,
Nike Dunk Low Light Smoke Grey (Women's),Nike," IDR 1,290,000",https://cdn-old.kickavenue.com/eyJidWNrZXQiOiJraWNrYXZlbnVlLWFzc2V0cyIsImtleSI6InByb2R1Y3RzLzM0MzM4LzRkODNjMWQ1M2U0MmJhODE4ZmU5MDkwZTViZTIxYTc2LnBuZyIsImVkaXRzIjp7InJlc2l6ZSI6eyJ3aWR0aCI6NDAwfX19," IDR 1,549,000"
Air Jordan 1 Mid Magenta (Women's),Air Jordan," IDR 4,500,000",https://cdn-old.kickavenue.com/eyJidWNrZXQiOiJraWNrYXZlbnVlLWFzc2V0cyIsImtleSI6InByb2R1Y3RzLzEyMTA4LzRhZTJiZjZkYTIxMGVlMzE1OWQ2NmQ3NjgwNTlhMDQ1LnBuZyIsImVkaXRzIjp7InJlc2l6ZSI6eyJ3aWR0aCI6NDAwfX19,
Adidas Ultra Boost 4.0 DNA Black Silver Metallic (Women's),Adidas," IDR 1,500,000",https://cdn-old.kickavenue.com/eyJidWNrZXQiOiJraWNrYXZlbnVlLWFzc2V0cyIsImtleSI6InByb2R1Y3RzLzI5Mjg5L2Y1NTFiYmYxNmE1NWE0ODllZTUwNTk3OGQ1N2FjZTk1LnBuZyIsImVkaXRzIjp7InJlc2l6ZSI6eyJ3aWR0aCI6NDAwfX19," IDR 2,970,000"
Air Jordan Flight Court Neapolitan (Women's),Air Jordan," IDR 1,400,000",https://cdn-old.kickavenue.com/eyJidWNrZXQiOiJraWNrYXZlbnVlLWFzc2V0cyIsImtleSI6InByb2R1Y3RzLzE0MzA1Mi8yM2FiNTNmMTU0ZTJlZWJiOWM3ZjA4YzkwNjFiYWI2Ny5wbmciLCJlZGl0cyI6eyJyZXNpemUiOnsid2lkdGgiOjQwMH19fQ==," IDR 2,392,500"
Nike Air Force 1 '07 Next Nature White Aster Pink (Women's),Nike," IDR 1,000,000",https://cdn-old.kickavenue.com/eyJidWNrZXQiOiJraWNrYXZlbnVlLWFzc2V0cyIsImtleSI6InByb2R1Y3RzLzEwOTE4MC9hNzkxNzNkMzQ4ODMxMjFhZmU0MmVkYjU2YmMwYjhiNi5wbmciLCJlZGl0cyI6eyJyZXNpemUiOnsid2lkdGgiOjQwMH19fQ==," IDR 1,897,500"
Nike Air Force 1 Low  Shadow Sail Glacier Blue (Women's),Nike," IDR 1,500,000",https://cdn-old.kickavenue.com/eyJidWNrZXQiOiJraWNrYXZlbnVlLWFzc2V0cyIsImtleSI6InByb2R1Y3RzLzEwOTE5MC83MWRiZGJlYzkwNzA5NDU1NDIxMjM2OTg0MGRhMGQ2Ny5wbmciLCJlZGl0cyI6eyJyZXNpemUiOnsid2lkdGgiOjQwMH19fQ==,
Nike Air Max 97 OG Atlantic Blue Voltage Yellow (Women's),Nike," IDR 1,450,000",https://cdn-old.kickavenue.com/eyJidWNrZXQiOiJraWNrYXZlbnVlLWFzc2V0cyIsImtleSI6InByb2R1Y3RzLzM1OTUxLzZkODY5MjEwMTkwMzNhNzUwMjM1MTM2Mzg5YjlhNzk3LnBuZyIsImVkaXRzIjp7InJlc2l6ZSI6eyJ3aWR0aCI6NDAwfX19," IDR 2,640,000"
Air Jordan 1 Retro High OG Metallic Gold (Women's),Air Jordan," IDR 1,100,000",https://cdn-old.kickavenue.com/eyJidWNrZXQiOiJraWNrYXZlbnVlLWFzc2V0cyIsImtleSI6InByb2R1Y3RzLzc4ODQzLzBjNDE3NTA0MmYwZmJlODZjMjMwNjFmN2YzYThjM2Q3LnBuZyIsImVkaXRzIjp7InJlc2l6ZSI6eyJ3aWR0aCI6NDAwfX19," IDR 2,970,000"
"Nike PacificParticle Pink White Total Orange Platinum Violet (Women's)",Nike," IDR 1,300,000",https://cdn-old.kickavenue.com/eyJidWNrZXQiOiJraWNrYXZlbnVlLWFzc2V0cyIsImtleSI6InByb2R1Y3RzLzEzMzYxNy9iYTc3YWQ5NjI3ZDlkYzBkMmM3ZDI3OGVhZmZkMjdiNS5wbmciLCJlZGl0cyI6eyJyZXNpemUiOnsid2lkdGgiOjQwMH19fQ==,
Nike ZoomX VaporFly Next% 3 White Jade Ice (Women's),Nike," IDR 2,000,000",https://cdn-old.kickavenue.com/eyJidWNrZXQiOiJraWNrYXZlbnVlLWFzc2V0cyIsImtleSI6InByb2R1Y3RzLzkzMTk5LzFkNzczOGQ0YWFiNjc4NDRhYzcyODgyMjhkMWZhNWIxLnBuZyIsImVkaXRzIjp7InJlc2l6ZSI6eyJ3aWR0aCI6NDAwfX19,
Nike Dunk Low LX Black Team Gold (Women's),Nike," IDR 2,550,000",https://cdn-old.kickavenue.com/eyJidWNrZXQiOiJraWNrYXZlbnVlLWFzc2V0cyIsImtleSI6InByb2R1Y3RzLzQyNTM4L2Q3YmU2MmY0ODZhZjRmNzRiNGUyNDI2YzZmZjA0NzkyLmpwZWciLCJlZGl0cyI6eyJyZXNpemUiOnsid2lkdGgiOjQwMH19fQ==,
Nike Calm Light Bone (Women's),Nike," IDR 1,450,000",https://cdn-old.kickavenue.com/eyJidWNrZXQiOiJraWNrYXZlbnVlLWFzc2V0cyIsImtleSI6InByb2R1Y3RzLzEwNTM2OC85NzhmNTJjNjBhMzE3NDVhZWY4YjNkZDExMGFhNTg3MS5wbmciLCJlZGl0cyI6eyJyZXNpemUiOnsid2lkdGgiOjQwMH19fQ==,
Air Jordan 1 Low Barely Grape (Women's),Air Jordan," IDR 960,000",https://cdn-old.kickavenue.com/eyJidWNrZXQiOiJraWNrYXZlbnVlLWFzc2V0cyIsImtleSI6InByb2R1Y3RzLzQyNTQwLzNmNTI5ZDI1OGIxMjdjMjRhNjdlMzM3MDFkYzE1NDdhLmpwZWciLCJlZGl0cyI6eyJyZXNpemUiOnsid2lkdGgiOjQwMH19fQ==," IDR 1,815,000"
Air Jordan 1 Elevate Low Stealth (Women's),Air Jordan," IDR 1,040,000",https://cdn-old.kickavenue.com/eyJidWNrZXQiOiJraWNrYXZlbnVlLWFzc2V0cyIsImtleSI6InByb2R1Y3RzLzQxMjc3LzI0YWVjNDcwNDI0M2FhMjRjYjRkMjk3N2U0ZDkwMGMyLmpwZWciLCJlZGl0cyI6eyJyZXNpemUiOnsid2lkdGgiOjQwMH19fQ==," IDR 2,227,500"
Air Jordan 1 Low Phantom Denim (Women's),Air Jordan," IDR 2,300,000",https://cdn-old.kickavenue.com/eyJidWNrZXQiOiJraWNrYXZlbnVlLWFzc2V0cyIsImtleSI6InByb2R1Y3RzLzk2MTQwLzY3YmI3ZTE5MmYzMWQyZmNmY2E5MzQyNzVhZTk5MTY5LnBuZyIsImVkaXRzIjp7InJlc2l6ZSI6eyJ3aWR0aCI6NDAwfX19,
Nike Initiator Silver Red (Women's),Nike," IDR 1,050,000",https://cdn-old.kickavenue.com/eyJidWNrZXQiOiJraWNrYXZlbnVlLWFzc2V0cyIsImtleSI6InByb2R1Y3RzLzgzNTgzL2E2ZDNkNzJmNWUxNTE0MWVhMTE0ODNjMzhiYTQ4N2ZhLnBuZyIsImVkaXRzIjp7InJlc2l6ZSI6eyJ3aWR0aCI6NDAwfX19,
ASICS Gel-1130 Pale Oak Menthol (Women's),ASICS," IDR 1,650,000",https://cdn-old.kickavenue.com/eyJidWNrZXQiOiJraWNrYXZlbnVlLWFzc2V0cyIsImtleSI6InByb2R1Y3RzLzEzMzEwMS81Y2YzM2NhODRjNjk4ZDkzMTczMTNmMWVjNTI2ZDc2OS5wbmciLCJlZGl0cyI6eyJyZXNpemUiOnsid2lkdGgiOjQwMH19fQ==,
"Nike MotivaNorBlack NorWhite Armory Navy (Women's)",Nike," IDR 1,170,000",https://cdn-old.kickavenue.com/eyJidWNrZXQiOiJraWNrYXZlbnVlLWFzc2V0cyIsImtleSI6InByb2R1Y3RzLzEzMzY0Ny9kYzBlYjVkZTIyODA2ZGExMjYxN2ZmYTI5MWQyZjAxZC5wbmciLCJlZGl0cyI6eyJyZXNpemUiOnsid2lkdGgiOjQwMH19fQ==,
Nike Cortez White Black Light Photo Blue (Women's),Nike," IDR 1,180,000",https://cdn-old.kickavenue.com/eyJidWNrZXQiOiJraWNrYXZlbnVlLWFzc2V0cyIsImtleSI6InByb2R1Y3RzLzU4Mzg1LzBiYzRkOWU3OGU3MTk1YTM1N2ViMTY4Y2U4ODUzYmQyLmpwZWciLCJlZGl0cyI6eyJyZXNpemUiOnsid2lkdGgiOjQwMH19fQ==," IDR 1,402,500"
Nike Air Peg 2K5 Sea Glass (Women's),Nike," IDR 1,240,000",https://cdn-old.kickavenue.com/eyJidWNrZXQiOiJraWNrYXZlbnVlLWFzc2V0cyIsImtleSI6InByb2R1Y3RzLzEwNDg3Ny84MTAyYjdlMWJkMjEwZDY3OTVjNWY0NjMxYTg3ZTc2OC5wbmciLCJlZGl0cyI6eyJyZXNpemUiOnsid2lkdGgiOjQwMH19fQ==," IDR 2,475,000"
Nike Air Max Muse SE Bruce Lee (Women's),Nike," IDR 3,800,000",https://cdn-old.kickavenue.com/eyJidWNrZXQiOiJraWNrYXZlbnVlLWFzc2V0cyIsImtleSI6InByb2R1Y3RzLzEzOTk1Ni9mNzFjNDcxMDIyNjlhZjYwZGNhZTlkMDVjZWYxYzc2Ni5wbmciLCJlZGl0cyI6eyJyZXNpemUiOnsid2lkdGgiOjQwMH19fQ==,
Nike Air Max 1 Summit White Phantom (Women's),Nike," IDR 2,370,000",https://cdn-old.kickavenue.com/eyJidWNrZXQiOiJraWNrYXZlbnVlLWFzc2V0cyIsImtleSI6InByb2R1Y3RzLzU2NjUxL2ZkYmNkMWIzNjY0ZTFmMDM4YzVjYTljYTZhZDJiM2I3LmpwZWciLCJlZGl0cyI6eyJyZXNpemUiOnsid2lkdGgiOjQwMH19fQ==," IDR 2,475,000"
Air Jordan 1 Low Pink Salt Guava Ice (Women's),Air Jordan," IDR 1,200,000",https://cdn-old.kickavenue.com/eyJidWNrZXQiOiJraWNrYXZlbnVlLWFzc2V0cyIsImtleSI6InByb2R1Y3RzLzEyNzA3Ni8zZjNmNTU5NjIzOWE3MDUzOWZhMDA4YzM3M2Q3YWFjNS5wbmciLCJlZGl0cyI6eyJyZXNpemUiOnsid2lkdGgiOjQwMH19fQ==,
Nike Calm Flip Flop Platinum Violet (Women's),Nike," IDR 300,000",https://cdn-old.kickavenue.com/eyJidWNrZXQiOiJraWNrYXZlbnVlLWFzc2V0cyIsImtleSI6InByb2R1Y3RzLzk4MDg3Lzc3MmNlMjY0MTk3YWY5MmRjYWUxZjkwMGNkZTlkNDA4LnBuZyIsImVkaXRzIjp7InJlc2l6ZSI6eyJ3aWR0aCI6NDAwfX19,
Converse Chuck Taylor All-Star Move High Black (Women's),Converse," IDR 1,100,000",https://cdn-old.kickavenue.com/eyJidWNrZXQiOiJraWNrYXZlbnVlLWFzc2V0cyIsImtleSI6InByb2R1Y3RzLzMxNDA0LzI1ZThiODAzODJjM2NjNTg4ZDJkMmJjNjlkYzVmMGFhLnBuZyIsImVkaXRzIjp7InJlc2l6ZSI6eyJ3aWR0aCI6NDAwfX19," IDR 1,237,500"
Air Jordan 1 Mid Strawberries and Cream (Women's),Air Jordan," IDR 1,340,000",https://cdn-old.kickavenue.com/eyJidWNrZXQiOiJraWNrYXZlbnVlLWFzc2V0cyIsImtleSI6InByb2R1Y3RzLzU4OTAyLzBmM2M2YzQyNTgyZDBjMjczMmRiYzVmOGQyYWM3MTM5LmpwZWciLCJlZGl0cyI6eyJyZXNpemUiOnsid2lkdGgiOjQwMH19fQ==," IDR 2,062,500"
Nike Waffle One Black (Women's),Nike," IDR 1,130,000",https://cdn-old.kickavenue.com/eyJidWNrZXQiOiJraWNrYXZlbnVlLWFzc2V0cyIsImtleSI6InByb2R1Y3RzLzI0OTUzLzk3OWRkNTE5MjkzNjNiMjFlOWYyNWEwM2M1YmY4MTgxLnBuZyIsImVkaXRzIjp7InJlc2l6ZSI6eyJ3aWR0aCI6NDAwfX19," IDR 1,650,000"
Adidas Gazelle Bold Wild Pink (Women's),Adidas," IDR 1,500,000",https://cdn-old.kickavenue.com/eyJidWNrZXQiOiJraWNrYXZlbnVlLWFzc2V0cyIsImtleSI6InByb2R1Y3RzLzcyNTU0L2E4ZGZjODJlMDViOGE5ODAxMWM1YTkyMjk5N2ViMzc3LnBuZyIsImVkaXRzIjp7InJlc2l6ZSI6eyJ3aWR0aCI6NDAwfX19,
Air Jordan 1 High Zoom Air CMFT 2 Teyana Taylor A Rose From Harlem (Women's),Air Jordan," IDR 4,500,000",https://cdn-old.kickavenue.com/eyJidWNrZXQiOiJraWNrYXZlbnVlLWFzc2V0cyIsImtleSI6InByb2R1Y3RzLzYxNzM3L2I3YzNjOWZmMDRmMTdmNjdiYWIzNTFlYzJlNDJkZmRiLmpwZWciLCJlZGl0cyI6eyJyZXNpemUiOnsid2lkdGgiOjQwMH19fQ==,
Nike Dunk Low Essential Paisley Pack Barley (Women's),Nike," IDR 1,000,000",https://cdn-old.kickavenue.com/eyJidWNrZXQiOiJraWNrYXZlbnVlLWFzc2V0cyIsImtleSI6InByb2R1Y3RzLzMwODg2Lzg2ZGY0ZTRkMmZmOGU3ZjQyYzdmNGYzN2YzYWZiOGNkLnBuZyIsImVkaXRzIjp7InJlc2l6ZSI6eyJ3aWR0aCI6NDAwfX19," IDR 1,549,000"
Air Jordan 12 Retro SP A Ma Maniére Black (Women's),Air Jordan," IDR 4,290,000",https://cdn-old.kickavenue.com/eyJidWNrZXQiOiJraWNrYXZlbnVlLWFzc2V0cyIsImtleSI6InByb2R1Y3RzLzQzNjg3LzQwYjQ4YjBjZDQwMWVjMThiMGRlZWQ0NzY2NTZkNTZmLmpwZWciLCJlZGl0cyI6eyJyZXNpemUiOnsid2lkdGgiOjQwMH19fQ==,
Air Jordan 11 Retro Animal Instinct (Women's),Air Jordan," IDR 2,500,000",https://cdn-old.kickavenue.com/eyJidWNrZXQiOiJraWNrYXZlbnVlLWFzc2V0cyIsImtleSI6InByb2R1Y3RzLzI3OTk0LzBkZjc2MjYzODUwMzI3ZTE1YTNiNmFhNTk3ZGY1NjUzLnBuZyIsImVkaXRzIjp7InJlc2l6ZSI6eyJ3aWR0aCI6NDAwfX19," IDR 3,712,500"
Nike Air Force 1 Shadow Jade Smoke (Women's),Nike," IDR 900,000",https://cdn-old.kickavenue.com/eyJidWNrZXQiOiJraWNrYXZlbnVlLWFzc2V0cyIsImtleSI6InByb2R1Y3RzLzI3MDcxL2E5MDg5OTU0ZjZmMzQyYWMyMmUwMmM5N2ZlNmI4ZmZiLnBuZyIsImVkaXRzIjp7InJlc2l6ZSI6eyJ3aWR0aCI6NDAwfX19," IDR 1,897,500"
Air Jordan 1 Low Sherpa Fleece (Women's),Air Jordan," IDR 1,450,000",https://cdn-old.kickavenue.com/eyJidWNrZXQiOiJraWNrYXZlbnVlLWFzc2V0cyIsImtleSI6InByb2R1Y3RzLzMwMDMyL2UyMzdhNTRlNWJkM2U3YzhjOWUzMzAzOGRhYmVlNDViLnBuZyIsImVkaXRzIjp7InJlc2l6ZSI6eyJ3aWR0aCI6NDAwfX19," IDR 2,310,000"
Adidas Japan Off White Collegiate Green Orange Tint (Women's),Adidas," IDR 2,050,000",https://cdn-old.kickavenue.com/eyJidWNrZXQiOiJraWNrYXZlbnVlLWFzc2V0cyIsImtleSI6InByb2R1Y3RzLzEzMzA5Mi85MzRiZDBmOWZhMGM0MjkwYmM1M2UxMmUzNjY1N2E0My5wbmciLCJlZGl0cyI6eyJyZXNpemUiOnsid2lkdGgiOjQwMH19fQ==,
Air Jordan 1 Low Particle Beige (Women's),Air Jordan," IDR 2,160,000",https://cdn-old.kickavenue.com/eyJidWNrZXQiOiJraWNrYXZlbnVlLWFzc2V0cyIsImtleSI6InByb2R1Y3RzLzExMTUwNC83ZjJlNzhjMGUxZTlkNDg3ZmJkMzdhOGU3NjVlZjBkNi5wbmciLCJlZGl0cyI6eyJyZXNpemUiOnsid2lkdGgiOjQwMH19fQ==,
Nike Air Force 1 '07 LV 8 Sail Barely Orange (Women's),Nike," IDR 1,200,000",https://cdn-old.kickavenue.com/eyJidWNrZXQiOiJraWNrYXZlbnVlLWFzc2V0cyIsImtleSI6InByb2R1Y3RzLzExNDE0OS84NGJmNDc4NmFkNDQ0MGQ5ZTVjNWY0NGJkYTE1N2MxMi5wbmciLCJlZGl0cyI6eyJyZXNpemUiOnsid2lkdGgiOjQwMH19fQ==," IDR 1,897,500"
Nike Air Max INTRLK Lite White (Women's),Nike," IDR 700,000",https://cdn-old.kickavenue.com/eyJidWNrZXQiOiJraWNrYXZlbnVlLWFzc2V0cyIsImtleSI6InByb2R1Y3RzLzM3NDY3L2Y1NTE2YjIyYzdlMzE2YjM5N2M4ZjE2OTQwOWUwNDkxLnBuZyIsImVkaXRzIjp7InJlc2l6ZSI6eyJ3aWR0aCI6NDAwfX19," IDR 1,320,000"
Air Jordan 1 High OG Latte Brown (Women's),Air Jordan," IDR 2,190,000",https://cdn-old.kickavenue.com/eyJidWNrZXQiOiJraWNrYXZlbnVlLWFzc2V0cyIsImtleSI6InByb2R1Y3RzLzczNTQ1LzgzOWY2MDJkMDI0YTk0YjMwN2Q0ZjNjNmFhMjdjZTYzLnBuZyIsImVkaXRzIjp7InJlc2l6ZSI6eyJ3aWR0aCI6NDAwfX19," IDR 2,970,000"
Nike Vomero Plus Sail Alabaster Summit White (Women's),Nike," IDR 2,750,000",https://cdn-old.kickavenue.com/eyJidWNrZXQiOiJraWNrYXZlbnVlLWFzc2V0cyIsImtleSI6InByb2R1Y3RzLzE0NTY2MS9mZjQwNTI4Nzk3ODQ4NDk5Y2M1MGUzYzU0YzhhY2UyYS5wbmciLCJlZGl0cyI6eyJyZXNpemUiOnsid2lkdGgiOjQwMH19fQ==,
Converse Chuck Taylor All-Star 70's High Lime Twist (Women's),Converse," IDR 1,260,000",https://cdn-old.kickavenue.com/eyJidWNrZXQiOiJraWNrYXZlbnVlLWFzc2V0cyIsImtleSI6InByb2R1Y3RzLzM3NTQxL2EzNDA1OWM3ZmM0MTM3MjY5NmQ3MzA3MDE5OGRlN2FmLnBuZyIsImVkaXRzIjp7InJlc2l6ZSI6eyJ3aWR0aCI6NDAwfX19," IDR 1,402,500"
Nike Air Force 1 Low Shadow Sail Light Silver Citron Tint (Women's),Nike," IDR 1,200,000",https://cdn-old.kickavenue.com/eyJidWNrZXQiOiJraWNrYXZlbnVlLWFzc2V0cyIsImtleSI6InByb2R1Y3RzLzQzMTg4L2Q3YTA4MzBmNTZiNTBiYmJiY2U4NmYzOGU3MjYwMTc1LmpwZWciLCJlZGl0cyI6eyJyZXNpemUiOnsid2lkdGgiOjQwMH19fQ==," IDR 1,815,000"
Hoka One One Mach X 3 Neon Rose Tangerine (Women's),HOKA," IDR 2,700,000",https://cdn-old.kickavenue.com/eyJidWNrZXQiOiJraWNrYXZlbnVlLWFzc2V0cyIsImtleSI6InByb2R1Y3RzLzE1MDE4My8wM2E0MWE3NWVlODUxNDRjZDg2YWM3Y2JjMGM0MmIwYi5wbmciLCJlZGl0cyI6eyJyZXNpemUiOnsid2lkdGgiOjQwMH19fQ==," IDR 3,135,000"
Nike Dunk Low LX Light Smoke Grey (Women's),Nike," IDR 1,200,000",https://cdn-old.kickavenue.com/eyJidWNrZXQiOiJraWNrYXZlbnVlLWFzc2V0cyIsImtleSI6InByb2R1Y3RzLzczNDM5LzAzMDdkZDc5ZjY4ZDgxNDQ4M2I5OGRhNzQyYWIyYjAxLnBuZyIsImVkaXRzIjp7InJlc2l6ZSI6eyJ3aWR0aCI6NDAwfX19," IDR 2,099,000"
Nike Shox R4 White Black Suede (Women's),Nike," IDR 1,700,000",https://cdn-old.kickavenue.com/eyJidWNrZXQiOiJraWNrYXZlbnVlLWFzc2V0cyIsImtleSI6InByb2R1Y3RzLzEzNzE5OS9jYjM1NjQxNDBkNWI0NDViYzA4NTA5YTgyM2QyODQzNS5wbmciLCJlZGl0cyI6eyJyZXNpemUiOnsid2lkdGgiOjQwMH19fQ==," IDR 2,805,000"
Adidas SL 72 OG Cloud White Better Scarlet (Women's),Adidas," IDR 900,000",https://cdn-old.kickavenue.com/eyJidWNrZXQiOiJraWNrYXZlbnVlLWFzc2V0cyIsImtleSI6InByb2R1Y3RzLzExMTYwNC9jYTE5ZDQ3NzU2M2U3YTNlZmFjYjM5MzIyMTQzYjFiZi5wbmciLCJlZGl0cyI6eyJyZXNpemUiOnsid2lkdGgiOjQwMH19fQ==,
Adidas Sambarose (Women's),Adidas," IDR 1,280,000",https://cdn-old.kickavenue.com/eyJidWNrZXQiOiJraWNrYXZlbnVlLWFzc2V0cyIsImtleSI6InByb2R1Y3RzLzY4NDkvNWRmZDc4ZGI3ZmVmMmY5MjhhM2VmNWQzODQzYTg3ZDIucG5nIiwiZWRpdHMiOnsicmVzaXplIjp7IndpZHRoIjo0MDB9fX0=," IDR 2,343,000"
Nike Dunk Low Disrupt 2 Panda (Women's),Nike," IDR 1,150,000",https://cdn-old.kickavenue.com/eyJidWNrZXQiOiJraWNrYXZlbnVlLWFzc2V0cyIsImtleSI6InByb2R1Y3RzLzQwNzYyLzllYWIyNjFlMGU3YjMyZDM5Y2NhM2ZkNjQ5NDVjNGVjLmpwZWciLCJlZGl0cyI6eyJyZXNpemUiOnsid2lkdGgiOjQwMH19fQ==," IDR 1,549,000"
Adidas Gazelle Indoor Semi Spark Wonder Clay (Women's),Adidas," IDR 1,550,000",https://cdn-old.kickavenue.com/eyJidWNrZXQiOiJraWNrYXZlbnVlLWFzc2V0cyIsImtleSI6InByb2R1Y3RzLzEwMzU5My84ZDEzNDcyOTcwNTIwODQ5Y2QwMTRlODUzM2EyZmJlZC5wbmciLCJlZGl0cyI6eyJyZXNpemUiOnsid2lkdGgiOjQwMH19fQ==,
Adidas Gazelle Indoor Ash Green Cloud White (Women's),Adidas," IDR 1,800,000",https://cdn-old.kickavenue.com/eyJidWNrZXQiOiJraWNrYXZlbnVlLWFzc2V0cyIsImtleSI6InByb2R1Y3RzLzE0NDc1My8wZTVlZmM4YjFmMGU1ZGQwNDI4N2VmYTVmYTBlMmJjMS5wbmciLCJlZGl0cyI6eyJyZXNpemUiOnsid2lkdGgiOjQwMH19fQ==,
adidas Sambae atmos Pink Denim (Women's),Adidas," IDR 2,400,000",https://cdn-old.kickavenue.com/eyJidWNrZXQiOiJraWNrYXZlbnVlLWFzc2V0cyIsImtleSI6InByb2R1Y3RzLzEwMzI5Mi9lMjZkYjBkOWRlYjY0ZmNiYTkwNjgwZTM4MmRmZTQ5ZS5wbmciLCJlZGl0cyI6eyJyZXNpemUiOnsid2lkdGgiOjQwMH19fQ==,
Nike Dunk Low Twist University Blue (Women's),Nike," IDR 1,350,000",https://cdn-old.kickavenue.com/eyJidWNrZXQiOiJraWNrYXZlbnVlLWFzc2V0cyIsImtleSI6InByb2R1Y3RzLzczNTE2L2JjYjk5NjVlNDBiOTExNDY2NzAyMzVkYTk2NmMyNTdkLnBuZyIsImVkaXRzIjp7InJlc2l6ZSI6eyJ3aWR0aCI6NDAwfX19," IDR 1,549,000"
Nike Dunk Low Bacon (Women's),Nike," IDR 1,180,000",https://cdn-old.kickavenue.com/eyJidWNrZXQiOiJraWNrYXZlbnVlLWFzc2V0cyIsImtleSI6InByb2R1Y3RzLzczNTQ2L2U4MTc3ZGUxZDEzZTRmOGQxNWY3ODk4YzkxOGVlNTM0LnBuZyIsImVkaXRzIjp7InJlc2l6ZSI6eyJ3aWR0aCI6NDAwfX19," IDR 1,549,000"
Nike Air Force 1 Low '07 SEJust Do It Triple White (Women's),Nike," IDR 1,500,000",https://cdn-old.kickavenue.com/eyJidWNrZXQiOiJraWNrYXZlbnVlLWFzc2V0cyIsImtleSI6InByb2R1Y3RzLzczNzU4LzBmODc3ZmFmMzg5YzA0MWM0NTExODI0NGNhMWFmZDE2LnBuZyIsImVkaXRzIjp7InJlc2l6ZSI6eyJ3aWR0aCI6NDAwfX19," IDR 1,910,000"
Air Jordan 1 Mid SE Valentine's Day Flowers (Women's),Air Jordan," IDR 1,420,000",https://cdn-old.kickavenue.com/eyJidWNrZXQiOiJraWNrYXZlbnVlLWFzc2V0cyIsImtleSI6InByb2R1Y3RzLzU4MjM0LzUyNWU1NTdkOGI5Zjk5MDg5Yzc4M2I2NjBkODBmOGNkLmpwZWciLCJlZGl0cyI6eyJyZXNpemUiOnsid2lkdGgiOjQwMH19fQ==," IDR 2,227,500"
Nike Wmns Legend Essential 3 Next Nature 'Black White',Nike," IDR 400,000",https://cdn-old.kickavenue.com/eyJidWNrZXQiOiJraWNrYXZlbnVlLWFzc2V0cyIsImtleSI6InByb2R1Y3RzLzg3NjA0LzFiMzM2ZmVjNDgzZGMxNzgyNTE0YmM4ZTJkNzM4ODRmLnBuZyIsImVkaXRzIjp7InJlc2l6ZSI6eyJ3aWR0aCI6NDAwfX19,
Adidas Gazelle X Ordinary People Bold City Of Seoul Pack White (Women's),Adidas," IDR 1,300,000",https://cdn-old.kickavenue.com/eyJidWNrZXQiOiJraWNrYXZlbnVlLWFzc2V0cyIsImtleSI6InByb2R1Y3RzLzEwNjk1OS9iNzQ3MzBmMjFkZjE5NGY0Y2I1YWEyY2ViZDI2Zjk4Yy5wbmciLCJlZGl0cyI6eyJyZXNpemUiOnsid2lkdGgiOjQwMH19fQ==,
Adidas Gazelle Bold Black White (Women's),Adidas," IDR 800,000",https://cdn-old.kickavenue.com/eyJidWNrZXQiOiJraWNrYXZlbnVlLWFzc2V0cyIsImtleSI6InByb2R1Y3RzLzc0ODk0L2U5YWMyNDE0Y2ZhYWNlODg5OTgyMDM2NjE5NGQxMTBkLnBuZyIsImVkaXRzIjp7InJlc2l6ZSI6eyJ3aWR0aCI6NDAwfX19,
Air Jordan 1 Low Black Dark Powder Blue (Women's),Air Jordan," IDR 1,000,000",https://cdn-old.kickavenue.com/eyJidWNrZXQiOiJraWNrYXZlbnVlLWFzc2V0cyIsImtleSI6InByb2R1Y3RzLzM1ODg3L2NkN2I3ZjJjN2I5ZWM1MWNmNmFlOWU5NDZjOTlkNDA4LnBuZyIsImVkaXRzIjp7InJlc2l6ZSI6eyJ3aWR0aCI6NDAwfX19," IDR 1,980,000"
Nike LD-1000 Summit White Black (Women's),Nike," IDR 1,150,000",https://cdn-old.kickavenue.com/eyJidWNrZXQiOiJraWNrYXZlbnVlLWFzc2V0cyIsImtleSI6InByb2R1Y3RzLzEzNDkzMS83ZDc2ZjFlNDI1NDJhMmE1NzcyM2ZhNTVlMjlkNDYzNC5wbmciLCJlZGl0cyI6eyJyZXNpemUiOnsid2lkdGgiOjQwMH19fQ==," IDR 1,650,000"
Nike Court Vision Alta White Pink Oxford (Women's),Nike," IDR 700,000",https://cdn-old.kickavenue.com/eyJidWNrZXQiOiJraWNrYXZlbnVlLWFzc2V0cyIsImtleSI6InByb2R1Y3RzLzExMzg0Ny8wNTlmZGY4MTBjYWJjNjQ4NGE0ZjQwN2I2ZjdmYjhmZi5wbmciLCJlZGl0cyI6eyJyZXNpemUiOnsid2lkdGgiOjQwMH19fQ==,
Nike LD-1000 University Red Metallic (Women's),Nike," IDR 800,000",https://cdn-old.kickavenue.com/eyJidWNrZXQiOiJraWNrYXZlbnVlLWFzc2V0cyIsImtleSI6InByb2R1Y3RzLzEyNTc2OC9jMzNjYTNhNDlmMTc5ZDk4ZDA4MDFkYWM2NDRkZWQzNC5wbmciLCJlZGl0cyI6eyJyZXNpemUiOnsid2lkdGgiOjQwMH19fQ==," IDR 1,650,000"
Nike Dunk Low Retro Sun Club Burn Sunrise (Women's),Nike," IDR 900,000",https://cdn-old.kickavenue.com/eyJidWNrZXQiOiJraWNrYXZlbnVlLWFzc2V0cyIsImtleSI6InByb2R1Y3RzLzM2ODkzLzcwZTMyNGQ4NWFmODM2NDNlMzlhOTM3MWNlZGFiNDQ5LnBuZyIsImVkaXRzIjp7InJlc2l6ZSI6eyJ3aWR0aCI6NDAwfX19," IDR 1,549,000"
Adidas Gazelle Indoor X Hello Kitty White Red Core Black (Women's),Adidas," IDR 2,130,000",https://cdn-old.kickavenue.com/eyJidWNrZXQiOiJraWNrYXZlbnVlLWFzc2V0cyIsImtleSI6InByb2R1Y3RzLzExMjg2MC9jZjMyZDk0YWJjMzgxNzFjY2Q4MmUwZDEyMGVkOTdlYi5wbmciLCJlZGl0cyI6eyJyZXNpemUiOnsid2lkdGgiOjQwMH19fQ==,
Adidas Gazelle Bold Wonder Quartz Black Gum (Women's),Adidas," IDR 1,150,000",https://cdn-old.kickavenue.com/eyJidWNrZXQiOiJraWNrYXZlbnVlLWFzc2V0cyIsImtleSI6InByb2R1Y3RzLzk1NzM0LzAyNjM1ZTFiNTRkMmIzYzQ4ZDJhZmNkMWNlZjUxMTI4LnBuZyIsImVkaXRzIjp7InJlc2l6ZSI6eyJ3aWR0aCI6NDAwfX19," IDR 1,980,000"
Converse Chuck 70 High De Luxe Heel Egret (Women's),Converse," IDR 1,050,000",https://cdn-old.kickavenue.com/eyJidWNrZXQiOiJraWNrYXZlbnVlLWFzc2V0cyIsImtleSI6InByb2R1Y3RzLzczMTg3LzdlMjczNmIwNjRhMmNhYjc3MGM0N2EzNGJlMjcwNDQxLnBuZyIsImVkaXRzIjp7InJlc2l6ZSI6eyJ3aWR0aCI6NDAwfX19,
Air Jordan 1 Mid Panda (Women's),Air Jordan," IDR 1,450,000",https://cdn-old.kickavenue.com/eyJidWNrZXQiOiJraWNrYXZlbnVlLWFzc2V0cyIsImtleSI6InByb2R1Y3RzLzY1MzEyL2MxNmUzN2VmMWQyNzRjZjgzZjgwY2ZlOGQ1Njk1ZGIyLnBuZyIsImVkaXRzIjp7InJlc2l6ZSI6eyJ3aWR0aCI6NDAwfX19," IDR 2,062,500"
Air Jordan 1 Low Blue Whisper (Women's),Air Jordan," IDR 1,500,000",https://cdn-old.kickavenue.com/eyJidWNrZXQiOiJraWNrYXZlbnVlLWFzc2V0cyIsImtleSI6InByb2R1Y3RzLzk1NTE5L2YyZmZlYmMxMTg2MjkyMTY1ZTliYTU3OTVhMGU4ODEyLnBuZyIsImVkaXRzIjp7InJlc2l6ZSI6eyJ3aWR0aCI6NDAwfX19," IDR 1,897,500"
Adidas Samba OG Carbon (Women's),Adidas," IDR 1,670,000",https://cdn-old.kickavenue.com/eyJidWNrZXQiOiJraWNrYXZlbnVlLWFzc2V0cyIsImtleSI6InByb2R1Y3RzLzEzNTgxNy9kZjQwMGZiOGU1YzdkZDY1NzE4MGI1M2UwY2UyNjBiOC5wbmciLCJlZGl0cyI6eyJyZXNpemUiOnsid2lkdGgiOjQwMH19fQ==,
Adidas Samba OG Silver Green (Women's),Adidas," IDR 2,010,000",https://cdn-old.kickavenue.com/eyJidWNrZXQiOiJraWNrYXZlbnVlLWFzc2V0cyIsImtleSI6InByb2R1Y3RzLzEwMzY2NS81YmRiNGJlYjFjYjA4ODY5ZDI1NGYxYWVjNTQxMTVmNS5wbmciLCJlZGl0cyI6eyJyZXNpemUiOnsid2lkdGgiOjQwMH19fQ==,
Air Jordan 5 Retro Earth (Women's),Air Jordan," IDR 1,650,000",https://cdn-old.kickavenue.com/eyJidWNrZXQiOiJraWNrYXZlbnVlLWFzc2V0cyIsImtleSI6InByb2R1Y3RzLzEyMDk5Ni81YTE5ZjFhNzkzMmY3OTM5NmE4Zjk3ODFjOGZmNGE2Mi5wbmciLCJlZGl0cyI6eyJyZXNpemUiOnsid2lkdGgiOjQwMH19fQ==," IDR 3,300,000"
Nike Initiator Sail Game Royal (Women's),Nike," IDR 950,000",https://cdn-old.kickavenue.com/eyJidWNrZXQiOiJraWNrYXZlbnVlLWFzc2V0cyIsImtleSI6InByb2R1Y3RzLzExNDk2NC81YWU2YzBmNjc4ZTEyZDFhZGIxZDQ0ODQzM2EyNDkxNC5wbmciLCJlZGl0cyI6eyJyZXNpemUiOnsid2lkdGgiOjQwMH19fQ==,
Nike LD-1000 Royal Tint Summit White Gum Light Brown Soft Yellow (Women's),Nike," IDR 1,750,000",https://cdn-old.kickavenue.com/eyJidWNrZXQiOiJraWNrYXZlbnVlLWFzc2V0cyIsImtleSI6InByb2R1Y3RzLzEyOTc1My9jYWQyNWE4MGU2NWU2MzQ0MDM3NGYyYzUyMzE2OGEwOS5wbmciLCJlZGl0cyI6eyJyZXNpemUiOnsid2lkdGgiOjQwMH19fQ==,
Air Jordan 1 High OG Varsity Red (Women's),Air Jordan," IDR 1,450,000",https://cdn-old.kickavenue.com/eyJidWNrZXQiOiJraWNrYXZlbnVlLWFzc2V0cyIsImtleSI6InByb2R1Y3RzLzEzMTM3OS8yOTNmYTk2YjIwYzBhMjI4YmFmZDkzNWRlYzYyYWY5YS5wbmciLCJlZGl0cyI6eyJyZXNpemUiOnsid2lkdGgiOjQwMH19fQ==," IDR 2,970,000"
Adidas Samba OG Better Scarlet (Women's),Adidas," IDR 2,750,000",https://cdn-old.kickavenue.com/eyJidWNrZXQiOiJraWNrYXZlbnVlLWFzc2V0cyIsImtleSI6InByb2R1Y3RzLzExODI0MC85ZDA3YjY1ODlhOWNhZDRlYTdiNWJlZjFmMzIxMzhhZS5wbmciLCJlZGl0cyI6eyJyZXNpemUiOnsid2lkdGgiOjQwMH19fQ==,
New Balance 574 Shadow Grey Leopard (Women's),New Balance," IDR 2,000,000",https://cdn-old.kickavenue.com/eyJidWNrZXQiOiJraWNrYXZlbnVlLWFzc2V0cyIsImtleSI6InByb2R1Y3RzLzU2NjE4LzExNWIzYjg3NjViY2JhMjljZjVjNjc1NmM5YzZjMjc1LmpwZWciLCJlZGl0cyI6eyJyZXNpemUiOnsid2lkdGgiOjQwMH19fQ==,
Nike Air Force 1 Low '07 LX Bling (Women's),Nike," IDR 2,000,000",https://cdn-old.kickavenue.com/eyJidWNrZXQiOiJraWNrYXZlbnVlLWFzc2V0cyIsImtleSI6InByb2R1Y3RzLzczNjkyLzIyN2IwOTgzYTUzOGE3ZGY5M2RiMzczMmZjYzQyNWQ5LnBuZyIsImVkaXRzIjp7InJlc2l6ZSI6eyJ3aWR0aCI6NDAwfX19,
Adidas Ultraboost Light Black Yellow (Women's),Adidas," IDR 1,650,000",https://cdn-old.kickavenue.com/eyJidWNrZXQiOiJraWNrYXZlbnVlLWFzc2V0cyIsImtleSI6InByb2R1Y3RzLzEwNDI3NC81MzIwMjIxOTJkZDMyNDFhZTE2ZDdiZmIxMTg0MzY1Yy5wbmciLCJlZGl0cyI6eyJyZXNpemUiOnsid2lkdGgiOjQwMH19fQ==,
New Balance Fresh Foam Arishi V3 Light Purple (Women's),New Balance," IDR 650,000",https://cdn-old.kickavenue.com/eyJidWNrZXQiOiJraWNrYXZlbnVlLWFzc2V0cyIsImtleSI6InByb2R1Y3RzLzU5MjE0LzI4ZDU2ZWE0MDQwMDU4NTg4MTZkMWYwZGU0YmJlODdhLmpwZWciLCJlZGl0cyI6eyJyZXNpemUiOnsid2lkdGgiOjQwMH19fQ==,
Nike Air Max 90 Baroque Brown (Women's),Nike," IDR 1,950,000",https://cdn-old.kickavenue.com/eyJidWNrZXQiOiJraWNrYXZlbnVlLWFzc2V0cyIsImtleSI6InByb2R1Y3RzLzkwNjU1LzY4YzEyN2RjYWJlZmE3NDU1ZTdkZjIyYjExYTg3MGI3LnBuZyIsImVkaXRzIjp7InJlc2l6ZSI6eyJ3aWR0aCI6NDAwfX19,
Reebok Club C Geo Mid Chalk Moonstone (Women's),Reebok," IDR 1,400,000",https://cdn-old.kickavenue.com/eyJidWNrZXQiOiJraWNrYXZlbnVlLWFzc2V0cyIsImtleSI6InByb2R1Y3RzLzEwOTk2OC9mNWY2Y2MyZTI1OWQyOGE2YzFlNzU3ZmRlY2E5ZmU3ZS5wbmciLCJlZGl0cyI6eyJyZXNpemUiOnsid2lkdGgiOjQwMH19fQ==,
Nike Zoom Terra Kiger 5 Off-White Black (Women's),Nike," IDR 2,590,000",https://cdn-old.kickavenue.com/eyJidWNrZXQiOiJraWNrYXZlbnVlLWFzc2V0cyIsImtleSI6InByb2R1Y3RzLzM4MzUvYTNjMmRhMDg2NTUzOTJhM2NlOTJkYmY3YzljNzZhOTQucG5nIiwiZWRpdHMiOnsicmVzaXplIjp7IndpZHRoIjo0MDB9fX0=," IDR 2,970,000"
Converse Chuck Taylor All Star Lift Platform Tortoise (Women's),Converse," IDR 1,300,000",https://cdn-old.kickavenue.com/eyJidWNrZXQiOiJraWNrYXZlbnVlLWFzc2V0cyIsImtleSI6InByb2R1Y3RzLzc2NTQzLzA1MzllZTcyZGU3ZDllMTM3ZjA4MzExM2YzOTFmMTcwLnBuZyIsImVkaXRzIjp7InJlc2l6ZSI6eyJ3aWR0aCI6NDAwfX19,
Nike Air Max SC Wolf Grey University Blue (Women's),Nike," IDR 1,100,000",https://cdn-old.kickavenue.com/eyJidWNrZXQiOiJraWNrYXZlbnVlLWFzc2V0cyIsImtleSI6InByb2R1Y3RzLzc2OTUxL2U1NDNhY2RiYWMxNTllZDllODg5N2U3ZDQ5OGFjZDU5LnBuZyIsImVkaXRzIjp7InJlc2l6ZSI6eyJ3aWR0aCI6NDAwfX19,
Converse Chuck Taylor All Star 70 OX Low White Orange (Women's),Converse," IDR 630,000",https://cdn-old.kickavenue.com/eyJidWNrZXQiOiJraWNrYXZlbnVlLWFzc2V0cyIsImtleSI6InByb2R1Y3RzLzEwNDkyOS8wNGRmNjZmMWYzZjlmOTE4ZGJhZDVkNTVlZDEzNWNlYS5wbmciLCJlZGl0cyI6eyJyZXNpemUiOnsid2lkdGgiOjQwMH19fQ==,
New Balance 237 Slate Grey (Women's),New Balance," IDR 740,000",https://cdn-old.kickavenue.com/eyJidWNrZXQiOiJraWNrYXZlbnVlLWFzc2V0cyIsImtleSI6InByb2R1Y3RzLzEwNDcyMi8yY2YzMDVhMWE0YTk4NmJjOGZmMWVmYmIwZmUxNzE1MC5wbmciLCJlZGl0cyI6eyJyZXNpemUiOnsid2lkdGgiOjQwMH19fQ==,
Reebok Court Advance Chalk Digital Gleam (Women's),Reebok," IDR 800,000",https://cdn-old.kickavenue.com/eyJidWNrZXQiOiJraWNrYXZlbnVlLWFzc2V0cyIsImtleSI6InByb2R1Y3RzLzE1MDczNy9hYjk0ODZhZmUzNGEyNGEyODk4OTc0N2FlYzU1MmY2Ny5wbmciLCJlZGl0cyI6eyJyZXNpemUiOnsid2lkdGgiOjQwMH19fQ==,
ASICS Trabuco Max 2 Midnight Papaya (Women's),ASICS," IDR 2,640,000",https://cdn-old.kickavenue.com/eyJidWNrZXQiOiJraWNrYXZlbnVlLWFzc2V0cyIsImtleSI6InByb2R1Y3RzLzEwMjM1MS8xZTIyMzliYzNhNGE4YTE1ODU0ZTY1YjA3OTUzMzE1Yi5wbmciLCJlZGl0cyI6eyJyZXNpemUiOnsid2lkdGgiOjQwMH19fQ==,
Adidas Avryn Chalk White (Women's),Adidas," IDR 1,350,000",https://cdn-old.kickavenue.com/eyJidWNrZXQiOiJraWNrYXZlbnVlLWFzc2V0cyIsImtleSI6InByb2R1Y3RzLzYxOTU5LzgwZWQ1MjY1OWI1ODU0NzA5NjkxODM5Zjc0NDNjMGFkLmpwZWciLCJlZGl0cyI6eyJyZXNpemUiOnsid2lkdGgiOjQwMH19fQ==,
Adidas Samba LT Distressed Pack Cream White (Women's),Adidas," IDR 1,660,000",https://cdn-old.kickavenue.com/eyJidWNrZXQiOiJraWNrYXZlbnVlLWFzc2V0cyIsImtleSI6InByb2R1Y3RzLzEzNDQ5NC80NTM1MmVlMjQwYjRiNTg5YzI5YzMxYzVhOTFkZDM4MS5wbmciLCJlZGl0cyI6eyJyZXNpemUiOnsid2lkdGgiOjQwMH19fQ==," IDR 1,980,000"
Adidas Falcon Crystal White Collegiate Navy (Women's),Adidas," IDR 1,700,000",https://cdn-old.kickavenue.com/eyJidWNrZXQiOiJraWNrYXZlbnVlLWFzc2V0cyIsImtleSI6InByb2R1Y3RzLzI5ODgvYzYwOGYyMTAtNDZmMS00OGQ1LWIzODgtZjg4MzRjZGUxZjA3LmpwZWciLCJlZGl0cyI6eyJyZXNpemUiOnsid2lkdGgiOjQwMH19fQ==,
Adidas Adilette 22 Wonder Clay (Women's),Adidas," IDR 400,000",https://cdn-old.kickavenue.com/eyJidWNrZXQiOiJraWNrYXZlbnVlLWFzc2V0cyIsImtleSI6InByb2R1Y3RzLzY4NDc2L2U0MzNmZGQyN2Q4MTdmNDJmZjdhNWE2ZmJiMTFlMzYzLnBuZyIsImVkaXRzIjp7InJlc2l6ZSI6eyJ3aWR0aCI6NDAwfX19,
Air Jordan Flight Court Varsity Red (Women's),Air Jordan," IDR 1,750,000",https://cdn-old.kickavenue.com/eyJidWNrZXQiOiJraWNrYXZlbnVlLWFzc2V0cyIsImtleSI6InByb2R1Y3RzLzEzMjE4NC84Mzg5MzQ2YzkwMTE0M2QyZmRhZmY4MTNlNjdiNTYyNC5wbmciLCJlZGl0cyI6eyJyZXNpemUiOnsid2lkdGgiOjQwMH19fQ==,
Nike React Art3mis SE Iridescent Pixel Swoosh (Women's),Nike," IDR 2,000,000",https://cdn-old.kickavenue.com/eyJidWNrZXQiOiJraWNrYXZlbnVlLWFzc2V0cyIsImtleSI6InByb2R1Y3RzLzg2NzE3LzIxOWUxZjJmMDYwNGM0ZWM3OGVmYTA3YjdjM2NhOGY0LnBuZyIsImVkaXRzIjp7InJlc2l6ZSI6eyJ3aWR0aCI6NDAwfX19,
Cloud 5 Undyed White Creek (Women's),ON Running," IDR 3,820,000",https://cdn-old.kickavenue.com/eyJidWNrZXQiOiJraWNrYXZlbnVlLWFzc2V0cyIsImtleSI6InByb2R1Y3RzLzEwOTM4Ni8zMzEyNDgxMmUxYzg2NzQ2NWVmOTU2YTEwZmQ4YjhmZC5wbmciLCJlZGl0cyI6eyJyZXNpemUiOnsid2lkdGgiOjQwMH19fQ==,
Nike Air More Uptempo White University Red (Women's),Nike," IDR 3,710,000",https://cdn-old.kickavenue.com/eyJidWNrZXQiOiJraWNrYXZlbnVlLWFzc2V0cyIsImtleSI6InByb2R1Y3RzLzEwNDcyNS81MDQ3YzMxNGExODY2Mjk4OWIxNzcyZDg2OGNiNmI2Ny5wbmciLCJlZGl0cyI6eyJyZXNpemUiOnsid2lkdGgiOjQwMH19fQ==,
Nike Pegasus Trail 3 Gore-Tex Seafoam (Women's),Nike," IDR 3,630,000",https://cdn-old.kickavenue.com/eyJidWNrZXQiOiJraWNrYXZlbnVlLWFzc2V0cyIsImtleSI6InByb2R1Y3RzLzg2Njk5L2M3N2NiN2UyZTliZjg4MmNlNTNmZjA0ZWM2Y2UwODAwLnBuZyIsImVkaXRzIjp7InJlc2l6ZSI6eyJ3aWR0aCI6NDAwfX19,
Converse Chuck Taylor All-Star Hi Hello Kitty (Women's),Converse," IDR 3,690,000",https://cdn-old.kickavenue.com/eyJidWNrZXQiOiJraWNrYXZlbnVlLWFzc2V0cyIsImtleSI6InByb2R1Y3RzLzY2OTA3LzNiZjNlZDY4NzlmMDlmZjI1ZjFkNzEzNjM0MDNlYTNmLnBuZyIsImVkaXRzIjp7InJlc2l6ZSI6eyJ3aWR0aCI6NDAwfX19,
New Balance DynaSoft Nitrel v4 Black Purple (Women's),New Balance," IDR 1,660,000",https://cdn-old.kickavenue.com/eyJidWNrZXQiOiJraWNrYXZlbnVlLWFzc2V0cyIsImtleSI6InByb2R1Y3RzLzk5NzQwLzAxYWI2YWFmMGQ5OGQzM2Y1MDZkZDY4NTNjYmQ2NzE2LnBuZyIsImVkaXRzIjp7InJlc2l6ZSI6eyJ3aWR0aCI6NDAwfX19,
Nike Cortez 23 Premium Triple White (Women's),Nike," IDR 2,870,000",https://cdn-old.kickavenue.com/eyJidWNrZXQiOiJraWNrYXZlbnVlLWFzc2V0cyIsImtleSI6InByb2R1Y3RzLzk4MjY5LzY0OWNiYjRiYWU2OWNmMTc3ZGU3NmUyMzExNmMzMzZiLnBuZyIsImVkaXRzIjp7InJlc2l6ZSI6eyJ3aWR0aCI6NDAwfX19,
On The Roger Pro 2 Clay White Flame (Women's),ON Running," IDR 5,440,000",https://cdn-old.kickavenue.com/eyJidWNrZXQiOiJraWNrYXZlbnVlLWFzc2V0cyIsImtleSI6InByb2R1Y3RzLzEwOTQxOC9mZmFlMjI5ZDQ4ZDI4OGZiN2Q5OGUxNzhiMjVhNTNiZS5wbmciLCJlZGl0cyI6eyJyZXNpemUiOnsid2lkdGgiOjQwMH19fQ==,
On Running Cloudmonster Cloud Aurora (Women's),ON Running," IDR 4,400,000",https://cdn-old.kickavenue.com/eyJidWNrZXQiOiJraWNrYXZlbnVlLWFzc2V0cyIsImtleSI6InByb2R1Y3RzLzc4NzkzLzVjNDg4ZjUyN2E3YTJjNzAzNjgxZmM5MzRhZjAxZDU0LnBuZyIsImVkaXRzIjp7InJlc2l6ZSI6eyJ3aWR0aCI6NDAwfX19,
New Balance 327 Beige Cyan Black (Women's),New Balance," IDR 2,000,000",https://cdn-old.kickavenue.com/eyJidWNrZXQiOiJraWNrYXZlbnVlLWFzc2V0cyIsImtleSI6InByb2R1Y3RzLzc5MDEyLzVkMDZkY2NiNGQwOGZhYzQzMjU1NmIwOGM4NDQ4NzlhLnBuZyIsImVkaXRzIjp7InJlc2l6ZSI6eyJ3aWR0aCI6NDAwfX19,
Converse Chuck 70 De Luxe Heel High Obsidian (Women's),Converse," IDR 2,490,000",https://cdn-old.kickavenue.com/eyJidWNrZXQiOiJraWNrYXZlbnVlLWFzc2V0cyIsImtleSI6InByb2R1Y3RzLzExODYzNy9iMjYxZGExMzc1ZWU3YTg0MGFkYjJiOGI5NTZiOWFhYy5wbmciLCJlZGl0cyI6eyJyZXNpemUiOnsid2lkdGgiOjQwMH19fQ==,
ASICS Gel-1130 Baby Lavender Pure Silver (Women's),ASICS," IDR 1,600,000",https://cdn-old.kickavenue.com/eyJidWNrZXQiOiJraWNrYXZlbnVlLWFzc2V0cyIsImtleSI6InByb2R1Y3RzLzExMzMyMC8yOWEzNGI3MzE4MzBlOWViYTBmOTkwZTcyNzJjMDVmOS5wbmciLCJlZGl0cyI6eyJyZXNpemUiOnsid2lkdGgiOjQwMH19fQ==," IDR 1,815,000"
Nike Air Max 1 Guava Ice (Women's),Nike," IDR 800,000",https://cdn-old.kickavenue.com/eyJidWNrZXQiOiJraWNrYXZlbnVlLWFzc2V0cyIsImtleSI6InByb2R1Y3RzLzEzMzcwMi9iNzc4YjJjYzRkYzhlZWQxZjBhNGVkYjgxYWU5MTA3Yi5wbmciLCJlZGl0cyI6eyJyZXNpemUiOnsid2lkdGgiOjQwMH19fQ==,
ASICS Hakaone Ekiden x Novablast 4 White Sunrise Red (Women's),ASICS," IDR 2,140,000",https://cdn-old.kickavenue.com/eyJidWNrZXQiOiJraWNrYXZlbnVlLWFzc2V0cyIsImtleSI6InByb2R1Y3RzLzEwMTc2Mi9mNzQ1ZDcyOTRjMmMxNzBmZTcwNDk5MDMzOWNiYjczMy5wbmciLCJlZGl0cyI6eyJyZXNpemUiOnsid2lkdGgiOjQwMH19fQ==,
Air Jordan 1 Mid White Snakeskin (Women's),Air Jordan," IDR 950,000",https://cdn-old.kickavenue.com/eyJidWNrZXQiOiJraWNrYXZlbnVlLWFzc2V0cyIsImtleSI6InByb2R1Y3RzLzEzMTU4LzAxZTdmZWIyNmExOTQzZjgxZGM1OTY3Njg2MDQzNzMwLnBuZyIsImVkaXRzIjp7InJlc2l6ZSI6eyJ3aWR0aCI6NDAwfX19," IDR 1,815,000"
Nike Court Vision Low SE White Leopard Swoosh (Women's),Nike," IDR 1,000,000",https://cdn-old.kickavenue.com/eyJidWNrZXQiOiJraWNrYXZlbnVlLWFzc2V0cyIsImtleSI6InByb2R1Y3RzLzE1MDUzNS82ZDI5N2I1OThhZjRlZDlkOGEzYTVmMDk4NzU3NzU1Mi5wbmciLCJlZGl0cyI6eyJyZXNpemUiOnsid2lkdGgiOjQwMH19fQ==," IDR 1,320,000"
Nike Air Force 1 Low Mini Jewel White Gorge Green (Women's),Nike," IDR 1,350,000",https://cdn-old.kickavenue.com/eyJidWNrZXQiOiJraWNrYXZlbnVlLWFzc2V0cyIsImtleSI6InByb2R1Y3RzLzE0MTk4NS84NzUyOGI4YWU2MzU0YmYyYzgxZWQwZWQyZDBiMDg2ZS5wbmciLCJlZGl0cyI6eyJyZXNpemUiOnsid2lkdGgiOjQwMH19fQ==," IDR 1,980,000"
Nike Blazer Low Platform White Metallic copper (Women's),Nike," IDR 700,000",https://cdn-old.kickavenue.com/eyJidWNrZXQiOiJraWNrYXZlbnVlLWFzc2V0cyIsImtleSI6InByb2R1Y3RzLzQwNzAwLzdkMTQxMmMyMjBhYjE4ZjNlMTIxMDYzYjhiMWUzZGJiLmpwZWciLCJlZGl0cyI6eyJyZXNpemUiOnsid2lkdGgiOjQwMH19fQ==,
Puma Slipstream Wood Violet (Women's),Puma," IDR 750,000",https://cdn-old.kickavenue.com/eyJidWNrZXQiOiJraWNrYXZlbnVlLWFzc2V0cyIsImtleSI6InByb2R1Y3RzLzc0NTY4LzQ0Njg0NDA5MmYyMzY0MDRhYjRlYjg3MTQ0MjUyM2E5LnBuZyIsImVkaXRzIjp7InJlc2l6ZSI6eyJ3aWR0aCI6NDAwfX19,
Adidas Stan Smith White Magic Grey (Women's),Adidas," IDR 850,000",https://cdn-old.kickavenue.com/eyJidWNrZXQiOiJraWNrYXZlbnVlLWFzc2V0cyIsImtleSI6InByb2R1Y3RzLzcyMTU4LzEwNWMzZWFhYjA3ZGRlZDc2ZGQwMWUzNTgzZjU5MjhhLnBuZyIsImVkaXRzIjp7InJlc2l6ZSI6eyJ3aWR0aCI6NDAwfX19,
Nike Air max 90 White Plaid University Blue (Women's),Nike," IDR 800,000",https://cdn-old.kickavenue.com/eyJidWNrZXQiOiJraWNrYXZlbnVlLWFzc2V0cyIsImtleSI6InByb2R1Y3RzLzYzMjE2L2E1YTBjNzUyY2QxODllMTNkZDk4NjlhNGY5ZTRmZjc4LmpwZWciLCJlZGl0cyI6eyJyZXNpemUiOnsid2lkdGgiOjQwMH19fQ==,
Nike Air Max 97 Next Nature,Nike," IDR 1,970,000",https://cdn-old.kickavenue.com/eyJidWNrZXQiOiJraWNrYXZlbnVlLWFzc2V0cyIsImtleSI6InByb2R1Y3RzLzc1MTQwL2E4NDFjMDYyYWEwNzM4N2RlOWRiMDk2OWExNWMxYWY1LnBuZyIsImVkaXRzIjp7InJlc2l6ZSI6eyJ3aWR0aCI6NDAwfX19,
Nike Sabrina 1 Spark (Women's),Nike," IDR 5,100,000",https://cdn-old.kickavenue.com/eyJidWNrZXQiOiJraWNrYXZlbnVlLWFzc2V0cyIsImtleSI6InByb2R1Y3RzLzY5MDA3LzJlMDE4MGI2MTU0YTA0OWY3OTBkMTI5MjZmYzNmYTM3LnBuZyIsImVkaXRzIjp7InJlc2l6ZSI6eyJ3aWR0aCI6NDAwfX19,
Nike Air Max 200 White Metallic Gold (Women's),Nike," IDR 3,720,000",https://cdn-old.kickavenue.com/eyJidWNrZXQiOiJraWNrYXZlbnVlLWFzc2V0cyIsImtleSI6InByb2R1Y3RzLzgxMTg3LzUzOTlmMTI3N2IyZDFiYWEwYmQ2ZWEzYzgxNDJiODAyLnBuZyIsImVkaXRzIjp7InJlc2l6ZSI6eyJ3aWR0aCI6NDAwfX19,
Nike Air Winflo 11 Black Anthracite (Women's),Nike," IDR 650,000",https://cdn-old.kickavenue.com/eyJidWNrZXQiOiJraWNrYXZlbnVlLWFzc2V0cyIsImtleSI6InByb2R1Y3RzLzEwNzI3MS9lMmE4OTM3NmVjYTBiMDZjOGQxYmY5OTIzMmY0NTY2ZC5wbmciLCJlZGl0cyI6eyJyZXNpemUiOnsid2lkdGgiOjQwMH19fQ==,
Nike Air Max 90 Multi Corduroy (Women's),Nike," IDR 4,450,000",https://cdn-old.kickavenue.com/eyJidWNrZXQiOiJraWNrYXZlbnVlLWFzc2V0cyIsImtleSI6InByb2R1Y3RzLzc2OTUwLzY3NTAxM2E4YTI3YzEwNDFlYjQ1NzliNTJhNWE2YTc5LnBuZyIsImVkaXRzIjp7InJlc2l6ZSI6eyJ3aWR0aCI6NDAwfX19,
Puma Palermo Fashion Lovers Pack Alpine Snow (Women's),Puma," IDR 2,040,000",https://cdn-old.kickavenue.com/eyJidWNrZXQiOiJraWNrYXZlbnVlLWFzc2V0cyIsImtleSI6InByb2R1Y3RzLzEyMjkzOC84ZTNmZDk2NTAzZTEyOTg3OGZhMzRiMDU5Mjk4OWEyMC5wbmciLCJlZGl0cyI6eyJyZXNpemUiOnsid2lkdGgiOjQwMH19fQ==,
ASICS Gel Challenger 13 White Smoke Blue (Women's),ASICS," IDR 2,730,000",https://cdn-old.kickavenue.com/eyJidWNrZXQiOiJraWNrYXZlbnVlLWFzc2V0cyIsImtleSI6InByb2R1Y3RzLzEwMDA3Ny82ZTNmYzA4MTI2MzI0ZjkxZTFjMjEyN2M4MzFlZTYwYy5wbmciLCJlZGl0cyI6eyJyZXNpemUiOnsid2lkdGgiOjQwMH19fQ==,
Nike Metcon 7 Light Soft Pink (Women's),Nike," IDR 3,770,000",https://cdn-old.kickavenue.com/eyJidWNrZXQiOiJraWNrYXZlbnVlLWFzc2V0cyIsImtleSI6InByb2R1Y3RzLzg0NDI3L2M1NDFiYWZiNjAwNDJhZDhmZDEzY2E5N2M3NDZiZjg1LnBuZyIsImVkaXRzIjp7InJlc2l6ZSI6eyJ3aWR0aCI6NDAwfX19,
Adidas Superstar 82 Skate White Black (Women's),Adidas," IDR 1,900,000",https://cdn-old.kickavenue.com/eyJidWNrZXQiOiJraWNrYXZlbnVlLWFzc2V0cyIsImtleSI6InByb2R1Y3RzLzEyMzUyMS80NDg4MmYxZWYzNDhhN2YyNjJmZTg3YjBhNGViM2RiOC5wbmciLCJlZGl0cyI6eyJyZXNpemUiOnsid2lkdGgiOjQwMH19fQ==," IDR 3,300,000"
Nike Zoom Vomero 5 Black Patent (Women's),Nike," IDR 3,300,000",https://cdn-old.kickavenue.com/eyJidWNrZXQiOiJraWNrYXZlbnVlLWFzc2V0cyIsImtleSI6InByb2R1Y3RzLzE1MjI0MS83NThiMGEyZDdhZGZmNTgzYTcwNTY0YjIzOTUyZTVlMy5wbmciLCJlZGl0cyI6eyJyZXNpemUiOnsid2lkdGgiOjQwMH19fQ==,
Nike Air Max Moto 2K Malt Phantom Silt Red (Women's),Nike," IDR 1,550,000",https://cdn-old.kickavenue.com/eyJidWNrZXQiOiJraWNrYXZlbnVlLWFzc2V0cyIsImtleSI6InByb2R1Y3RzLzE0NDA5MS9mYTI5MjRjZmNiYzBmYzA5ODMwMjgzNTFmZTE3NTk5NC5wbmciLCJlZGl0cyI6eyJyZXNpemUiOnsid2lkdGgiOjQwMH19fQ==,
ASICS Gel Dedicate 7 White Lapis Lazuli Blue (Women's),ASICS," IDR 1,560,000",https://cdn-old.kickavenue.com/eyJidWNrZXQiOiJraWNrYXZlbnVlLWFzc2V0cyIsImtleSI6InByb2R1Y3RzLzEwMDE5OS84OTI5MjBjZTNiZDA0ZDE1YjIwYTdkYjgyZmVkMjQ0MC5wbmciLCJlZGl0cyI6eyJyZXNpemUiOnsid2lkdGgiOjQwMH19fQ==,
Air Jordan Hex Mule Ozone Blue (Women's),Air Jordan," IDR 970,000",https://cdn-old.kickavenue.com/eyJidWNrZXQiOiJraWNrYXZlbnVlLWFzc2V0cyIsImtleSI6InByb2R1Y3RzLzc0OTI2LzI1MTVmZWM1ODM4MjRiOWRkODQwZTE1ODVlZTgyZTZjLnBuZyIsImVkaXRzIjp7InJlc2l6ZSI6eyJ3aWR0aCI6NDAwfX19,
Air Jordan 1 Low Multi-Color Black Toe (Women's),Air Jordan," IDR 1,770,000",https://cdn-old.kickavenue.com/eyJidWNrZXQiOiJraWNrYXZlbnVlLWFzc2V0cyIsImtleSI6InByb2R1Y3RzLzk1NTEvMzg1NzAxZDA2NjZhMDJlNTFmZjJkOWYwZTBmOWM0YTEucG5nIiwiZWRpdHMiOnsicmVzaXplIjp7IndpZHRoIjo0MDB9fX0=,
ANTA Salehe Bembury x SB-02 Black,ANTA," IDR 1,700,000",https://cdn-old.kickavenue.com/eyJidWNrZXQiOiJraWNrYXZlbnVlLWFzc2V0cyIsImtleSI6InByb2R1Y3RzLzk5NTQzLzZhYTcwYWYwOGM5ZTUxYmNlYmQ0NjY2OGNjYWFjNWM5LnBuZyIsImVkaXRzIjp7InJlc2l6ZSI6eyJ3aWR0aCI6NDAwfX19,
ASICS Skycourt Cream Lichen Rock (Women's),ASICS," IDR 2,010,000",https://cdn-old.kickavenue.com/eyJidWNrZXQiOiJraWNrYXZlbnVlLWFzc2V0cyIsImtleSI6InByb2R1Y3RzLzEwMjI0Ny81YWIwMTFjNGYzODI4MDZlOGYwMDNjYmFkZWRlYWRhNS5wbmciLCJlZGl0cyI6eyJyZXNpemUiOnsid2lkdGgiOjQwMH19fQ==,
ASICS Gel-Nimbus 23 Pink Salt (Women's),ASICS," IDR 3,800,000",https://cdn-old.kickavenue.com/eyJidWNrZXQiOiJraWNrYXZlbnVlLWFzc2V0cyIsImtleSI6InByb2R1Y3RzLzEwMDY1NS81ZDk5M2JmYjYyZjI2ZmVkMTU1NjkwOTRkNjE2NjVlYy5wbmciLCJlZGl0cyI6eyJyZXNpemUiOnsid2lkdGgiOjQwMH19fQ==,
Nike Air Pegasus 2K5 Chrome (Women's),Nike," IDR 1,400,000",https://cdn-old.kickavenue.com/eyJidWNrZXQiOiJraWNrYXZlbnVlLWFzc2V0cyIsImtleSI6InByb2R1Y3RzLzEwOTc2MC9lZmMzOTBlMTVhYWUwZDE4YTgzOGY2YzY2ZWU0ODE4MC5wbmciLCJlZGl0cyI6eyJyZXNpemUiOnsid2lkdGgiOjQwMH19fQ==,
New Balance 550 White (Women's),New Balance," IDR 900,000",https://cdn-old.kickavenue.com/eyJidWNrZXQiOiJraWNrYXZlbnVlLWFzc2V0cyIsImtleSI6InByb2R1Y3RzLzk2Mjc5L2E5NDMxN2IzMzRmOTUyYTM2M2NlMDE1ZWIzN2MyMzQyLnBuZyIsImVkaXRzIjp7InJlc2l6ZSI6eyJ3aWR0aCI6NDAwfX19," IDR 1,999,000"
Nike Court Air Zoom GP Turbo Naomi Osaka White Hyper Pink (Women's),Nike," IDR 4,160,000",https://cdn-old.kickavenue.com/eyJidWNrZXQiOiJraWNrYXZlbnVlLWFzc2V0cyIsImtleSI6InByb2R1Y3RzLzg4NjU0LzhlNzk2MmFhOWQ0ZTNhZTk3ODdjNzc3MDdjYjlhODg1LnBuZyIsImVkaXRzIjp7InJlc2l6ZSI6eyJ3aWR0aCI6NDAwfX19,
Nike Court Air Zoom Vapor Pro HC Summit White Binary Blue (Women's),Nike," IDR 3,430,000",https://cdn-old.kickavenue.com/eyJidWNrZXQiOiJraWNrYXZlbnVlLWFzc2V0cyIsImtleSI6InByb2R1Y3RzLzM3NjA2Lzk0YjlhZmZhZDZiMTZmZTE1NTNhZDQyMzQxYjg2MzQ5LnBuZyIsImVkaXRzIjp7InJlc2l6ZSI6eyJ3aWR0aCI6NDAwfX19,
New Balance 574 Moonbeam (Women's),New Balance," IDR 3,430,000",https://cdn-old.kickavenue.com/eyJidWNrZXQiOiJraWNrYXZlbnVlLWFzc2V0cyIsImtleSI6InByb2R1Y3RzLzk1MDk4LzQwZGI2YWVhZjAzNWIyNTM2ODNhMWYwNjM2MzAyY2Y2LnBuZyIsImVkaXRzIjp7InJlc2l6ZSI6eyJ3aWR0aCI6NDAwfX19,
On Running Cloudhorizon Safari Ice (Women's),ON Running," IDR 3,960,000",https://cdn-old.kickavenue.com/eyJidWNrZXQiOiJraWNrYXZlbnVlLWFzc2V0cyIsImtleSI6InByb2R1Y3RzLzExOTcyMC9mM2E0ZmQxMTY3Y2RjZDNjNGFlNjEzYjNlY2ZhZTE2MC5wbmciLCJlZGl0cyI6eyJyZXNpemUiOnsid2lkdGgiOjQwMH19fQ==,
Nike ZoomX Vaporfly Next% 4 Ghost Persian Violet Football Grey Blue Void (Women',Nike," IDR 2,450,000",https://cdn-old.kickavenue.com/eyJidWNrZXQiOiJraWNrYXZlbnVlLWFzc2V0cyIsImtleSI6InByb2R1Y3RzLzEyODcwMC83ZWFiOGQ1NTVmMjkwZjcxODBhMDM0YjIwZjBhMzRkZS5wbmciLCJlZGl0cyI6eyJyZXNpemUiOnsid2lkdGgiOjQwMH19fQ==,
Air Jordan 1 Mid Opti Yellow (Women's),Air Jordan," IDR 1,430,000",https://cdn-old.kickavenue.com/eyJidWNrZXQiOiJraWNrYXZlbnVlLWFzc2V0cyIsImtleSI6InByb2R1Y3RzLzE4Njg2LzI2YmI2YjEwMTgzOWJlYWEyOTA0MzkxM2Q3MGFhYjg0LnBuZyIsImVkaXRzIjp7InJlc2l6ZSI6eyJ3aWR0aCI6NDAwfX19," IDR 1,897,500"
New Balance Fuel Cell Super Comp Pacer V2 Urgent Red White Black (Women's),New Balance," IDR 1,850,000",https://cdn-old.kickavenue.com/eyJidWNrZXQiOiJraWNrYXZlbnVlLWFzc2V0cyIsImtleSI6InByb2R1Y3RzLzEzNTk0NC83NTQyMWViNzg1YWM2MTViNTQ1NjMyZDU5YzgzNjJkMC5wbmciLCJlZGl0cyI6eyJyZXNpemUiOnsid2lkdGgiOjQwMH19fQ==," IDR 3,300,000"
ASICS Gel-Kayano 32 Atc Standard Asics Track Club White Flash Coral (Women's),ASICS," IDR 4,130,000",https://cdn-old.kickavenue.com/eyJidWNrZXQiOiJraWNrYXZlbnVlLWFzc2V0cyIsImtleSI6InByb2R1Y3RzLzEzNTgzOS9iMzI5MDRhNDhkOGQ2ZmQ5NGEyOTA0ZWYwNjUzMGQxZS5wbmciLCJlZGl0cyI6eyJyZXNpemUiOnsid2lkdGgiOjQwMH19fQ==,
Hoka One One Challenger 8 Blush Dark Cedar (Women's),HOKA," IDR 2,350,000",https://cdn-old.kickavenue.com/eyJidWNrZXQiOiJraWNrYXZlbnVlLWFzc2V0cyIsImtleSI6InByb2R1Y3RzLzE1MDIzOC9mMGZjMGE0ZGVlOTA1MWQ3YWExMDkzMTdhMWUzMDk3Zi5wbmciLCJlZGl0cyI6eyJyZXNpemUiOnsid2lkdGgiOjQwMH19fQ==," IDR 2,557,500"
Nike Zoom Double Stacked Cyber (Women's),Nike," IDR 7,330,000",https://cdn-old.kickavenue.com/eyJidWNrZXQiOiJraWNrYXZlbnVlLWFzc2V0cyIsImtleSI6InByb2R1Y3RzLzg4MDk2LzExNTlkOGI3Y2ViNzRjMmI0NGQ5ZWNhODdmYjg4NjU4LnBuZyIsImVkaXRzIjp7InJlc2l6ZSI6eyJ3aWR0aCI6NDAwfX19,
Nike Air Max 1 Safari Cobblestone (Women's),Nike," IDR 5,560,000",https://cdn-old.kickavenue.com/eyJidWNrZXQiOiJraWNrYXZlbnVlLWFzc2V0cyIsImtleSI6InByb2R1Y3RzLzgwNTEyL2RjMGZlOTRhZjFiNjQyNWUxNWM3N2Q4ZmQ3NDJmNzFhLnBuZyIsImVkaXRzIjp7InJlc2l6ZSI6eyJ3aWR0aCI6NDAwfX19,
New Balance 993 MiUSA Kith Pistachio (Women's),New Balance," IDR 10,850,000",https://cdn-old.kickavenue.com/eyJidWNrZXQiOiJraWNrYXZlbnVlLWFzc2V0cyIsImtleSI6InByb2R1Y3RzLzQwMzk5LzMzM2Q5MmFiMTUxMDVkMzU2ZjQ3MjdmZjU1MTRjZmE3LmpwZWciLCJlZGl0cyI6eyJyZXNpemUiOnsid2lkdGgiOjQwMH19fQ==,
New Balance 574 Washed Pink (Women's),New Balance," IDR 2,410,000",https://cdn-old.kickavenue.com/eyJidWNrZXQiOiJraWNrYXZlbnVlLWFzc2V0cyIsImtleSI6InByb2R1Y3RzLzU5NjUyLzM0NDIxOWQ5ODM1ZDkzOTAwYTljYzZmNGVhZWI5YmUwLmpwZWciLCJlZGl0cyI6eyJyZXNpemUiOnsid2lkdGgiOjQwMH19fQ==,
New Balance FuelCell SC Trainer V2 Rain Cloud (Women's),New Balance," IDR 2,760,000",https://cdn-old.kickavenue.com/eyJidWNrZXQiOiJraWNrYXZlbnVlLWFzc2V0cyIsImtleSI6InByb2R1Y3RzLzk5ODM3LzM4NTI5NDU2MzMzODkzNDI5Mzc3NTRhNjgzNGVhNzNiLnBuZyIsImVkaXRzIjp7InJlc2l6ZSI6eyJ3aWR0aCI6NDAwfX19,
New Balance FuelCell Rebel V3 Black Vibrant Spring Glo (Women's),New Balance," IDR 2,410,000",https://cdn-old.kickavenue.com/eyJidWNrZXQiOiJraWNrYXZlbnVlLWFzc2V0cyIsImtleSI6InByb2R1Y3RzLzk5ODMwL2JkZjQ0MzEzZjk5YjI4OTQwYjc3ZmQzODRjN2ZmYjgzLnBuZyIsImVkaXRzIjp7InJlc2l6ZSI6eyJ3aWR0aCI6NDAwfX19,
ASICS DynaBlast 2 Pearl Pink (Women's),ASICS," IDR 1,710,000",https://cdn-old.kickavenue.com/eyJidWNrZXQiOiJraWNrYXZlbnVlLWFzc2V0cyIsImtleSI6InByb2R1Y3RzLzk5OTcyLzAwNTBiNjQ0MTc3ZWE1Zjg0MWRmNTcyYTU4ZDYyNDdkLnBuZyIsImVkaXRzIjp7InJlc2l6ZSI6eyJ3aWR0aCI6NDAwfX19,
Nike Cortez SE Iced Lilac (Women's),Nike," IDR 1,400,000",https://cdn-old.kickavenue.com/eyJidWNrZXQiOiJraWNrYXZlbnVlLWFzc2V0cyIsImtleSI6InByb2R1Y3RzLzU4Mzc2L2UzYWY1YzQ4YmMzNzZlYzM1NDZkNDkzODQ4Nzc0NDU3LmpwZWciLCJlZGl0cyI6eyJyZXNpemUiOnsid2lkdGgiOjQwMH19fQ==," IDR 1,650,000"
Nike Air Max Muse Habanero Red (Women's),Nike," IDR 2,870,000",https://cdn-old.kickavenue.com/eyJidWNrZXQiOiJraWNrYXZlbnVlLWFzc2V0cyIsImtleSI6InByb2R1Y3RzLzEyNDE2NC82YWQxYjMxMjFjMjFiMDM2OTdlYjUwNWFiMGVkMWU4Ny5wbmciLCJlZGl0cyI6eyJyZXNpemUiOnsid2lkdGgiOjQwMH19fQ==,
Nike Zoom Vomero 5 Sail Pale Ivory (Women's),Nike," IDR 3,820,000",https://cdn-old.kickavenue.com/eyJidWNrZXQiOiJraWNrYXZlbnVlLWFzc2V0cyIsImtleSI6InByb2R1Y3RzLzEwNTM5My8wMWI3ZDk1MTZhMTMxOThiZjNhZWIyNWU1NTY0OWJhMS5wbmciLCJlZGl0cyI6eyJyZXNpemUiOnsid2lkdGgiOjQwMH19fQ==,
Nike Air Max Moto 2K Celestine Blue Obisidian Metallic Silver (Women's),Nike," IDR 1,100,000",https://cdn-old.kickavenue.com/eyJidWNrZXQiOiJraWNrYXZlbnVlLWFzc2V0cyIsImtleSI6InByb2R1Y3RzLzE0NDA5Mi84YTRkOTk2OTI2MTJmYTQ4Yjk2OWQ3OGYyM2VhNmU1MS5wbmciLCJlZGl0cyI6eyJyZXNpemUiOnsid2lkdGgiOjQwMH19fQ==,
ASICS Gel-1090 V2 Light Dust Umeboshi (Women's),ASICS," IDR 3,720,000",https://cdn-old.kickavenue.com/eyJidWNrZXQiOiJraWNrYXZlbnVlLWFzc2V0cyIsImtleSI6InByb2R1Y3RzLzExMjEyNC9hZTM3MThlNzAyY2YzZjJkMmU2NmUwZDAyODU0YjM5Ny5wbmciLCJlZGl0cyI6eyJyZXNpemUiOnsid2lkdGgiOjQwMH19fQ==,
Puma Suede XL Elevated Caramel Latte Gum (Women's),Puma," IDR 1,960,000",https://cdn-old.kickavenue.com/eyJidWNrZXQiOiJraWNrYXZlbnVlLWFzc2V0cyIsImtleSI6InByb2R1Y3RzLzEzNjI3MC9lMmFlMDgzNTIxZDBmYTg4YTJhZTYzOTdjNzIxYzVlNS5wbmciLCJlZGl0cyI6eyJyZXNpemUiOnsid2lkdGgiOjQwMH19fQ==,
Adidas Adistar Byd Cloud White Silver Metallic Flash Aqua (Women's),Adidas," IDR 2,770,000",https://cdn-old.kickavenue.com/eyJidWNrZXQiOiJraWNrYXZlbnVlLWFzc2V0cyIsImtleSI6InByb2R1Y3RzLzEzMjY3OC80OTVlNDk2NGZlMTIyNDg4Mjc3MmI5MWY3ZGViOTcyNy5wbmciLCJlZGl0cyI6eyJyZXNpemUiOnsid2lkdGgiOjQwMH19fQ==,
Nike Shox R4 Metallic Silver Black Racer Blue (Women's),Nike," IDR 4,880,000",https://cdn-old.kickavenue.com/eyJidWNrZXQiOiJraWNrYXZlbnVlLWFzc2V0cyIsImtleSI6InByb2R1Y3RzLzEzOTYyNy9hZmQyMmE3M2Q4OTEyZDA2NjBjOTU4NDNhMDFlNTVjOS5wbmciLCJlZGl0cyI6eyJyZXNpemUiOnsid2lkdGgiOjQwMH19fQ==,
ASICS Gel Resolution 9 Hazard Green (Women's),ASICS," IDR 5,070,000",https://cdn-old.kickavenue.com/eyJidWNrZXQiOiJraWNrYXZlbnVlLWFzc2V0cyIsImtleSI6InByb2R1Y3RzLzEwMDkzMS8wNWE4ZDA2YzhiOGM2YjQ1NjcyMTZmYjQzODMyZDg2ZC5wbmciLCJlZGl0cyI6eyJyZXNpemUiOnsid2lkdGgiOjQwMH19fQ==,
Vans Classic Slip-On 98 DX Anaheim Factory Pink Purple Checkerboard (Women's),Vans," IDR 2,280,000",https://cdn-old.kickavenue.com/eyJidWNrZXQiOiJraWNrYXZlbnVlLWFzc2V0cyIsImtleSI6InByb2R1Y3RzLzQyNjA3LzBmMzY5M2FkMmM2ZGExMTkyZjBjMmM4OGRjODExZmFiLmpwZWciLCJlZGl0cyI6eyJyZXNpemUiOnsid2lkdGgiOjQwMH19fQ==,
On The Roger Pro 2 White Flame (Women's),ON Running," IDR 6,130,000",https://cdn-old.kickavenue.com/eyJidWNrZXQiOiJraWNrYXZlbnVlLWFzc2V0cyIsImtleSI6InByb2R1Y3RzLzE0MDgxMC9kYTgyOTIxMWNkYjkzYzRjMzRkMjA2ZWVhNjk5ZGUwMy5wbmciLCJlZGl0cyI6eyJyZXNpemUiOnsid2lkdGgiOjQwMH19fQ==,
Puma Palermo Pink Delight Green (Women's),Puma," IDR 2,010,000",https://cdn-old.kickavenue.com/eyJidWNrZXQiOiJraWNrYXZlbnVlLWFzc2V0cyIsImtleSI6InByb2R1Y3RzLzk1MjY0LzE1ODllNDg3ODYwZGE1OGU2MDFjOGJiMzJjYWI3NmVmLnBuZyIsImVkaXRzIjp7InJlc2l6ZSI6eyJ3aWR0aCI6NDAwfX19,
On Running Cloudrunner 2 Shadow Lima (Women's),ON Running," IDR 3,100,000",https://cdn-old.kickavenue.com/eyJidWNrZXQiOiJraWNrYXZlbnVlLWFzc2V0cyIsImtleSI6InByb2R1Y3RzLzExOTcxMC8xMTM2NGVkY2U1OTAzMmE0OTA4MjgwYjhlYzZhMDllMi5wbmciLCJlZGl0cyI6eyJyZXNpemUiOnsid2lkdGgiOjQwMH19fQ==,
Nike Air Max AP White Rattan (Women's),Nike," IDR 1,200,000",https://cdn-old.kickavenue.com/eyJidWNrZXQiOiJraWNrYXZlbnVlLWFzc2V0cyIsImtleSI6InByb2R1Y3RzLzM0MTQ1L2RjYWI4ZGI0MGUyODU3MjI0YWQ0YmM3MmVlOTU2OWYwLnBuZyIsImVkaXRzIjp7InJlc2l6ZSI6eyJ3aWR0aCI6NDAwfX19," IDR 1,237,500"
Nike Air Max 90 Athletic Department White Pink (Women's),Nike," IDR 1,500,000",https://cdn-old.kickavenue.com/eyJidWNrZXQiOiJraWNrYXZlbnVlLWFzc2V0cyIsImtleSI6InByb2R1Y3RzLzY4ODMxLzg3NDY2OWNiOWUzNzA1NGNiY2EyOThmYTU4YWQ4MzQ2LnBuZyIsImVkaXRzIjp7InJlc2l6ZSI6eyJ3aWR0aCI6NDAwfX19," IDR 2,145,000"
ON Running Cloudzone Kith White Ice (Women's),ON Running," IDR 4,390,000",https://cdn-old.kickavenue.com/eyJidWNrZXQiOiJraWNrYXZlbnVlLWFzc2V0cyIsImtleSI6InByb2R1Y3RzLzE0MTM4OS81Mzc1N2YwZDBiZWM2M2U2NjM5MmJhNTA2NWYxOTA3OS5wbmciLCJlZGl0cyI6eyJyZXNpemUiOnsid2lkdGgiOjQwMH19fQ==,
Nike Air Max 90 Black White (Women's),Nike," IDR 1,200,000",https://cdn-old.kickavenue.com/eyJidWNrZXQiOiJraWNrYXZlbnVlLWFzc2V0cyIsImtleSI6InByb2R1Y3RzLzM3OTg1L2Q1MGI2ZWVlZGI5MTQwZDYwZmI5ZjhiNGQzOWIyNzI5LnBuZyIsImVkaXRzIjp7InJlc2l6ZSI6eyJ3aWR0aCI6NDAwfX19," IDR 2,145,000"
Nike Air Force 1 '07 Phantom Cement Grey (Women's),Nike," IDR 1,100,000",https://cdn-old.kickavenue.com/eyJidWNrZXQiOiJraWNrYXZlbnVlLWFzc2V0cyIsImtleSI6InByb2R1Y3RzLzEwODc5MC9kMDI1NjAwMzMxNzM1Y2FiOGIyNWFiYmU0ZmNiYTZhZC5wbmciLCJlZGl0cyI6eyJyZXNpemUiOnsid2lkdGgiOjQwMH19fQ==,
Adidas SL 72 OG Cow Print (Women's),Adidas," IDR 2,540,000",https://cdn-old.kickavenue.com/eyJidWNrZXQiOiJraWNrYXZlbnVlLWFzc2V0cyIsImtleSI6InByb2R1Y3RzLzE0MTgzMS9lZjNiMzcyMGZlNjQzM2ZjNDQzOGZkNjhjMzhlYzQyMi5wbmciLCJlZGl0cyI6eyJyZXNpemUiOnsid2lkdGgiOjQwMH19fQ==,
Nike LD-1000 Stranger Things (Women's),Nike," IDR 1,100,000",https://cdn-old.kickavenue.com/eyJidWNrZXQiOiJraWNrYXZlbnVlLWFzc2V0cyIsImtleSI6InByb2R1Y3RzLzE1MDMyOC9hY2RiMjVkYmRmYmJjOTJjNzYyYWJjODIyZjhjMmIxNC5wbmciLCJlZGl0cyI6eyJyZXNpemUiOnsid2lkdGgiOjQwMH19fQ==," IDR 1,732,500"
Nike Vapor Street Off-White Tour Yellow (Women's),Nike," IDR 2,200,000",https://cdn-old.kickavenue.com/eyJidWNrZXQiOiJraWNrYXZlbnVlLWFzc2V0cyIsImtleSI6InByb2R1Y3RzLzU3NzMvMzNhZTJkOTgtZjg0Yi00NWViLWI1ODQtZWVkNzAyYTJkYWQ2LmpwZWciLCJlZGl0cyI6eyJyZXNpemUiOnsid2lkdGgiOjQwMH19fQ==," IDR 3,135,000"
Nike Dunk High Dark Sulfur (Women's),Nike," IDR 800,000",https://cdn-old.kickavenue.com/eyJidWNrZXQiOiJraWNrYXZlbnVlLWFzc2V0cyIsImtleSI6InByb2R1Y3RzLzIyMjc5LzliNDk4MGMyYzlmODE4ZGUxZTNkNDljNjlkZThjZTc3LnBuZyIsImVkaXRzIjp7InJlc2l6ZSI6eyJ3aWR0aCI6NDAwfX19," IDR 1,815,000"
Nike Cortez Textile University Red Silt Red (Women's),Nike," IDR 1,250,000",https://cdn-old.kickavenue.com/eyJidWNrZXQiOiJraWNrYXZlbnVlLWFzc2V0cyIsImtleSI6InByb2R1Y3RzLzE0Mzg0Ni84NjIwZjYxZjk0OGRiMmNmY2RiZWI4NjkxN2FjZmVmOC5wbmciLCJlZGl0cyI6eyJyZXNpemUiOnsid2lkdGgiOjQwMH19fQ==," IDR 1,485,000"
Nike Air Force 1 Low Shadow Sail Tan (Women's),Nike," IDR 950,000",https://cdn-old.kickavenue.com/eyJidWNrZXQiOiJraWNrYXZlbnVlLWFzc2V0cyIsImtleSI6InByb2R1Y3RzLzU5NjY1L2FkOWZmYWU4YjkwYTg3ZDRjY2FhZWVhZTgxNDJkMTAzLmpwZWciLCJlZGl0cyI6eyJyZXNpemUiOnsid2lkdGgiOjQwMH19fQ==," IDR 1,897,500"
On Running Cloudspark Black Blueberry (Women's),ON Running," IDR 3,750,000",https://cdn-old.kickavenue.com/eyJidWNrZXQiOiJraWNrYXZlbnVlLWFzc2V0cyIsImtleSI6InByb2R1Y3RzLzEwOTMzNS85MjgxMzBiOTJlMjY5NjFjM2RmZTkzM2UxMmY3OGEyZi5wbmciLCJlZGl0cyI6eyJyZXNpemUiOnsid2lkdGgiOjQwMH19fQ==,
Air Jordan 3 Retro TEX Starfish (Women's),Air Jordan," IDR 1,600,000",https://cdn-old.kickavenue.com/eyJidWNrZXQiOiJraWNrYXZlbnVlLWFzc2V0cyIsImtleSI6InByb2R1Y3RzLzEzNjA4Mi9jOTkxYjQ4OGI0YTAxYjI0ZTdlMDBmN2IyM2MxN2E5Mi5wbmciLCJlZGl0cyI6eyJyZXNpemUiOnsid2lkdGgiOjQwMH19fQ==," IDR 3,382,500"
Nike Air Zoom Pegasus 41 White Magic Ember Bright Crimson (Women's),Nike," IDR 1,400,000",https://cdn-old.kickavenue.com/eyJidWNrZXQiOiJraWNrYXZlbnVlLWFzc2V0cyIsImtleSI6InByb2R1Y3RzLzE0Mzc4MC8zOTliOWRhNmEzYjZjYjlhMTRiOTc5NTcxY2VjZjhjNS5wbmciLCJlZGl0cyI6eyJyZXNpemUiOnsid2lkdGgiOjQwMH19fQ==," IDR 2,310,000"
ON Running Cloudmonster Void atmos YOZAKURA (Women's),ON Running," IDR 4,100,000",https://cdn-old.kickavenue.com/eyJidWNrZXQiOiJraWNrYXZlbnVlLWFzc2V0cyIsImtleSI6InByb2R1Y3RzLzEyODg3Ni8xMmEzZTNiZWQ3NDMyNjJhZjlhZGY0NjE1ZGMwMTU0YS5wbmciLCJlZGl0cyI6eyJyZXNpemUiOnsid2lkdGgiOjQwMH19fQ==,
Nike Air Max Sunder Court Blue Camo (Women's),Nike," IDR 1,700,000",https://cdn-old.kickavenue.com/eyJidWNrZXQiOiJraWNrYXZlbnVlLWFzc2V0cyIsImtleSI6InByb2R1Y3RzLzEzMjQ3NC8yMGVkNTViMTJjZjBmNTA0YWUxNTI1MDE2ZmU1NjY2NS5wbmciLCJlZGl0cyI6eyJyZXNpemUiOnsid2lkdGgiOjQwMH19fQ==," IDR 3,135,000"
Jordan 2 Retro Cool Grey (Women's),Air Jordan," IDR 1,350,000",https://cdn-old.kickavenue.com/eyJidWNrZXQiOiJraWNrYXZlbnVlLWFzc2V0cyIsImtleSI6InByb2R1Y3RzLzYwMjQ5LzhkNGUwNzBlZmNjM2YyODM4OGU0OTdjODE3OGMwYTEyLmpwZWciLCJlZGl0cyI6eyJyZXNpemUiOnsid2lkdGgiOjQwMH19fQ==," IDR 2,887,500"
Nike Dunk Low Avocado (Women's),Nike," IDR 2,600,000",https://cdn-old.kickavenue.com/eyJidWNrZXQiOiJraWNrYXZlbnVlLWFzc2V0cyIsImtleSI6InByb2R1Y3RzLzM5MjQ2L2U5Y2VlMGE1NzFkYjBlN2JlNTYxZjFhZDUwOTM0MmQyLnBuZyIsImVkaXRzIjp7InJlc2l6ZSI6eyJ3aWR0aCI6NDAwfX19,
Nike Air Max 90 Valentines Day (2021) (Women's),Nike," IDR 1,800,000",https://cdn-old.kickavenue.com/eyJidWNrZXQiOiJraWNrYXZlbnVlLWFzc2V0cyIsImtleSI6InByb2R1Y3RzLzE4Mjc1LzQzNWQzMzUwN2FiODViMDg1OTg0YTk1M2IzZDI4NDAzLnBuZyIsImVkaXRzIjp7InJlc2l6ZSI6eyJ3aWR0aCI6NDAwfX19," IDR 2,475,000"
Nike Air Max Excee Sail Black (Women's),Nike," IDR 850,000",https://cdn-old.kickavenue.com/eyJidWNrZXQiOiJraWNrYXZlbnVlLWFzc2V0cyIsImtleSI6InByb2R1Y3RzLzEwODAyNy9lYTJiMWI1YjIzOTNiZmNiOWM0MGY5NjE4YTdjZmVhOC5wbmciLCJlZGl0cyI6eyJyZXNpemUiOnsid2lkdGgiOjQwMH19fQ==,
Nike Air Max Excee Platinum Violet (Women's),Nike," IDR 700,000",https://cdn-old.kickavenue.com/eyJidWNrZXQiOiJraWNrYXZlbnVlLWFzc2V0cyIsImtleSI6InByb2R1Y3RzLzEwNzkzNy85MTkzY2JjNmI1YTNkNGJlOWIzZDFhY2RjNjZjN2U0OC5wbmciLCJlZGl0cyI6eyJyZXNpemUiOnsid2lkdGgiOjQwMH19fQ==,
Nike Blazer Mid Vintage Suede Black (Women's),Nike," IDR 1,250,000",https://cdn-old.kickavenue.com/eyJidWNrZXQiOiJraWNrYXZlbnVlLWFzc2V0cyIsImtleSI6InByb2R1Y3RzLzE5MDQ3L2YxODY3ODFkMGJlYTg1YTVhNDQ1MzIxNWQ0NTliZjE2LnBuZyIsImVkaXRzIjp7InJlc2l6ZSI6eyJ3aWR0aCI6NDAwfX19," IDR 1,402,500"
New Balance 327 Beige White Gum Pink (Women's),New Balance," IDR 1,500,000",https://cdn-old.kickavenue.com/eyJidWNrZXQiOiJraWNrYXZlbnVlLWFzc2V0cyIsImtleSI6InByb2R1Y3RzLzU2NzA5LzQ2N2RmMGJhYThmYzFkNjllN2VjZTBiNDM0OTk3OWM2LmpwZWciLCJlZGl0cyI6eyJyZXNpemUiOnsid2lkdGgiOjQwMH19fQ==," IDR 2,145,000"
New Balance 996v2 Reflection White Silver (Women's),New Balance," IDR 750,000",https://cdn-old.kickavenue.com/eyJidWNrZXQiOiJraWNrYXZlbnVlLWFzc2V0cyIsImtleSI6InByb2R1Y3RzLzEzNDgyNi82MmQ5OTVkNWUzOTg0YTBiOGQ2MTEwNTRmYWUxNjg4NC5wbmciLCJlZGl0cyI6eyJyZXNpemUiOnsid2lkdGgiOjQwMH19fQ==,
Nike Air Max Craze Black Bright Citrus (Women's),Nike," IDR 1,550,000",https://cdn-old.kickavenue.com/eyJidWNrZXQiOiJraWNrYXZlbnVlLWFzc2V0cyIsImtleSI6InByb2R1Y3RzLzEyOTUwOC8wYjA4Y2EyM2E2OTU0ODZlODRjYWEwNTY5ZGZkMzBiZC5wbmciLCJlZGl0cyI6eyJyZXNpemUiOnsid2lkdGgiOjQwMH19fQ==,
Air Jordan 1 Mid Cement Grey (Women's),Air Jordan," IDR 1,490,000",https://cdn-old.kickavenue.com/eyJidWNrZXQiOiJraWNrYXZlbnVlLWFzc2V0cyIsImtleSI6InByb2R1Y3RzLzU4MjA2Lzc4MWJkNjcyMGJiOWIyMTZjMjk0ZDJlMzdiN2MyZGE1LmpwZWciLCJlZGl0cyI6eyJyZXNpemUiOnsid2lkdGgiOjQwMH19fQ==," IDR 2,062,500"
Air Jordan 1 Low SE White Metallic Silver (Women's),Air Jordan," IDR 3,000,000",https://cdn-old.kickavenue.com/eyJidWNrZXQiOiJraWNrYXZlbnVlLWFzc2V0cyIsImtleSI6InByb2R1Y3RzLzE1Mjk4NC8zNmRmN2VjZTRlNjU5ZDUzN2ZjNmQ0NzUxNDc0ZDY5Mi5wbmciLCJlZGl0cyI6eyJyZXNpemUiOnsid2lkdGgiOjQwMH19fQ==,
Adidas Fluidflow 2.0 Cloud White (Women's),Adidas," IDR 650,000",https://cdn-old.kickavenue.com/eyJidWNrZXQiOiJraWNrYXZlbnVlLWFzc2V0cyIsImtleSI6InByb2R1Y3RzLzY5MTAyL2RjMDRkNDBiYTA4NjZjZmM4OTg3OGRjNjNjZTVmYWI3LnBuZyIsImVkaXRzIjp7InJlc2l6ZSI6eyJ3aWR0aCI6NDAwfX19,
Air Jordan 1 Low Deep Royal (Women's),Air Jordan," IDR 1,850,000",https://cdn-old.kickavenue.com/eyJidWNrZXQiOiJraWNrYXZlbnVlLWFzc2V0cyIsImtleSI6InByb2R1Y3RzLzI0NjUyL2ZmYjFlODlmOWRmNWJhZjk3M2NkODk5NzZlYTI2MGJmLnBuZyIsImVkaXRzIjp7InJlc2l6ZSI6eyJ3aWR0aCI6NDAwfX19,
Puma Speedcat Ballet Lace Frosted Ivory Ruby Shimmer (Women’s),Puma," IDR 1,770,000",https://cdn-old.kickavenue.com/eyJidWNrZXQiOiJraWNrYXZlbnVlLWFzc2V0cyIsImtleSI6InByb2R1Y3RzLzE1MjI0NC9hNDY5Yjc0MmE2NTI4YjExZTdkNTMwYjE2OWFmMTZmMC5wbmciLCJlZGl0cyI6eyJyZXNpemUiOnsid2lkdGgiOjQwMH19fQ==,
Nike P-6000 White Elemental Pink Metallic Silver (Women's),Nike," IDR 1,300,000",https://cdn-old.kickavenue.com/eyJidWNrZXQiOiJraWNrYXZlbnVlLWFzc2V0cyIsImtleSI6InByb2R1Y3RzLzEzNTcxNy8zZWQ5ZTViMGY3NjRhODVmOGY0NDVhNmJhYTQ4Njk5Yy5wbmciLCJlZGl0cyI6eyJyZXNpemUiOnsid2lkdGgiOjQwMH19fQ==," IDR 1,729,000"
Puma Speedcat Ballet Lace Ruby Shimmer Frosted Ivory (Women's),Puma," IDR 1,800,000",https://cdn-old.kickavenue.com/eyJidWNrZXQiOiJraWNrYXZlbnVlLWFzc2V0cyIsImtleSI6InByb2R1Y3RzLzE1MjI0My85ZWM2ODBhYmVkMzdmNDAwZTA5M2FjMGQ2MjQ1ZGVmZC5wbmciLCJlZGl0cyI6eyJyZXNpemUiOnsid2lkdGgiOjQwMH19fQ==,
Puma Speedcat Ballet Black Mauve Mist (Women's),Puma," IDR 1,250,000",https://cdn-old.kickavenue.com/eyJidWNrZXQiOiJraWNrYXZlbnVlLWFzc2V0cyIsImtleSI6InByb2R1Y3RzLzEyMzc0NS85MjViMDUyNWRlYzE2MjcxNGViN2Y0ZTBlMTE3NDhkNi5wbmciLCJlZGl0cyI6eyJyZXNpemUiOnsid2lkdGgiOjQwMH19fQ==," IDR 1,320,000"
Puma Speedcat Ballet Lace Silver (Women's),Puma," IDR 1,640,000",https://cdn-old.kickavenue.com/eyJidWNrZXQiOiJraWNrYXZlbnVlLWFzc2V0cyIsImtleSI6InByb2R1Y3RzLzE1MTY1MS9lOGQ0Y2FmMDViMjhjYjk3OTNlMGNhN2RiMjU0ZjJkMS5wbmciLCJlZGl0cyI6eyJyZXNpemUiOnsid2lkdGgiOjQwMH19fQ==,
Puma Speedcat Ballet Silver (Women's),Puma," IDR 1,100,000",https://cdn-old.kickavenue.com/eyJidWNrZXQiOiJraWNrYXZlbnVlLWFzc2V0cyIsImtleSI6InByb2R1Y3RzLzEyMzc0Ny9lNmM0OThmNDEzZGZmMzFiMTE0MWEwZWM0NTRiZjAwYS5wbmciLCJlZGl0cyI6eyJyZXNpemUiOnsid2lkdGgiOjQwMH19fQ==," IDR 1,299,000"
Puma Speedcat Ballet Dark Chocolate (Women's),Puma," IDR 1,260,000",https://cdn-old.kickavenue.com/eyJidWNrZXQiOiJraWNrYXZlbnVlLWFzc2V0cyIsImtleSI6InByb2R1Y3RzLzE0Mjk3My9jZjYxMGE4NWRjN2RiNTA5ZGI1YjU1YmMzOGNmOWJlZS5wbmciLCJlZGl0cyI6eyJyZXNpemUiOnsid2lkdGgiOjQwMH19fQ==,
Puma Speedcat Ballet Lace Black (Women's),Puma," IDR 1,530,000",https://cdn-old.kickavenue.com/eyJidWNrZXQiOiJraWNrYXZlbnVlLWFzc2V0cyIsImtleSI6InByb2R1Y3RzLzE1MTY5Mi83NWRiM2RiOTA5MTg0NDA2ZmEzYWEzNGViMmJjNTEyNi5wbmciLCJlZGl0cyI6eyJyZXNpemUiOnsid2lkdGgiOjQwMH19fQ==,
Adidas Samba Jane Preloved Brown (Women's),Adidas," IDR 1,810,000",https://cdn-old.kickavenue.com/eyJidWNrZXQiOiJraWNrYXZlbnVlLWFzc2V0cyIsImtleSI6InByb2R1Y3RzLzE1NTkwOS80MzZkMzY5YWU2ZjRkMjEwOWRhYWNkMmFhNjZlMzM4Mi5wbmciLCJlZGl0cyI6eyJyZXNpemUiOnsid2lkdGgiOjQwMH19fQ==,
Nike Dunk Low Cacao Wow (Women's),Nike," IDR 1,100,000",https://cdn-old.kickavenue.com/eyJidWNrZXQiOiJraWNrYXZlbnVlLWFzc2V0cyIsImtleSI6InByb2R1Y3RzLzYzMjgzL2MzYjZhODdkMzJjYzhlMzNlZWQ3NTMwMTI5ZjRmYWZiLnBuZyIsImVkaXRzIjp7InJlc2l6ZSI6eyJ3aWR0aCI6NDAwfX19," IDR 1,650,000"
Air Jordan 1 Low Wolf Grey (Women's),Air Jordan," IDR 860,000",https://cdn-old.kickavenue.com/eyJidWNrZXQiOiJraWNrYXZlbnVlLWFzc2V0cyIsImtleSI6InByb2R1Y3RzLzI0MDAwL2ZmZGM2ODhiNWE1ZTU2ZTAyYTkxZjdmYmVjZWIwYzg3LnBuZyIsImVkaXRzIjp7InJlc2l6ZSI6eyJ3aWR0aCI6NDAwfX19," IDR 2,970,000"
Adidas Samba Jane Cloud White Pink (Women's),Adidas," IDR 1,960,000",https://cdn-old.kickavenue.com/eyJidWNrZXQiOiJraWNrYXZlbnVlLWFzc2V0cyIsImtleSI6InByb2R1Y3RzLzEzMjkzOS83ZWU2YmZhNzE0MDQwYjc5MzA1MTQzZGM2YzgxZmIyOS5wbmciLCJlZGl0cyI6eyJyZXNpemUiOnsid2lkdGgiOjQwMH19fQ==,
Nike P-6000 White Metallic Silver Tattoo (Women's),Nike," IDR 1,530,000",https://cdn-old.kickavenue.com/eyJidWNrZXQiOiJraWNrYXZlbnVlLWFzc2V0cyIsImtleSI6InByb2R1Y3RzLzE1MTk5NS9jN2M1NWExZjg1MWNjM2RhMTIzNmNmMDIwZmMwNzIwMS5wbmciLCJlZGl0cyI6eyJyZXNpemUiOnsid2lkdGgiOjQwMH19fQ==," IDR 1,897,500"
Puma Speedcat Ballet Venus Jasmine Flower Warm White (Women's),Puma," IDR 1,540,000",https://cdn-old.kickavenue.com/eyJidWNrZXQiOiJraWNrYXZlbnVlLWFzc2V0cyIsImtleSI6InByb2R1Y3RzLzE1NTMxMS8zMjg4OGFmYjkzMTMwY2IwNzY4NTc2NzI2OTAxYWUyZS5wbmciLCJlZGl0cyI6eyJyZXNpemUiOnsid2lkdGgiOjQwMH19fQ==,
Nike P-6000 Silver Burgundy Plum Chalk (Women's),Nike," IDR 1,700,000",https://cdn-old.kickavenue.com/eyJidWNrZXQiOiJraWNrYXZlbnVlLWFzc2V0cyIsImtleSI6InByb2R1Y3RzLzE1MzQyMy85OGQ4MjEyZTQ4YjNjMzkyNTQ0M2VkMmVjMmI5YmE2ZC5wbmciLCJlZGl0cyI6eyJyZXNpemUiOnsid2lkdGgiOjQwMH19fQ==," IDR 1,815,000"
Puma Speedcat Ballet Lux Chocolate Gum (Women's),Puma," IDR 2,200,000",https://cdn-old.kickavenue.com/eyJidWNrZXQiOiJraWNrYXZlbnVlLWFzc2V0cyIsImtleSI6InByb2R1Y3RzLzE0Njk0NC9kMjhjZGVkZGU5Y2ViNzExYzZhNmZhMGVjNGZmMWU3MS5wbmciLCJlZGl0cyI6eyJyZXNpemUiOnsid2lkdGgiOjQwMH19fQ==,
Nike P-6000 Sail Light Bone Cream (Women's),Nike," IDR 1,750,000",https://cdn-old.kickavenue.com/eyJidWNrZXQiOiJraWNrYXZlbnVlLWFzc2V0cyIsImtleSI6InByb2R1Y3RzLzE0Mjk5MC84Y2M4MDJkMTRiMmYzZGI0MWU2YTlhZDljZTY2MzZjYi5wbmciLCJlZGl0cyI6eyJyZXNpemUiOnsid2lkdGgiOjQwMH19fQ==," IDR 2,062,500"
Puma Speedcat Ballet The Powerpuff Girls Silver Blue Wash (Women's),Puma," IDR 2,130,000",https://cdn-old.kickavenue.com/eyJidWNrZXQiOiJraWNrYXZlbnVlLWFzc2V0cyIsImtleSI6InByb2R1Y3RzLzE1NjUxNS9mZGFjYzk1MmEwZWM3NDQ4M2JiOTU3ZTA5MGZiMzFkOC5wbmciLCJlZGl0cyI6eyJyZXNpemUiOnsid2lkdGgiOjQwMH19fQ==,
Nike Moon Shoe SP Jacquemus Aluminum Pink (Women's),Nike," IDR 6,260,000",https://cdn-old.kickavenue.com/eyJidWNrZXQiOiJraWNrYXZlbnVlLWFzc2V0cyIsImtleSI6InByb2R1Y3RzLzE1NDY1Ny9mMGU1OGIyZDlkZWRkOWI3YzBjNjQ2ODY4M2RkYmI1MC5wbmciLCJlZGl0cyI6eyJyZXNpemUiOnsid2lkdGgiOjQwMH19fQ==,
Puma Speedcat Ballet Rosé White (Women's),Puma," IDR 1,150,000",https://cdn-old.kickavenue.com/eyJidWNrZXQiOiJraWNrYXZlbnVlLWFzc2V0cyIsImtleSI6InByb2R1Y3RzLzE0MDcwMS9lNDVmMTgxNjQ1ZDkzMTVjNDg3ZjMwOTMxMTYwNTY2NC5wbmciLCJlZGl0cyI6eyJyZXNpemUiOnsid2lkdGgiOjQwMH19fQ==," IDR 1,485,000"
Nike P-6000 Grey Fog Metallic Cool Grey (Women's),Nike," IDR 2,990,000",https://cdn-old.kickavenue.com/eyJidWNrZXQiOiJraWNrYXZlbnVlLWFzc2V0cyIsImtleSI6InByb2R1Y3RzLzE1NjI1MS85NTg4NmFiNGM1NzRmMTRmODA0MjU3MzM5YjAwYTVkNy5wbmciLCJlZGl0cyI6eyJyZXNpemUiOnsid2lkdGgiOjQwMH19fQ==,
Adidas Samba OG Cream White Sand Strata (Women's),Adidas," IDR 1,000,000",https://cdn-old.kickavenue.com/eyJidWNrZXQiOiJraWNrYXZlbnVlLWFzc2V0cyIsImtleSI6InByb2R1Y3RzLzk2Nzk2LzE4MmIyMzdhNjk5ODQyZmU0NTFmYjFmNjhlZWRmZmQzLnBuZyIsImVkaXRzIjp7InJlc2l6ZSI6eyJ3aWR0aCI6NDAwfX19,
Nike P-6000 White Silt Red Peony (Women's),Nike," IDR 1,500,000",https://cdn-old.kickavenue.com/eyJidWNrZXQiOiJraWNrYXZlbnVlLWFzc2V0cyIsImtleSI6InByb2R1Y3RzLzE1NDY1MC8wODQ4NmU5NjAzNjA3MTgxOGE1MGZiOGNlZWI4NDBjNS5wbmciLCJlZGl0cyI6eyJyZXNpemUiOnsid2lkdGgiOjQwMH19fQ==,
Nike P-6000 Silt Red Burgundy Crush (Women's),Nike," IDR 1,740,000",https://cdn-old.kickavenue.com/eyJidWNrZXQiOiJraWNrYXZlbnVlLWFzc2V0cyIsImtleSI6InByb2R1Y3RzLzE1MjkwOC9kYmFmMzY3NGMyMjNjODA2MTk0MDVmOWNmNTNmMDg0ZS5wbmciLCJlZGl0cyI6eyJyZXNpemUiOnsid2lkdGgiOjQwMH19fQ==," IDR 2,062,500"
Nike P-6000 White Blue Tint Sail Metallic Silver (Women's),Nike," IDR 1,650,000",https://cdn-old.kickavenue.com/eyJidWNrZXQiOiJraWNrYXZlbnVlLWFzc2V0cyIsImtleSI6InByb2R1Y3RzLzE0NTIxNy8wMzQzNjZmMjA3NDgwM2Y0OTA0NTgzYTlkZjhhOWVjNy5wbmciLCJlZGl0cyI6eyJyZXNpemUiOnsid2lkdGgiOjQwMH19fQ==,
Adidas Samba Jane Core Black Crystal Sand (Women's),Adidas," IDR 1,780,000",https://cdn-old.kickavenue.com/eyJidWNrZXQiOiJraWNrYXZlbnVlLWFzc2V0cyIsImtleSI6InByb2R1Y3RzLzE1NTkxMC9jOTQwMzUyYzQ4ZTFlNzM5NzE5MTJmOWUyOTdlNTQxZC5wbmciLCJlZGl0cyI6eyJyZXNpemUiOnsid2lkdGgiOjQwMH19fQ==,
Adidas Handball Spezial Wonder Mauve Alumina (Women's),Adidas," IDR 1,440,000",https://cdn-old.kickavenue.com/eyJidWNrZXQiOiJraWNrYXZlbnVlLWFzc2V0cyIsImtleSI6InByb2R1Y3RzLzE0NDI3Ny8wMjlhOWIxMTZhNDA4ZjBkMDczZDEzM2NkZjE2YmQxMi5wbmciLCJlZGl0cyI6eyJyZXNpemUiOnsid2lkdGgiOjQwMH19fQ==," IDR 1,650,000"
ASICS Gel-Kayano 14 White Midnight (Women's),ASICS," IDR 2,750,000",https://cdn-old.kickavenue.com/eyJidWNrZXQiOiJraWNrYXZlbnVlLWFzc2V0cyIsImtleSI6InByb2R1Y3RzLzYxMDUyL2FjOGRkYWRkN2Y4N2NjZTI3M2MyMTNmNDQ3YjBmNzQ3LmpwZWciLCJlZGl0cyI6eyJyZXNpemUiOnsid2lkdGgiOjQwMH19fQ==," IDR 2,970,000"
Puma Speedcat Ballet Venus Gray Sky (Women's),Puma," IDR 1,630,000",https://cdn-old.kickavenue.com/eyJidWNrZXQiOiJraWNrYXZlbnVlLWFzc2V0cyIsImtleSI6InByb2R1Y3RzLzE1NDA2Mi8wNzE3NjZjMDJjYmI0YjA3Mjc5OTFjZDAyZmNjNDliNC5wbmciLCJlZGl0cyI6eyJyZXNpemUiOnsid2lkdGgiOjQwMH19fQ==," IDR 1,650,000"
Adidas Samba Jane Maroon Cream White Gold Metallic (Women's),Adidas," IDR 1,950,000",https://cdn-old.kickavenue.com/eyJidWNrZXQiOiJraWNrYXZlbnVlLWFzc2V0cyIsImtleSI6InByb2R1Y3RzLzE1NDM0Ni8xNmQzNDc3ZTM0MzA3ZTFjYTJhNjM1Nzk5MDlkYWMyNy5wbmciLCJlZGl0cyI6eyJyZXNpemUiOnsid2lkdGgiOjQwMH19fQ==,
Nike Air Force 1 '07 White (Women's),Nike," IDR 650,000",https://cdn-old.kickavenue.com/eyJidWNrZXQiOiJraWNrYXZlbnVlLWFzc2V0cyIsImtleSI6InByb2R1Y3RzLzE2ODgyLzQ1ODlhZjkwZDg4YzgzOTUzNWVhYWE3NTQ2Y2U5NmI2LnBuZyIsImVkaXRzIjp7InJlc2l6ZSI6eyJ3aWR0aCI6NDAwfX19," IDR 1,485,000"
Puma Speedcat Ballet For All Time Red (Women's),Puma," IDR 1,060,000",https://cdn-old.kickavenue.com/eyJidWNrZXQiOiJraWNrYXZlbnVlLWFzc2V0cyIsImtleSI6InByb2R1Y3RzLzEzMTU0OS8zMWNlY2E0MzVhZmI1ZjRiMWIzNTk0MGUyNTAyYzdhNi5wbmciLCJlZGl0cyI6eyJyZXNpemUiOnsid2lkdGgiOjQwMH19fQ==,
Nike Dunk Low Next Nature White Mint (Women's),Nike," IDR 940,000",https://cdn-old.kickavenue.com/eyJidWNrZXQiOiJraWNrYXZlbnVlLWFzc2V0cyIsImtleSI6InByb2R1Y3RzLzMyNjI1LzIzNTM1ZWU0MzNkMDcwNGJkOWE2MGIzYmQ0YzgwMDRjLnBuZyIsImVkaXRzIjp7InJlc2l6ZSI6eyJ3aWR0aCI6NDAwfX19," IDR 1,549,000"
Nike P-6000 Platinum Violet Vast Grey (Women's),Nike," IDR 1,490,000",https://cdn-old.kickavenue.com/eyJidWNrZXQiOiJraWNrYXZlbnVlLWFzc2V0cyIsImtleSI6InByb2R1Y3RzLzEyNjEyNS8yYTU2NGJjODU1N2ZkZTFkYTU0NDM5OTNmMWI1OWIxYS5wbmciLCJlZGl0cyI6eyJyZXNpemUiOnsid2lkdGgiOjQwMH19fQ==,
Vans Premium Mary Jane Lowpro Jet Set Black (Women's),Vans," IDR 730,000",https://cdn-old.kickavenue.com/eyJidWNrZXQiOiJraWNrYXZlbnVlLWFzc2V0cyIsImtleSI6InByb2R1Y3RzLzE1MjY3MS81NjhjMmQyYjk3NzNjZWRiOTgwYzJhNjE2YmEzMGViNC5wbmciLCJlZGl0cyI6eyJyZXNpemUiOnsid2lkdGgiOjQwMH19fQ==,
Adidas Handball Spezial Green Pink Velvet (Women's),Adidas," IDR 1,460,000",https://cdn-old.kickavenue.com/eyJidWNrZXQiOiJraWNrYXZlbnVlLWFzc2V0cyIsImtleSI6InByb2R1Y3RzLzExODUzOS9jMTM1MGY4MjgxNDk5ZDk5OGU0ZDFhN2U5NTI1NTBiOS5wbmciLCJlZGl0cyI6eyJyZXNpemUiOnsid2lkdGgiOjQwMH19fQ==,
Puma Speedcat Premium Rosé Black (Women's),Puma," IDR 3,630,000",https://cdn-old.kickavenue.com/eyJidWNrZXQiOiJraWNrYXZlbnVlLWFzc2V0cyIsImtleSI6InByb2R1Y3RzLzE0MDczMC9mOWJiOTgyOGVlMWZjOWU4MmVlODM2MDIwNTQ3YjQ3NS5wbmciLCJlZGl0cyI6eyJyZXNpemUiOnsid2lkdGgiOjQwMH19fQ==,
Adidas Samba OG White Wonder Mauve (Women's),Adidas," IDR 1,020,000",https://cdn-old.kickavenue.com/eyJidWNrZXQiOiJraWNrYXZlbnVlLWFzc2V0cyIsImtleSI6InByb2R1Y3RzLzEzMjQzMi8xODk3OWJjYThmNmZiNWI1OWQ0ZWJmZjIxZjkxODRjMC5wbmciLCJlZGl0cyI6eyJyZXNpemUiOnsid2lkdGgiOjQwMH19fQ==,
Adidas Samba OG Leopard Preloved Red (Women's),Adidas," IDR 1,650,000",https://cdn-old.kickavenue.com/eyJidWNrZXQiOiJraWNrYXZlbnVlLWFzc2V0cyIsImtleSI6InByb2R1Y3RzLzEyMTcxMC8zZTJiNzgwOGUyY2UwNDcxMTU5OTlkYWQ2YmViMDIwYi5wbmciLCJlZGl0cyI6eyJyZXNpemUiOnsid2lkdGgiOjQwMH19fQ==,
Adidas Samba OG Maroon Off White Gum (Women's),Adidas," IDR 1,730,000",https://cdn-old.kickavenue.com/eyJidWNrZXQiOiJraWNrYXZlbnVlLWFzc2V0cyIsImtleSI6InByb2R1Y3RzLzE1MDQ3NS9mZWYzNGM2YTE5ZGYxZjVkODg4MjI1ZTBjNTQzZTY2Yy5wbmciLCJlZGl0cyI6eyJyZXNpemUiOnsid2lkdGgiOjQwMH19fQ==,
Adidas Samba Jane White Black Gum (Women's),Adidas," IDR 1,350,000",https://cdn-old.kickavenue.com/eyJidWNrZXQiOiJraWNrYXZlbnVlLWFzc2V0cyIsImtleSI6InByb2R1Y3RzLzEzMjkzNi9lYmU4MzQ0Yjk5YmRhMWQ3ZDEwMWRmNzM0YzlhMjdiZC5wbmciLCJlZGl0cyI6eyJyZXNpemUiOnsid2lkdGgiOjQwMH19fQ==,
Puma Speedcat Lovelace Ballet Rosy Outlook (Women's),Puma," IDR 1,550,000",https://cdn-old.kickavenue.com/eyJidWNrZXQiOiJraWNrYXZlbnVlLWFzc2V0cyIsImtleSI6InByb2R1Y3RzLzE1NTkxNC9hNTgzY2I5ZmVkMjcyODk1ZDU5ZTcyMjA1Zjc5MzUwOC5wbmciLCJlZGl0cyI6eyJyZXNpemUiOnsid2lkdGgiOjQwMH19fQ==,
Nike Vomero Premium Barely Green (Women's),Nike," IDR 5,900,000",https://cdn-old.kickavenue.com/eyJidWNrZXQiOiJraWNrYXZlbnVlLWFzc2V0cyIsImtleSI6InByb2R1Y3RzLzE1NjM4Ni83YmE0M2M2NWRjYjU2OTgwYmM1MTAzZmJhZjgxOTNhMy5wbmciLCJlZGl0cyI6eyJyZXNpemUiOnsid2lkdGgiOjQwMH19fQ==,
Adidas Adizero Evo SL White Black (Women's),Adidas," IDR 1,680,000",https://cdn-old.kickavenue.com/eyJidWNrZXQiOiJraWNrYXZlbnVlLWFzc2V0cyIsImtleSI6InByb2R1Y3RzLzEzMjU0NS9lY2FkNzk2YjAyZWE3YzQxMTIyMzg0ZjZiOGQwMzkyZi5wbmciLCJlZGl0cyI6eyJyZXNpemUiOnsid2lkdGgiOjQwMH19fQ==," IDR 2,500,000"
Nike Moon Shoe SP Jacquemus Fauna Brown (Women's),Nike," IDR 6,210,000",https://cdn-old.kickavenue.com/eyJidWNrZXQiOiJraWNrYXZlbnVlLWFzc2V0cyIsImtleSI6InByb2R1Y3RzLzE1NDY1OC80YzAxZjc2MDBhYTM0ZjRmMWJlODg5OTVlM2I5Nzc2Ny5wbmciLCJlZGl0cyI6eyJyZXNpemUiOnsid2lkdGgiOjQwMH19fQ==,
Adidas Samba LT Black White Gum (Women's),Adidas," IDR 1,330,000",https://cdn-old.kickavenue.com/eyJidWNrZXQiOiJraWNrYXZlbnVlLWFzc2V0cyIsImtleSI6InByb2R1Y3RzLzExMjM3NS9kNDg2MTk1ODc5OWIxZDNlZDJiMmE4YTcyYjYzNzcyMC5wbmciLCJlZGl0cyI6eyJyZXNpemUiOnsid2lkdGgiOjQwMH19fQ==,
Puma Speedcat Ballet Whisp of Pink (Women's),Puma," IDR 1,210,000",https://cdn-old.kickavenue.com/eyJidWNrZXQiOiJraWNrYXZlbnVlLWFzc2V0cyIsImtleSI6InByb2R1Y3RzLzEyODAwOC8zZGM4OTk2Njg0YmE0ODA1MzE4ZDhjNWJjMDU3MjJiNC5wbmciLCJlZGl0cyI6eyJyZXNpemUiOnsid2lkdGgiOjQwMH19fQ==," IDR 1,299,000"
Adidas Samba Jane Sandy Pink Cream White Gum (Women's),Adidas," IDR 1,600,000",https://cdn-old.kickavenue.com/eyJidWNrZXQiOiJraWNrYXZlbnVlLWFzc2V0cyIsImtleSI6InByb2R1Y3RzLzE1NTkxMS84OGY5YzkzYmZlNjA1ZWYyZjczYjU1M2FkZDZhNGYyNy5wbmciLCJlZGl0cyI6eyJyZXNpemUiOnsid2lkdGgiOjQwMH19fQ==,
Nike Vomero Plus White Dark Hazel Sanddrift Gold (Women's),Nike," IDR 1,300,000",https://cdn-old.kickavenue.com/eyJidWNrZXQiOiJraWNrYXZlbnVlLWFzc2V0cyIsImtleSI6InByb2R1Y3RzLzE1MjAxOC9hNjE4MmJiMDFhY2NjNDhmY2ZmZTQ3NDM1NzFjNjg1MC5wbmciLCJlZGl0cyI6eyJyZXNpemUiOnsid2lkdGgiOjQwMH19fQ==," IDR 3,135,000"
Adidas Samba Jane Crystal Sky Cream White (Women's),Adidas," IDR 1,700,000",https://cdn-old.kickavenue.com/eyJidWNrZXQiOiJraWNrYXZlbnVlLWFzc2V0cyIsImtleSI6InByb2R1Y3RzLzE1NjcyOC8xMzZhZWE2MzBhMjZmMWVkYzJjMTI4MDUxOWFjOTkyOC5wbmciLCJlZGl0cyI6eyJyZXNpemUiOnsid2lkdGgiOjQwMH19fQ==," IDR 1,815,000"
Air Jordan 1 Low Panda (2023) (Women's),Air Jordan," IDR 1,320,000",https://cdn-old.kickavenue.com/eyJidWNrZXQiOiJraWNrYXZlbnVlLWFzc2V0cyIsImtleSI6InByb2R1Y3RzLzU4NDI0LzEyMTgyYzU1NzNiZDY1YjA0OTYzYTllMTkyNGQ2ZWI3LnBuZyIsImVkaXRzIjp7InJlc2l6ZSI6eyJ3aWR0aCI6NDAwfX19," IDR 1,815,000"
Nike Dunk Low Gorge Green Navy (Women's),Nike," IDR 1,180,000",https://cdn-old.kickavenue.com/eyJidWNrZXQiOiJraWNrYXZlbnVlLWFzc2V0cyIsImtleSI6InByb2R1Y3RzLzQxMTQ4L2Q5N2M0YzgyM2Q4ODQ1ZDE3NzkyOGU2NzBiNThmMjUxLnBuZyIsImVkaXRzIjp7InJlc2l6ZSI6eyJ3aWR0aCI6NDAwfX19," IDR 1,549,000"
Puma Speedcat Ballet Lace Frosted Ivory Ruby Shimmer (Women’s),Puma," IDR 1,770,000",https://cdn-old.kickavenue.com/eyJidWNrZXQiOiJraWNrYXZlbnVlLWFzc2V0cyIsImtleSI6InByb2R1Y3RzLzE1MjI0NC9hNDY5Yjc0MmE2NTI4YjExZTdkNTMwYjE2OWFmMTZmMC5wbmciLCJlZGl0cyI6eyJyZXNpemUiOnsid2lkdGgiOjQwMH19fQ==,
Nike P-6000 White Elemental Pink Metallic Silver (Women's),Nike," IDR 1,300,000",https://cdn-old.kickavenue.com/eyJidWNrZXQiOiJraWNrYXZlbnVlLWFzc2V0cyIsImtleSI6InByb2R1Y3RzLzEzNTcxNy8zZWQ5ZTViMGY3NjRhODVmOGY0NDVhNmJhYTQ4Njk5Yy5wbmciLCJlZGl0cyI6eyJyZXNpemUiOnsid2lkdGgiOjQwMH19fQ==," IDR 1,729,000"
Puma Speedcat Ballet Lace Ruby Shimmer Frosted Ivory (Women's),Puma," IDR 1,800,000",https://cdn-old.kickavenue.com/eyJidWNrZXQiOiJraWNrYXZlbnVlLWFzc2V0cyIsImtleSI6InByb2R1Y3RzLzE1MjI0My85ZWM2ODBhYmVkMzdmNDAwZTA5M2FjMGQ2MjQ1ZGVmZC5wbmciLCJlZGl0cyI6eyJyZXNpemUiOnsid2lkdGgiOjQwMH19fQ==,
Puma Speedcat Ballet Black Mauve Mist (Women's),Puma," IDR 1,250,000",https://cdn-old.kickavenue.com/eyJidWNrZXQiOiJraWNrYXZlbnVlLWFzc2V0cyIsImtleSI6InByb2R1Y3RzLzEyMzc0NS85MjViMDUyNWRlYzE2MjcxNGViN2Y0ZTBlMTE3NDhkNi5wbmciLCJlZGl0cyI6eyJyZXNpemUiOnsid2lkdGgiOjQwMH19fQ==," IDR 1,320,000"
Puma Speedcat Ballet Lace Silver (Women's),Puma," IDR 1,640,000",https://cdn-old.kickavenue.com/eyJidWNrZXQiOiJraWNrYXZlbnVlLWFzc2V0cyIsImtleSI6InByb2R1Y3RzLzE1MTY1MS9lOGQ0Y2FmMDViMjhjYjk3OTNlMGNhN2RiMjU0ZjJkMS5wbmciLCJlZGl0cyI6eyJyZXNpemUiOnsid2lkdGgiOjQwMH19fQ==,
Puma Speedcat Ballet Silver (Women's),Puma," IDR 1,100,000",https://cdn-old.kickavenue.com/eyJidWNrZXQiOiJraWNrYXZlbnVlLWFzc2V0cyIsImtleSI6InByb2R1Y3RzLzEyMzc0Ny9lNmM0OThmNDEzZGZmMzFiMTE0MWEwZWM0NTRiZjAwYS5wbmciLCJlZGl0cyI6eyJyZXNpemUiOnsid2lkdGgiOjQwMH19fQ==," IDR 1,299,000"
Puma Speedcat Ballet Dark Chocolate (Women's),Puma," IDR 1,260,000",https://cdn-old.kickavenue.com/eyJidWNrZXQiOiJraWNrYXZlbnVlLWFzc2V0cyIsImtleSI6InByb2R1Y3RzLzE0Mjk3My9jZjYxMGE4NWRjN2RiNTA5ZGI1YjU1YmMzOGNmOWJlZS5wbmciLCJlZGl0cyI6eyJyZXNpemUiOnsid2lkdGgiOjQwMH19fQ==,
Puma Speedcat Ballet Lace Black (Women's),Puma," IDR 1,530,000",https://cdn-old.kickavenue.com/eyJidWNrZXQiOiJraWNrYXZlbnVlLWFzc2V0cyIsImtleSI6InByb2R1Y3RzLzE1MTY5Mi83NWRiM2RiOTA5MTg0NDA2ZmEzYWEzNGViMmJjNTEyNi5wbmciLCJlZGl0cyI6eyJyZXNpemUiOnsid2lkdGgiOjQwMH19fQ==,
Adidas Samba Jane Preloved Brown (Women's),Adidas," IDR 1,810,000",https://cdn-old.kickavenue.com/eyJidWNrZXQiOiJraWNrYXZlbnVlLWFzc2V0cyIsImtleSI6InByb2R1Y3RzLzE1NTkwOS80MzZkMzY5YWU2ZjRkMjEwOWRhYWNkMmFhNjZlMzM4Mi5wbmciLCJlZGl0cyI6eyJyZXNpemUiOnsid2lkdGgiOjQwMH19fQ==,
Nike Dunk Low Cacao Wow (Women's),Nike," IDR 1,100,000",https://cdn-old.kickavenue.com/eyJidWNrZXQiOiJraWNrYXZlbnVlLWFzc2V0cyIsImtleSI6InByb2R1Y3RzLzYzMjgzL2MzYjZhODdkMzJjYzhlMzNlZWQ3NTMwMTI5ZjRmYWZiLnBuZyIsImVkaXRzIjp7InJlc2l6ZSI6eyJ3aWR0aCI6NDAwfX19," IDR 1,650,000"
Air Jordan 1 Low Wolf Grey (Women's),Air Jordan," IDR 860,000",https://cdn-old.kickavenue.com/eyJidWNrZXQiOiJraWNrYXZlbnVlLWFzc2V0cyIsImtleSI6InByb2R1Y3RzLzI0MDAwL2ZmZGM2ODhiNWE1ZTU2ZTAyYTkxZjdmYmVjZWIwYzg3LnBuZyIsImVkaXRzIjp7InJlc2l6ZSI6eyJ3aWR0aCI6NDAwfX19," IDR 2,970,000"
Adidas Samba Jane Cloud White Pink (Women's),Adidas," IDR 1,960,000",https://cdn-old.kickavenue.com/eyJidWNrZXQiOiJraWNrYXZlbnVlLWFzc2V0cyIsImtleSI6InByb2R1Y3RzLzEzMjkzOS83ZWU2YmZhNzE0MDQwYjc5MzA1MTQzZGM2YzgxZmIyOS5wbmciLCJlZGl0cyI6eyJyZXNpemUiOnsid2lkdGgiOjQwMH19fQ==,
Nike P-6000 White Metallic Silver Tattoo (Women's),Nike," IDR 1,530,000",https://cdn-old.kickavenue.com/eyJidWNrZXQiOiJraWNrYXZlbnVlLWFzc2V0cyIsImtleSI6InByb2R1Y3RzLzE1MTk5NS9jN2M1NWExZjg1MWNjM2RhMTIzNmNmMDIwZmMwNzIwMS5wbmciLCJlZGl0cyI6eyJyZXNpemUiOnsid2lkdGgiOjQwMH19fQ==," IDR 1,897,500"
Puma Speedcat Ballet Venus Jasmine Flower Warm White (Women's),Puma," IDR 1,540,000",https://cdn-old.kickavenue.com/eyJidWNrZXQiOiJraWNrYXZlbnVlLWFzc2V0cyIsImtleSI6InByb2R1Y3RzLzE1NTMxMS8zMjg4OGFmYjkzMTMwY2IwNzY4NTc2NzI2OTAxYWUyZS5wbmciLCJlZGl0cyI6eyJyZXNpemUiOnsid2lkdGgiOjQwMH19fQ==,
Nike P-6000 Silver Burgundy Plum Chalk (Women's),Nike," IDR 1,700,000",https://cdn-old.kickavenue.com/eyJidWNrZXQiOiJraWNrYXZlbnVlLWFzc2V0cyIsImtleSI6InByb2R1Y3RzLzE1MzQyMy85OGQ4MjEyZTQ4YjNjMzkyNTQ0M2VkMmVjMmI5YmE2ZC5wbmciLCJlZGl0cyI6eyJyZXNpemUiOnsid2lkdGgiOjQwMH19fQ==," IDR 1,815,000"
Puma Speedcat Ballet Lux Chocolate Gum (Women's),Puma," IDR 2,200,000",https://cdn-old.kickavenue.com/eyJidWNrZXQiOiJraWNrYXZlbnVlLWFzc2V0cyIsImtleSI6InByb2R1Y3RzLzE0Njk0NC9kMjhjZGVkZGU5Y2ViNzExYzZhNmZhMGVjNGZmMWU3MS5wbmciLCJlZGl0cyI6eyJyZXNpemUiOnsid2lkdGgiOjQwMH19fQ==,
Nike P-6000 Sail Light Bone Cream (Women's),Nike," IDR 1,750,000",https://cdn-old.kickavenue.com/eyJidWNrZXQiOiJraWNrYXZlbnVlLWFzc2V0cyIsImtleSI6InByb2R1Y3RzLzE0Mjk5MC84Y2M4MDJkMTRiMmYzZGI0MWU2YTlhZDljZTY2MzZjYi5wbmciLCJlZGl0cyI6eyJyZXNpemUiOnsid2lkdGgiOjQwMH19fQ==," IDR 2,062,500"
Puma Speedcat Ballet The Powerpuff Girls Silver Blue Wash (Women's),Puma," IDR 2,130,000",https://cdn-old.kickavenue.com/eyJidWNrZXQiOiJraWNrYXZlbnVlLWFzc2V0cyIsImtleSI6InByb2R1Y3RzLzE1NjUxNS9mZGFjYzk1MmEwZWM3NDQ4M2JiOTU3ZTA5MGZiMzFkOC5wbmciLCJlZGl0cyI6eyJyZXNpemUiOnsid2lkdGgiOjQwMH19fQ==,
Nike Moon Shoe SP Jacquemus Aluminum Pink (Women's),Nike," IDR 6,260,000",https://cdn-old.kickavenue.com/eyJidWNrZXQiOiJraWNrYXZlbnVlLWFzc2V0cyIsImtleSI6InByb2R1Y3RzLzE1NDY1Ny9mMGU1OGIyZDlkZWRkOWI3YzBjNjQ2ODY4M2RkYmI1MC5wbmciLCJlZGl0cyI6eyJyZXNpemUiOnsid2lkdGgiOjQwMH19fQ==,
Puma Speedcat Ballet Rosé White (Women's),Puma," IDR 1,150,000",https://cdn-old.kickavenue.com/eyJidWNrZXQiOiJraWNrYXZlbnVlLWFzc2V0cyIsImtleSI6InByb2R1Y3RzLzE0MDcwMS9lNDVmMTgxNjQ1ZDkzMTVjNDg3ZjMwOTMxMTYwNTY2NC5wbmciLCJlZGl0cyI6eyJyZXNpemUiOnsid2lkdGgiOjQwMH19fQ==," IDR 1,485,000"
Nike P-6000 Grey Fog Metallic Cool Grey (Women's),Nike," IDR 2,990,000",https://cdn-old.kickavenue.com/eyJidWNrZXQiOiJraWNrYXZlbnVlLWFzc2V0cyIsImtleSI6InByb2R1Y3RzLzE1NjI1MS85NTg4NmFiNGM1NzRmMTRmODA0MjU3MzM5YjAwYTVkNy5wbmciLCJlZGl0cyI6eyJyZXNpemUiOnsid2lkdGgiOjQwMH19fQ==,
Adidas Samba OG Cream White Sand Strata (Women's),Adidas," IDR 1,000,000",https://cdn-old.kickavenue.com/eyJidWNrZXQiOiJraWNrYXZlbnVlLWFzc2V0cyIsImtleSI6InByb2R1Y3RzLzk2Nzk2LzE4MmIyMzdhNjk5ODQyZmU0NTFmYjFmNjhlZWRmZmQzLnBuZyIsImVkaXRzIjp7InJlc2l6ZSI6eyJ3aWR0aCI6NDAwfX19,
Nike P-6000 White Silt Red Peony (Women's),Nike," IDR 1,500,000",https://cdn-old.kickavenue.com/eyJidWNrZXQiOiJraWNrYXZlbnVlLWFzc2V0cyIsImtleSI6InByb2R1Y3RzLzE1NDY1MC8wODQ4NmU5NjAzNjA3MTgxOGE1MGZiOGNlZWI4NDBjNS5wbmciLCJlZGl0cyI6eyJyZXNpemUiOnsid2lkdGgiOjQwMH19fQ==,
Nike P-6000 Silt Red Burgundy Crush (Women's),Nike," IDR 1,740,000",https://cdn-old.kickavenue.com/eyJidWNrZXQiOiJraWNrYXZlbnVlLWFzc2V0cyIsImtleSI6InByb2R1Y3RzLzE1MjkwOC9kYmFmMzY3NGMyMjNjODA2MTk0MDVmOWNmNTNmMDg0ZS5wbmciLCJlZGl0cyI6eyJyZXNpemUiOnsid2lkdGgiOjQwMH19fQ==," IDR 2,062,500"
Nike P-6000 White Blue Tint Sail Metallic Silver (Women's),Nike," IDR 1,650,000",https://cdn-old.kickavenue.com/eyJidWNrZXQiOiJraWNrYXZlbnVlLWFzc2V0cyIsImtleSI6InByb2R1Y3RzLzE0NTIxNy8wMzQzNjZmMjA3NDgwM2Y0OTA0NTgzYTlkZjhhOWVjNy5wbmciLCJlZGl0cyI6eyJyZXNpemUiOnsid2lkdGgiOjQwMH19fQ==,
Adidas Samba Jane Core Black Crystal Sand (Women's),Adidas," IDR 1,780,000",https://cdn-old.kickavenue.com/eyJidWNrZXQiOiJraWNrYXZlbnVlLWFzc2V0cyIsImtleSI6InByb2R1Y3RzLzE1NTkxMC9jOTQwMzUyYzQ4ZTFlNzM5NzE5MTJmOWUyOTdlNTQxZC5wbmciLCJlZGl0cyI6eyJyZXNpemUiOnsid2lkdGgiOjQwMH19fQ==,
Adidas Handball Spezial Wonder Mauve Alumina (Women's),Adidas," IDR 1,440,000",https://cdn-old.kickavenue.com/eyJidWNrZXQiOiJraWNrYXZlbnVlLWFzc2V0cyIsImtleSI6InByb2R1Y3RzLzE0NDI3Ny8wMjlhOWIxMTZhNDA4ZjBkMDczZDEzM2NkZjE2YmQxMi5wbmciLCJlZGl0cyI6eyJyZXNpemUiOnsid2lkdGgiOjQwMH19fQ==," IDR 1,650,000"
ASICS Gel-Kayano 14 White Midnight (Women's),ASICS," IDR 2,750,000",https://cdn-old.kickavenue.com/eyJidWNrZXQiOiJraWNrYXZlbnVlLWFzc2V0cyIsImtleSI6InByb2R1Y3RzLzYxMDUyL2FjOGRkYWRkN2Y4N2NjZTI3M2MyMTNmNDQ3YjBmNzQ3LmpwZWciLCJlZGl0cyI6eyJyZXNpemUiOnsid2lkdGgiOjQwMH19fQ==," IDR 2,970,000"
Puma Speedcat Ballet Venus Gray Sky (Women's),Puma," IDR 1,630,000",https://cdn-old.kickavenue.com/eyJidWNrZXQiOiJraWNrYXZlbnVlLWFzc2V0cyIsImtleSI6InByb2R1Y3RzLzE1NDA2Mi8wNzE3NjZjMDJjYmI0YjA3Mjc5OTFjZDAyZmNjNDliNC5wbmciLCJlZGl0cyI6eyJyZXNpemUiOnsid2lkdGgiOjQwMH19fQ==," IDR 1,650,000"
Adidas Samba Jane Maroon Cream White Gold Metallic (Women's),Adidas," IDR 1,950,000",https://cdn-old.kickavenue.com/eyJidWNrZXQiOiJraWNrYXZlbnVlLWFzc2V0cyIsImtleSI6InByb2R1Y3RzLzE1NDM0Ni8xNmQzNDc3ZTM0MzA3ZTFjYTJhNjM1Nzk5MDlkYWMyNy5wbmciLCJlZGl0cyI6eyJyZXNpemUiOnsid2lkdGgiOjQwMH19fQ==,
Nike Air Force 1 '07 White (Women's),Nike," IDR 650,000",https://cdn-old.kickavenue.com/eyJidWNrZXQiOiJraWNrYXZlbnVlLWFzc2V0cyIsImtleSI6InByb2R1Y3RzLzE2ODgyLzQ1ODlhZjkwZDg4YzgzOTUzNWVhYWE3NTQ2Y2U5NmI2LnBuZyIsImVkaXRzIjp7InJlc2l6ZSI6eyJ3aWR0aCI6NDAwfX19," IDR 1,485,000"
Puma Speedcat Ballet For All Time Red (Women's),Puma," IDR 1,060,000",https://cdn-old.kickavenue.com/eyJidWNrZXQiOiJraWNrYXZlbnVlLWFzc2V0cyIsImtleSI6InByb2R1Y3RzLzEzMTU0OS8zMWNlY2E0MzVhZmI1ZjRiMWIzNTk0MGUyNTAyYzdhNi5wbmciLCJlZGl0cyI6eyJyZXNpemUiOnsid2lkdGgiOjQwMH19fQ==,
Nike Dunk Low Next Nature White Mint (Women's),Nike," IDR 940,000",https://cdn-old.kickavenue.com/eyJidWNrZXQiOiJraWNrYXZlbnVlLWFzc2V0cyIsImtleSI6InByb2R1Y3RzLzMyNjI1LzIzNTM1ZWU0MzNkMDcwNGJkOWE2MGIzYmQ0YzgwMDRjLnBuZyIsImVkaXRzIjp7InJlc2l6ZSI6eyJ3aWR0aCI6NDAwfX19," IDR 1,549,000"
Nike P-6000 Platinum Violet Vast Grey (Women's),Nike," IDR 1,490,000",https://cdn-old.kickavenue.com/eyJidWNrZXQiOiJraWNrYXZlbnVlLWFzc2V0cyIsImtleSI6InByb2R1Y3RzLzEyNjEyNS8yYTU2NGJjODU1N2ZkZTFkYTU0NDM5OTNmMWI1OWIxYS5wbmciLCJlZGl0cyI6eyJyZXNpemUiOnsid2lkdGgiOjQwMH19fQ==,
Vans Premium Mary Jane Lowpro Jet Set Black (Women's),Vans," IDR 730,000",https://cdn-old.kickavenue.com/eyJidWNrZXQiOiJraWNrYXZlbnVlLWFzc2V0cyIsImtleSI6InByb2R1Y3RzLzE1MjY3MS81NjhjMmQyYjk3NzNjZWRiOTgwYzJhNjE2YmEzMGViNC5wbmciLCJlZGl0cyI6eyJyZXNpemUiOnsid2lkdGgiOjQwMH19fQ==,
Adidas Handball Spezial Green Pink Velvet (Women's),Adidas," IDR 1,460,000",https://cdn-old.kickavenue.com/eyJidWNrZXQiOiJraWNrYXZlbnVlLWFzc2V0cyIsImtleSI6InByb2R1Y3RzLzExODUzOS9jMTM1MGY4MjgxNDk5ZDk5OGU0ZDFhN2U5NTI1NTBiOS5wbmciLCJlZGl0cyI6eyJyZXNpemUiOnsid2lkdGgiOjQwMH19fQ==,
Puma Speedcat Premium Rosé Black (Women's),Puma," IDR 3,630,000",https://cdn-old.kickavenue.com/eyJidWNrZXQiOiJraWNrYXZlbnVlLWFzc2V0cyIsImtleSI6InByb2R1Y3RzLzE0MDczMC9mOWJiOTgyOGVlMWZjOWU4MmVlODM2MDIwNTQ3YjQ3NS5wbmciLCJlZGl0cyI6eyJyZXNpemUiOnsid2lkdGgiOjQwMH19fQ==,
Adidas Samba OG White Wonder Mauve (Women's),Adidas," IDR 1,020,000",https://cdn-old.kickavenue.com/eyJidWNrZXQiOiJraWNrYXZlbnVlLWFzc2V0cyIsImtleSI6InByb2R1Y3RzLzEzMjQzMi8xODk3OWJjYThmNmZiNWI1OWQ0ZWJmZjIxZjkxODRjMC5wbmciLCJlZGl0cyI6eyJyZXNpemUiOnsid2lkdGgiOjQwMH19fQ==,
Adidas Samba OG Leopard Preloved Red (Women's),Adidas," IDR 1,650,000",https://cdn-old.kickavenue.com/eyJidWNrZXQiOiJraWNrYXZlbnVlLWFzc2V0cyIsImtleSI6InByb2R1Y3RzLzEyMTcxMC8zZTJiNzgwOGUyY2UwNDcxMTU5OTlkYWQ2YmViMDIwYi5wbmciLCJlZGl0cyI6eyJyZXNpemUiOnsid2lkdGgiOjQwMH19fQ==,
Adidas Samba OG Maroon Off White Gum (Women's),Adidas," IDR 1,730,000",https://cdn-old.kickavenue.com/eyJidWNrZXQiOiJraWNrYXZlbnVlLWFzc2V0cyIsImtleSI6InByb2R1Y3RzLzE1MDQ3NS9mZWYzNGM2YTE5ZGYxZjVkODg4MjI1ZTBjNTQzZTY2Yy5wbmciLCJlZGl0cyI6eyJyZXNpemUiOnsid2lkdGgiOjQwMH19fQ==,
Adidas Samba Jane White Black Gum (Women's),Adidas," IDR 1,350,000",https://cdn-old.kickavenue.com/eyJidWNrZXQiOiJraWNrYXZlbnVlLWFzc2V0cyIsImtleSI6InByb2R1Y3RzLzEzMjkzNi9lYmU4MzQ0Yjk5YmRhMWQ3ZDEwMWRmNzM0YzlhMjdiZC5wbmciLCJlZGl0cyI6eyJyZXNpemUiOnsid2lkdGgiOjQwMH19fQ==,
Puma Speedcat Lovelace Ballet Rosy Outlook (Women's),Puma," IDR 1,550,000",https://cdn-old.kickavenue.com/eyJidWNrZXQiOiJraWNrYXZlbnVlLWFzc2V0cyIsImtleSI6InByb2R1Y3RzLzE1NTkxNC9hNTgzY2I5ZmVkMjcyODk1ZDU5ZTcyMjA1Zjc5MzUwOC5wbmciLCJlZGl0cyI6eyJyZXNpemUiOnsid2lkdGgiOjQwMH19fQ==,
Nike Vomero Premium Barely Green (Women's),Nike," IDR 5,900,000",https://cdn-old.kickavenue.com/eyJidWNrZXQiOiJraWNrYXZlbnVlLWFzc2V0cyIsImtleSI6InByb2R1Y3RzLzE1NjM4Ni83YmE0M2M2NWRjYjU2OTgwYmM1MTAzZmJhZjgxOTNhMy5wbmciLCJlZGl0cyI6eyJyZXNpemUiOnsid2lkdGgiOjQwMH19fQ==,
Adidas Adizero Evo SL White Black (Women's),Adidas," IDR 1,680,000",https://cdn-old.kickavenue.com/eyJidWNrZXQiOiJraWNrYXZlbnVlLWFzc2V0cyIsImtleSI6InByb2R1Y3RzLzEzMjU0NS9lY2FkNzk2YjAyZWE3YzQxMTIyMzg0ZjZiOGQwMzkyZi5wbmciLCJlZGl0cyI6eyJyZXNpemUiOnsid2lkdGgiOjQwMH19fQ==," IDR 2,500,000"
Nike Moon Shoe SP Jacquemus Fauna Brown (Women's),Nike," IDR 6,210,000",https://cdn-old.kickavenue.com/eyJidWNrZXQiOiJraWNrYXZlbnVlLWFzc2V0cyIsImtleSI6InByb2R1Y3RzLzE1NDY1OC80YzAxZjc2MDBhYTM0ZjRmMWJlODg5OTVlM2I5Nzc2Ny5wbmciLCJlZGl0cyI6eyJyZXNpemUiOnsid2lkdGgiOjQwMH19fQ==,
Adidas Samba LT Black White Gum (Women's),Adidas," IDR 1,330,000",https://cdn-old.kickavenue.com/eyJidWNrZXQiOiJraWNrYXZlbnVlLWFzc2V0cyIsImtleSI6InByb2R1Y3RzLzExMjM3NS9kNDg2MTk1ODc5OWIxZDNlZDJiMmE4YTcyYjYzNzcyMC5wbmciLCJlZGl0cyI6eyJyZXNpemUiOnsid2lkdGgiOjQwMH19fQ==,
Puma Speedcat Ballet Whisp of Pink (Women's),Puma," IDR 1,210,000",https://cdn-old.kickavenue.com/eyJidWNrZXQiOiJraWNrYXZlbnVlLWFzc2V0cyIsImtleSI6InByb2R1Y3RzLzEyODAwOC8zZGM4OTk2Njg0YmE0ODA1MzE4ZDhjNWJjMDU3MjJiNC5wbmciLCJlZGl0cyI6eyJyZXNpemUiOnsid2lkdGgiOjQwMH19fQ==," IDR 1,299,000"
Adidas Samba Jane Sandy Pink Cream White Gum (Women's),Adidas," IDR 1,600,000",https://cdn-old.kickavenue.com/eyJidWNrZXQiOiJraWNrYXZlbnVlLWFzc2V0cyIsImtleSI6InByb2R1Y3RzLzE1NTkxMS84OGY5YzkzYmZlNjA1ZWYyZjczYjU1M2FkZDZhNGYyNy5wbmciLCJlZGl0cyI6eyJyZXNpemUiOnsid2lkdGgiOjQwMH19fQ==,
Nike Vomero Plus White Dark Hazel Sanddrift Gold (Women's),Nike," IDR 1,300,000",https://cdn-old.kickavenue.com/eyJidWNrZXQiOiJraWNrYXZlbnVlLWFzc2V0cyIsImtleSI6InByb2R1Y3RzLzE1MjAxOC9hNjE4MmJiMDFhY2NjNDhmY2ZmZTQ3NDM1NzFjNjg1MC5wbmciLCJlZGl0cyI6eyJyZXNpemUiOnsid2lkdGgiOjQwMH19fQ==," IDR 3,135,000"
Adidas Samba Jane Crystal Sky Cream White (Women's),Adidas," IDR 1,700,000",https://cdn-old.kickavenue.com/eyJidWNrZXQiOiJraWNrYXZlbnVlLWFzc2V0cyIsImtleSI6InByb2R1Y3RzLzE1NjcyOC8xMzZhZWE2MzBhMjZmMWVkYzJjMTI4MDUxOWFjOTkyOC5wbmciLCJlZGl0cyI6eyJyZXNpemUiOnsid2lkdGgiOjQwMH19fQ==," IDR 1,815,000"
Air Jordan 1 Low Panda (2023) (Women's),Air Jordan," IDR 1,320,000",https://cdn-old.kickavenue.com/eyJidWNrZXQiOiJraWNrYXZlbnVlLWFzc2V0cyIsImtleSI6InByb2R1Y3RzLzU4NDI0LzEyMTgyYzU1NzNiZDY1YjA0OTYzYTllMTkyNGQ2ZWI3LnBuZyIsImVkaXRzIjp7InJlc2l6ZSI6eyJ3aWR0aCI6NDAwfX19," IDR 1,815,000"
Nike Dunk Low Gorge Green Navy (Women's),Nike," IDR 1,180,000",https://cdn-old.kickavenue.com/eyJidWNrZXQiOiJraWNrYXZlbnVlLWFzc2V0cyIsImtleSI6InByb2R1Y3RzLzQxMTQ4L2Q5N2M0YzgyM2Q4ODQ1ZDE3NzkyOGU2NzBiNThmMjUxLnBuZyIsImVkaXRzIjp7InJlc2l6ZSI6eyJ3aWR0aCI6NDAwfX19," IDR 1,549,000"
Puma Speedcat Ballet Lace Frosted Ivory Ruby Shimmer (Women’s),Puma," IDR 1,770,000",https://cdn-old.kickavenue.com/eyJidWNrZXQiOiJraWNrYXZlbnVlLWFzc2V0cyIsImtleSI6InByb2R1Y3RzLzE1MjI0NC9hNDY5Yjc0MmE2NTI4YjExZTdkNTMwYjE2OWFmMTZmMC5wbmciLCJlZGl0cyI6eyJyZXNpemUiOnsid2lkdGgiOjQwMH19fQ==,
Nike P-6000 White Elemental Pink Metallic Silver (Women's),Nike," IDR 1,300,000",https://cdn-old.kickavenue.com/eyJidWNrZXQiOiJraWNrYXZlbnVlLWFzc2V0cyIsImtleSI6InByb2R1Y3RzLzEzNTcxNy8zZWQ5ZTViMGY3NjRhODVmOGY0NDVhNmJhYTQ4Njk5Yy5wbmciLCJlZGl0cyI6eyJyZXNpemUiOnsid2lkdGgiOjQwMH19fQ==," IDR 1,729,000"
Puma Speedcat Ballet Lace Ruby Shimmer Frosted Ivory (Women's),Puma," IDR 1,800,000",https://cdn-old.kickavenue.com/eyJidWNrZXQiOiJraWNrYXZlbnVlLWFzc2V0cyIsImtleSI6InByb2R1Y3RzLzE1MjI0My85ZWM2ODBhYmVkMzdmNDAwZTA5M2FjMGQ2MjQ1ZGVmZC5wbmciLCJlZGl0cyI6eyJyZXNpemUiOnsid2lkdGgiOjQwMH19fQ==,
Puma Speedcat Ballet Black Mauve Mist (Women's),Puma," IDR 1,250,000",https://cdn-old.kickavenue.com/eyJidWNrZXQiOiJraWNrYXZlbnVlLWFzc2V0cyIsImtleSI6InByb2R1Y3RzLzEyMzc0NS85MjViMDUyNWRlYzE2MjcxNGViN2Y0ZTBlMTE3NDhkNi5wbmciLCJlZGl0cyI6eyJyZXNpemUiOnsid2lkdGgiOjQwMH19fQ==," IDR 1,320,000"
Puma Speedcat Ballet Lace Silver (Women's),Puma," IDR 1,640,000",https://cdn-old.kickavenue.com/eyJidWNrZXQiOiJraWNrYXZlbnVlLWFzc2V0cyIsImtleSI6InByb2R1Y3RzLzE1MTY1MS9lOGQ0Y2FmMDViMjhjYjk3OTNlMGNhN2RiMjU0ZjJkMS5wbmciLCJlZGl0cyI6eyJyZXNpemUiOnsid2lkdGgiOjQwMH19fQ==,
Puma Speedcat Ballet Silver (Women's),Puma," IDR 1,100,000",https://cdn-old.kickavenue.com/eyJidWNrZXQiOiJraWNrYXZlbnVlLWFzc2V0cyIsImtleSI6InByb2R1Y3RzLzEyMzc0Ny9lNmM0OThmNDEzZGZmMzFiMTE0MWEwZWM0NTRiZjAwYS5wbmciLCJlZGl0cyI6eyJyZXNpemUiOnsid2lkdGgiOjQwMH19fQ==," IDR 1,299,000"
Puma Speedcat Ballet Dark Chocolate (Women's),Puma," IDR 1,260,000",https://cdn-old.kickavenue.com/eyJidWNrZXQiOiJraWNrYXZlbnVlLWFzc2V0cyIsImtleSI6InByb2R1Y3RzLzE0Mjk3My9jZjYxMGE4NWRjN2RiNTA5ZGI1YjU1YmMzOGNmOWJlZS5wbmciLCJlZGl0cyI6eyJyZXNpemUiOnsid2lkdGgiOjQwMH19fQ==,
Puma Speedcat Ballet Lace Black (Women's),Puma," IDR 1,530,000",https://cdn-old.kickavenue.com/eyJidWNrZXQiOiJraWNrYXZlbnVlLWFzc2V0cyIsImtleSI6InByb2R1Y3RzLzE1MTY5Mi83NWRiM2RiOTA5MTg0NDA2ZmEzYWEzNGViMmJjNTEyNi5wbmciLCJlZGl0cyI6eyJyZXNpemUiOnsid2lkdGgiOjQwMH19fQ==,
Adidas Samba Jane Preloved Brown (Women's),Adidas," IDR 1,810,000",https://cdn-old.kickavenue.com/eyJidWNrZXQiOiJraWNrYXZlbnVlLWFzc2V0cyIsImtleSI6InByb2R1Y3RzLzE1NTkwOS80MzZkMzY5YWU2ZjRkMjEwOWRhYWNkMmFhNjZlMzM4Mi5wbmciLCJlZGl0cyI6eyJyZXNpemUiOnsid2lkdGgiOjQwMH19fQ==,
Nike Dunk Low Cacao Wow (Women's),Nike," IDR 1,100,000",https://cdn-old.kickavenue.com/eyJidWNrZXQiOiJraWNrYXZlbnVlLWFzc2V0cyIsImtleSI6InByb2R1Y3RzLzYzMjgzL2MzYjZhODdkMzJjYzhlMzNlZWQ3NTMwMTI5ZjRmYWZiLnBuZyIsImVkaXRzIjp7InJlc2l6ZSI6eyJ3aWR0aCI6NDAwfX19," IDR 1,650,000"
Air Jordan 1 Low Wolf Grey (Women's),Air Jordan," IDR 860,000",https://cdn-old.kickavenue.com/eyJidWNrZXQiOiJraWNrYXZlbnVlLWFzc2V0cyIsImtleSI6InByb2R1Y3RzLzI0MDAwL2ZmZGM2ODhiNWE1ZTU2ZTAyYTkxZjdmYmVjZWIwYzg3LnBuZyIsImVkaXRzIjp7InJlc2l6ZSI6eyJ3aWR0aCI6NDAwfX19," IDR 2,970,000"
Adidas Samba Jane Cloud White Pink (Women's),Adidas," IDR 1,960,000",https://cdn-old.kickavenue.com/eyJidWNrZXQiOiJraWNrYXZlbnVlLWFzc2V0cyIsImtleSI6InByb2R1Y3RzLzEzMjkzOS83ZWU2YmZhNzE0MDQwYjc5MzA1MTQzZGM2YzgxZmIyOS5wbmciLCJlZGl0cyI6eyJyZXNpemUiOnsid2lkdGgiOjQwMH19fQ==,
Nike P-6000 White Metallic Silver Tattoo (Women's),Nike," IDR 1,530,000",https://cdn-old.kickavenue.com/eyJidWNrZXQiOiJraWNrYXZlbnVlLWFzc2V0cyIsImtleSI6InByb2R1Y3RzLzE1MTk5NS9jN2M1NWExZjg1MWNjM2RhMTIzNmNmMDIwZmMwNzIwMS5wbmciLCJlZGl0cyI6eyJyZXNpemUiOnsid2lkdGgiOjQwMH19fQ==," IDR 1,897,500"
Puma Speedcat Ballet Venus Jasmine Flower Warm White (Women's),Puma," IDR 1,540,000",https://cdn-old.kickavenue.com/eyJidWNrZXQiOiJraWNrYXZlbnVlLWFzc2V0cyIsImtleSI6InByb2R1Y3RzLzE1NTMxMS8zMjg4OGFmYjkzMTMwY2IwNzY4NTc2NzI2OTAxYWUyZS5wbmciLCJlZGl0cyI6eyJyZXNpemUiOnsid2lkdGgiOjQwMH19fQ==,
Nike P-6000 Silver Burgundy Plum Chalk (Women's),Nike," IDR 1,700,000",https://cdn-old.kickavenue.com/eyJidWNrZXQiOiJraWNrYXZlbnVlLWFzc2V0cyIsImtleSI6InByb2R1Y3RzLzE1MzQyMy85OGQ4MjEyZTQ4YjNjMzkyNTQ0M2VkMmVjMmI5YmE2ZC5wbmciLCJlZGl0cyI6eyJyZXNpemUiOnsid2lkdGgiOjQwMH19fQ==," IDR 1,815,000"
Puma Speedcat Ballet Lux Chocolate Gum (Women's),Puma," IDR 2,200,000",https://cdn-old.kickavenue.com/eyJidWNrZXQiOiJraWNrYXZlbnVlLWFzc2V0cyIsImtleSI6InByb2R1Y3RzLzE0Njk0NC9kMjhjZGVkZGU5Y2ViNzExYzZhNmZhMGVjNGZmMWU3MS5wbmciLCJlZGl0cyI6eyJyZXNpemUiOnsid2lkdGgiOjQwMH19fQ==,
Nike P-6000 Sail Light Bone Cream (Women's),Nike," IDR 1,750,000",https://cdn-old.kickavenue.com/eyJidWNrZXQiOiJraWNrYXZlbnVlLWFzc2V0cyIsImtleSI6InByb2R1Y3RzLzE0Mjk5MC84Y2M4MDJkMTRiMmYzZGI0MWU2YTlhZDljZTY2MzZjYi5wbmciLCJlZGl0cyI6eyJyZXNpemUiOnsid2lkdGgiOjQwMH19fQ==," IDR 2,062,500"
Puma Speedcat Ballet The Powerpuff Girls Silver Blue Wash (Women's),Puma," IDR 2,130,000",https://cdn-old.kickavenue.com/eyJidWNrZXQiOiJraWNrYXZlbnVlLWFzc2V0cyIsImtleSI6InByb2R1Y3RzLzE1NjUxNS9mZGFjYzk1MmEwZWM3NDQ4M2JiOTU3ZTA5MGZiMzFkOC5wbmciLCJlZGl0cyI6eyJyZXNpemUiOnsid2lkdGgiOjQwMH19fQ==,
Nike Moon Shoe SP Jacquemus Aluminum Pink (Women's),Nike," IDR 6,260,000",https://cdn-old.kickavenue.com/eyJidWNrZXQiOiJraWNrYXZlbnVlLWFzc2V0cyIsImtleSI6InByb2R1Y3RzLzE1NDY1Ny9mMGU1OGIyZDlkZWRkOWI3YzBjNjQ2ODY4M2RkYmI1MC5wbmciLCJlZGl0cyI6eyJyZXNpemUiOnsid2lkdGgiOjQwMH19fQ==,
Puma Speedcat Ballet Rosé White (Women's),Puma," IDR 1,150,000",https://cdn-old.kickavenue.com/eyJidWNrZXQiOiJraWNrYXZlbnVlLWFzc2V0cyIsImtleSI6InByb2R1Y3RzLzE0MDcwMS9lNDVmMTgxNjQ1ZDkzMTVjNDg3ZjMwOTMxMTYwNTY2NC5wbmciLCJlZGl0cyI6eyJyZXNpemUiOnsid2lkdGgiOjQwMH19fQ==," IDR 1,485,000"
Nike P-6000 Grey Fog Metallic Cool Grey (Women's),Nike," IDR 2,990,000",https://cdn-old.kickavenue.com/eyJidWNrZXQiOiJraWNrYXZlbnVlLWFzc2V0cyIsImtleSI6InByb2R1Y3RzLzE1NjI1MS85NTg4NmFiNGM1NzRmMTRmODA0MjU3MzM5YjAwYTVkNy5wbmciLCJlZGl0cyI6eyJyZXNpemUiOnsid2lkdGgiOjQwMH19fQ==,
Adidas Samba OG Cream White Sand Strata (Women's),Adidas," IDR 1,000,000",https://cdn-old.kickavenue.com/eyJidWNrZXQiOiJraWNrYXZlbnVlLWFzc2V0cyIsImtleSI6InByb2R1Y3RzLzk2Nzk2LzE4MmIyMzdhNjk5ODQyZmU0NTFmYjFmNjhlZWRmZmQzLnBuZyIsImVkaXRzIjp7InJlc2l6ZSI6eyJ3aWR0aCI6NDAwfX19,
Nike P-6000 White Silt Red Peony (Women's),Nike," IDR 1,500,000",https://cdn-old.kickavenue.com/eyJidWNrZXQiOiJraWNrYXZlbnVlLWFzc2V0cyIsImtleSI6InByb2R1Y3RzLzE1NDY1MC8wODQ4NmU5NjAzNjA3MTgxOGE1MGZiOGNlZWI4NDBjNS5wbmciLCJlZGl0cyI6eyJyZXNpemUiOnsid2lkdGgiOjQwMH19fQ==,
Nike P-6000 Silt Red Burgundy Crush (Women's),Nike," IDR 1,740,000",https://cdn-old.kickavenue.com/eyJidWNrZXQiOiJraWNrYXZlbnVlLWFzc2V0cyIsImtleSI6InByb2R1Y3RzLzE1MjkwOC9kYmFmMzY3NGMyMjNjODA2MTk0MDVmOWNmNTNmMDg0ZS5wbmciLCJlZGl0cyI6eyJyZXNpemUiOnsid2lkdGgiOjQwMH19fQ==," IDR 2,062,500"
Nike P-6000 White Blue Tint Sail Metallic Silver (Women's),Nike," IDR 1,650,000",https://cdn-old.kickavenue.com/eyJidWNrZXQiOiJraWNrYXZlbnVlLWFzc2V0cyIsImtleSI6InByb2R1Y3RzLzE0NTIxNy8wMzQzNjZmMjA3NDgwM2Y0OTA0NTgzYTlkZjhhOWVjNy5wbmciLCJlZGl0cyI6eyJyZXNpemUiOnsid2lkdGgiOjQwMH19fQ==,
Adidas Samba Jane Core Black Crystal Sand (Women's),Adidas," IDR 1,780,000",https://cdn-old.kickavenue.com/eyJidWNrZXQiOiJraWNrYXZlbnVlLWFzc2V0cyIsImtleSI6InByb2R1Y3RzLzE1NTkxMC9jOTQwMzUyYzQ4ZTFlNzM5NzE5MTJmOWUyOTdlNTQxZC5wbmciLCJlZGl0cyI6eyJyZXNpemUiOnsid2lkdGgiOjQwMH19fQ==,
Adidas Handball Spezial Wonder Mauve Alumina (Women's),Adidas," IDR 1,440,000",https://cdn-old.kickavenue.com/eyJidWNrZXQiOiJraWNrYXZlbnVlLWFzc2V0cyIsImtleSI6InByb2R1Y3RzLzE0NDI3Ny8wMjlhOWIxMTZhNDA4ZjBkMDczZDEzM2NkZjE2YmQxMi5wbmciLCJlZGl0cyI6eyJyZXNpemUiOnsid2lkdGgiOjQwMH19fQ==," IDR 1,650,000"
ASICS Gel-Kayano 14 White Midnight (Women's),ASICS," IDR 2,750,000",https://cdn-old.kickavenue.com/eyJidWNrZXQiOiJraWNrYXZlbnVlLWFzc2V0cyIsImtleSI6InByb2R1Y3RzLzYxMDUyL2FjOGRkYWRkN2Y4N2NjZTI3M2MyMTNmNDQ3YjBmNzQ3LmpwZWciLCJlZGl0cyI6eyJyZXNpemUiOnsid2lkdGgiOjQwMH19fQ==," IDR 2,970,000"
Puma Speedcat Ballet Venus Gray Sky (Women's),Puma," IDR 1,630,000",https://cdn-old.kickavenue.com/eyJidWNrZXQiOiJraWNrYXZlbnVlLWFzc2V0cyIsImtleSI6InByb2R1Y3RzLzE1NDA2Mi8wNzE3NjZjMDJjYmI0YjA3Mjc5OTFjZDAyZmNjNDliNC5wbmciLCJlZGl0cyI6eyJyZXNpemUiOnsid2lkdGgiOjQwMH19fQ==," IDR 1,650,000"
Adidas Samba Jane Maroon Cream White Gold Metallic (Women's),Adidas," IDR 1,950,000",https://cdn-old.kickavenue.com/eyJidWNrZXQiOiJraWNrYXZlbnVlLWFzc2V0cyIsImtleSI6InByb2R1Y3RzLzE1NDM0Ni8xNmQzNDc3ZTM0MzA3ZTFjYTJhNjM1Nzk5MDlkYWMyNy5wbmciLCJlZGl0cyI6eyJyZXNpemUiOnsid2lkdGgiOjQwMH19fQ==,
Nike Air Force 1 '07 White (Women's),Nike," IDR 650,000",https://cdn-old.kickavenue.com/eyJidWNrZXQiOiJraWNrYXZlbnVlLWFzc2V0cyIsImtleSI6InByb2R1Y3RzLzE2ODgyLzQ1ODlhZjkwZDg4YzgzOTUzNWVhYWE3NTQ2Y2U5NmI2LnBuZyIsImVkaXRzIjp7InJlc2l6ZSI6eyJ3aWR0aCI6NDAwfX19," IDR 1,485,000"
Puma Speedcat Ballet For All Time Red (Women's),Puma," IDR 1,060,000",https://cdn-old.kickavenue.com/eyJidWNrZXQiOiJraWNrYXZlbnVlLWFzc2V0cyIsImtleSI6InByb2R1Y3RzLzEzMTU0OS8zMWNlY2E0MzVhZmI1ZjRiMWIzNTk0MGUyNTAyYzdhNi5wbmciLCJlZGl0cyI6eyJyZXNpemUiOnsid2lkdGgiOjQwMH19fQ==,
Nike Dunk Low Next Nature White Mint (Women's),Nike," IDR 940,000",https://cdn-old.kickavenue.com/eyJidWNrZXQiOiJraWNrYXZlbnVlLWFzc2V0cyIsImtleSI6InByb2R1Y3RzLzMyNjI1LzIzNTM1ZWU0MzNkMDcwNGJkOWE2MGIzYmQ0YzgwMDRjLnBuZyIsImVkaXRzIjp7InJlc2l6ZSI6eyJ3aWR0aCI6NDAwfX19," IDR 1,549,000"
Nike P-6000 Platinum Violet Vast Grey (Women's),Nike," IDR 1,490,000",https://cdn-old.kickavenue.com/eyJidWNrZXQiOiJraWNrYXZlbnVlLWFzc2V0cyIsImtleSI6InByb2R1Y3RzLzEyNjEyNS8yYTU2NGJjODU1N2ZkZTFkYTU0NDM5OTNmMWI1OWIxYS5wbmciLCJlZGl0cyI6eyJyZXNpemUiOnsid2lkdGgiOjQwMH19fQ==,
Vans Premium Mary Jane Lowpro Jet Set Black (Women's),Vans," IDR 730,000",https://cdn-old.kickavenue.com/eyJidWNrZXQiOiJraWNrYXZlbnVlLWFzc2V0cyIsImtleSI6InByb2R1Y3RzLzE1MjY3MS81NjhjMmQyYjk3NzNjZWRiOTgwYzJhNjE2YmEzMGViNC5wbmciLCJlZGl0cyI6eyJyZXNpemUiOnsid2lkdGgiOjQwMH19fQ==,
Adidas Handball Spezial Green Pink Velvet (Women's),Adidas," IDR 1,460,000",https://cdn-old.kickavenue.com/eyJidWNrZXQiOiJraWNrYXZlbnVlLWFzc2V0cyIsImtleSI6InByb2R1Y3RzLzExODUzOS9jMTM1MGY4MjgxNDk5ZDk5OGU0ZDFhN2U5NTI1NTBiOS5wbmciLCJlZGl0cyI6eyJyZXNpemUiOnsid2lkdGgiOjQwMH19fQ==,
Puma Speedcat Premium Rosé Black (Women's),Puma," IDR 3,630,000",https://cdn-old.kickavenue.com/eyJidWNrZXQiOiJraWNrYXZlbnVlLWFzc2V0cyIsImtleSI6InByb2R1Y3RzLzE0MDczMC9mOWJiOTgyOGVlMWZjOWU4MmVlODM2MDIwNTQ3YjQ3NS5wbmciLCJlZGl0cyI6eyJyZXNpemUiOnsid2lkdGgiOjQwMH19fQ==,
Adidas Samba OG White Wonder Mauve (Women's),Adidas," IDR 1,020,000",https://cdn-old.kickavenue.com/eyJidWNrZXQiOiJraWNrYXZlbnVlLWFzc2V0cyIsImtleSI6InByb2R1Y3RzLzEzMjQzMi8xODk3OWJjYThmNmZiNWI1OWQ0ZWJmZjIxZjkxODRjMC5wbmciLCJlZGl0cyI6eyJyZXNpemUiOnsid2lkdGgiOjQwMH19fQ==,
Adidas Samba OG Leopard Preloved Red (Women's),Adidas," IDR 1,650,000",https://cdn-old.kickavenue.com/eyJidWNrZXQiOiJraWNrYXZlbnVlLWFzc2V0cyIsImtleSI6InByb2R1Y3RzLzEyMTcxMC8zZTJiNzgwOGUyY2UwNDcxMTU5OTlkYWQ2YmViMDIwYi5wbmciLCJlZGl0cyI6eyJyZXNpemUiOnsid2lkdGgiOjQwMH19fQ==,
Adidas Samba OG Maroon Off White Gum (Women's),Adidas," IDR 1,730,000",https://cdn-old.kickavenue.com/eyJidWNrZXQiOiJraWNrYXZlbnVlLWFzc2V0cyIsImtleSI6InByb2R1Y3RzLzE1MDQ3NS9mZWYzNGM2YTE5ZGYxZjVkODg4MjI1ZTBjNTQzZTY2Yy5wbmciLCJlZGl0cyI6eyJyZXNpemUiOnsid2lkdGgiOjQwMH19fQ==,
Adidas Samba Jane White Black Gum (Women's),Adidas," IDR 1,350,000",https://cdn-old.kickavenue.com/eyJidWNrZXQiOiJraWNrYXZlbnVlLWFzc2V0cyIsImtleSI6InByb2R1Y3RzLzEzMjkzNi9lYmU4MzQ0Yjk5YmRhMWQ3ZDEwMWRmNzM0YzlhMjdiZC5wbmciLCJlZGl0cyI6eyJyZXNpemUiOnsid2lkdGgiOjQwMH19fQ==,
Puma Speedcat Lovelace Ballet Rosy Outlook (Women's),Puma," IDR 1,550,000",https://cdn-old.kickavenue.com/eyJidWNrZXQiOiJraWNrYXZlbnVlLWFzc2V0cyIsImtleSI6InByb2R1Y3RzLzE1NTkxNC9hNTgzY2I5ZmVkMjcyODk1ZDU5ZTcyMjA1Zjc5MzUwOC5wbmciLCJlZGl0cyI6eyJyZXNpemUiOnsid2lkdGgiOjQwMH19fQ==,
Nike Vomero Premium Barely Green (Women's),Nike," IDR 5,900,000",https://cdn-old.kickavenue.com/eyJidWNrZXQiOiJraWNrYXZlbnVlLWFzc2V0cyIsImtleSI6InByb2R1Y3RzLzE1NjM4Ni83YmE0M2M2NWRjYjU2OTgwYmM1MTAzZmJhZjgxOTNhMy5wbmciLCJlZGl0cyI6eyJyZXNpemUiOnsid2lkdGgiOjQwMH19fQ==,
Adidas Adizero Evo SL White Black (Women's),Adidas," IDR 1,680,000",https://cdn-old.kickavenue.com/eyJidWNrZXQiOiJraWNrYXZlbnVlLWFzc2V0cyIsImtleSI6InByb2R1Y3RzLzEzMjU0NS9lY2FkNzk2YjAyZWE3YzQxMTIyMzg0ZjZiOGQwMzkyZi5wbmciLCJlZGl0cyI6eyJyZXNpemUiOnsid2lkdGgiOjQwMH19fQ==," IDR 2,500,000"
Nike Moon Shoe SP Jacquemus Fauna Brown (Women's),Nike," IDR 6,210,000",https://cdn-old.kickavenue.com/eyJidWNrZXQiOiJraWNrYXZlbnVlLWFzc2V0cyIsImtleSI6InByb2R1Y3RzLzE1NDY1OC80YzAxZjc2MDBhYTM0ZjRmMWJlODg5OTVlM2I5Nzc2Ny5wbmciLCJlZGl0cyI6eyJyZXNpemUiOnsid2lkdGgiOjQwMH19fQ==,
Adidas Samba LT Black White Gum (Women's),Adidas," IDR 1,330,000",https://cdn-old.kickavenue.com/eyJidWNrZXQiOiJraWNrYXZlbnVlLWFzc2V0cyIsImtleSI6InByb2R1Y3RzLzExMjM3NS9kNDg2MTk1ODc5OWIxZDNlZDJiMmE4YTcyYjYzNzcyMC5wbmciLCJlZGl0cyI6eyJyZXNpemUiOnsid2lkdGgiOjQwMH19fQ==,
Puma Speedcat Ballet Whisp of Pink (Women's),Puma," IDR 1,210,000",https://cdn-old.kickavenue.com/eyJidWNrZXQiOiJraWNrYXZlbnVlLWFzc2V0cyIsImtleSI6InByb2R1Y3RzLzEyODAwOC8zZGM4OTk2Njg0YmE0ODA1MzE4ZDhjNWJjMDU3MjJiNC5wbmciLCJlZGl0cyI6eyJyZXNpemUiOnsid2lkdGgiOjQwMH19fQ==," IDR 1,299,000"
Adidas Samba Jane Sandy Pink Cream White Gum (Women's),Adidas," IDR 1,600,000",https://cdn-old.kickavenue.com/eyJidWNrZXQiOiJraWNrYXZlbnVlLWFzc2V0cyIsImtleSI6InByb2R1Y3RzLzE1NTkxMS84OGY5YzkzYmZlNjA1ZWYyZjczYjU1M2FkZDZhNGYyNy5wbmciLCJlZGl0cyI6eyJyZXNpemUiOnsid2lkdGgiOjQwMH19fQ==,
Nike Vomero Plus White Dark Hazel Sanddrift Gold (Women's),Nike," IDR 1,300,000",https://cdn-old.kickavenue.com/eyJidWNrZXQiOiJraWNrYXZlbnVlLWFzc2V0cyIsImtleSI6InByb2R1Y3RzLzE1MjAxOC9hNjE4MmJiMDFhY2NjNDhmY2ZmZTQ3NDM1NzFjNjg1MC5wbmciLCJlZGl0cyI6eyJyZXNpemUiOnsid2lkdGgiOjQwMH19fQ==," IDR 3,135,000"
Adidas Samba Jane Crystal Sky Cream White (Women's),Adidas," IDR 1,700,000",https://cdn-old.kickavenue.com/eyJidWNrZXQiOiJraWNrYXZlbnVlLWFzc2V0cyIsImtleSI6InByb2R1Y3RzLzE1NjcyOC8xMzZhZWE2MzBhMjZmMWVkYzJjMTI4MDUxOWFjOTkyOC5wbmciLCJlZGl0cyI6eyJyZXNpemUiOnsid2lkdGgiOjQwMH19fQ==," IDR 1,815,000"
Air Jordan 1 Low Panda (2023) (Women's),Air Jordan," IDR 1,320,000",https://cdn-old.kickavenue.com/eyJidWNrZXQiOiJraWNrYXZlbnVlLWFzc2V0cyIsImtleSI6InByb2R1Y3RzLzU4NDI0LzEyMTgyYzU1NzNiZDY1YjA0OTYzYTllMTkyNGQ2ZWI3LnBuZyIsImVkaXRzIjp7InJlc2l6ZSI6eyJ3aWR0aCI6NDAwfX19," IDR 1,815,000"
Nike Dunk Low Gorge Green Navy (Women's),Nike," IDR 1,180,000",https://cdn-old.kickavenue.com/eyJidWNrZXQiOiJraWNrYXZlbnVlLWFzc2V0cyIsImtleSI6InByb2R1Y3RzLzQxMTQ4L2Q5N2M0YzgyM2Q4ODQ1ZDE3NzkyOGU2NzBiNThmMjUxLnBuZyIsImVkaXRzIjp7InJlc2l6ZSI6eyJ3aWR0aCI6NDAwfX19," IDR 1,549,000"
